Multiple size <= 100
TEST 1 ARG:88 85 60 52 26 28 41 97 15 30 33 37 19 86 82 27 53 61 92 96 46 12 74 54 1 36 99 13 78 2 58 98 95 24 79 40 10 93 75 80 87 18 49 64 76 32 17 20 65 66 11 31 67 4 29 71 47 44 57 90 62 94 23 0 77 3 89 35 72 5 8 81 43 45 48 51 50 9 22 7 16 63 84 55 38 14 83 6 70 91 59 39 34 21 56 42 73 25 68 69 
TEST 2 ARG:75 26 78 69 10 83 73 54 90 44 19 8 47 55 72 59 64 13 14 81 7 82 50 91 25 97 48 37 45 34 29 36 86 39 62 17 93 77 43 12 98 49 30 57 94 63 88 71 41 56 58 87 28 11 60 5 33 23 6 65 3 15 32 38 18 4 0 79 66 53 46 27 51 85 70 92 31 21 67 16 52 20 22 24 42 95 74 76 2 61 89 96 68 84 99 35 9 40 1 80 
TEST 2 ARG:75 26 78 69 10 83 73 54 90 44 19 8 47 55 72 59 64 13 14 81 7 82 50 91 25 97 48 37 45 34 29 36 86 39 62 17 93 77 43 12 98 49 30 57 94 63 88 71 41 56 58 87 28 11 60 5 33 23 6 65 3 15 32 38 18 4 0 79 66 53 46 27 51 85 70 92 31 21 67 16 52 20 22 24 42 95 74 76 2 61 89 96 68 84 99 35 9 40 1 80 
TEST 3 ARG:80 16 90 24 87 49 91 9 88 41 46 79 6 56 20 76 43 51 47 84 29 30 65 10 57 12 31 95 54 59 94 37 40 0 89 50 11 52 71 58 13 2 25 61 98 96 77 66 26 14 48 70 8 68 93 83 78 72 21 38 27 63 39 5 97 86 1 62 42 53 81 44 64 15 85 28 36 34 32 99 22 33 45 55 60 35 92 7 17 18 3 4 69 82 73 75 74 19 67 23 
TEST 3 ARG:80 16 90 24 87 49 91 9 88 41 46 79 6 56 20 76 43 51 47 84 29 30 65 10 57 12 31 95 54 59 94 37 40 0 89 50 11 52 71 58 13 2 25 61 98 96 77 66 26 14 48 70 8 68 93 83 78 72 21 38 27 63 39 5 97 86 1 62 42 53 81 44 64 15 85 28 36 34 32 99 22 33 45 55 60 35 92 7 17 18 3 4 69 82 73 75 74 19 67 23 
TEST 4 ARG:15 46 51 44 1 81 98 58 66 47 14 34 92 80 8 64 9 38 40 59 73 74 6 72 36 12 54 48 99 26 3 23 2 65 27 21 52 18 33 32 70 88 5 50 56 82 71 90 0 53 96 13 22 30 16 77 35 85 86 97 10 19 11 42 79 31 84 55 68 63 62 57 17 7 75 95 41 39 87 91 20 24 49 45 69 89 25 4 60 76 67 93 29 37 61 28 94 43 78 83 
TEST 4 ARG:15 46 51 44 1 81 98 58 66 47 14 34 92 80 8 64 9 38 40 59 73 74 6 72 36 12 54 48 99 26 3 23 2 65 27 21 52 18 33 32 70 88 5 50 56 82 71 90 0 53 96 13 22 30 16 77 35 85 86 97 10 19 11 42 79 31 84 55 68 63 62 57 17 7 75 95 41 39 87 91 20 24 49 45 69 89 25 4 60 76 67 93 29 37 61 28 94 43 78 83 
TEST 5 ARG:20 39 96 23 35 94 93 34 49 10 72 79 14 29 58 44 5 47 22 1 86 3 70 95 67 42 74 89 76 97 36 28 11 64 54 83 92 69 65 27 15 98 78 6 59 21 26 53 68 71 48 40 50 7 61 55 13 8 85 73 52 19 62 82 46 87 41 33 32 0 91 81 45 77 2 9 18 66 84 31 4 24 75 90 57 30 25 60 51 80 17 38 88 12 56 37 99 63 43 16 
TEST 5 ARG:20 39 96 23 35 94 93 34 49 10 72 79 14 29 58 44 5 47 22 1 86 3 70 95 67 42 74 89 76 97 36 28 11 64 54 83 92 69 65 27 15 98 78 6 59 21 26 53 68 71 48 40 50 7 61 55 13 8 85 73 52 19 62 82 46 87 41 33 32 0 91 81 45 77 2 9 18 66 84 31 4 24 75 90 57 30 25 60 51 80 17 38 88 12 56 37 99 63 43 16 
TEST 6 ARG:29 50 65 25 95 92 32 91 74 71 48 35 67 61 37 41 19 46 22 98 86 70 49 15 8 21 68 84 94 42 47 66 87 63 78 30 57 77 59 43 14 99 17 24 96 58 39 81 45 53 26 18 12 62 1 56 51 34 13 52 69 11 73 33 60 82 64 97 72 40 6 5 89 9 38 28 54 80 10 2 79 31 76 23 88 7 93 0 3 20 75 27 4 90 83 55 85 16 44 36 
TEST 6 ARG:29 50 65 25 95 92 32 91 74 71 48 35 67 61 37 41 19 46 22 98 86 70 49 15 8 21 68 84 94 42 47 66 87 63 78 30 57 77 59 43 14 99 17 24 96 58 39 81 45 53 26 18 12 62 1 56 51 34 13 52 69 11 73 33 60 82 64 97 72 40 6 5 89 9 38 28 54 80 10 2 79 31 76 23 88 7 93 0 3 20 75 27 4 90 83 55 85 16 44 36 
TEST 7 ARG:5 74 85 56 90 71 91 92 93 80 86 26 89 29 66 46 68 11 87 84 96 19 88 64 0 33 4 39 98 54 8 6 55 48 18 38 43 42 82 65 77 10 57 7 81 61 22 70 9 63 53 2 79 32 3 50 95 45 51 27 58 62 94 75 49 47 83 69 31 36 41 13 99 21 20 59 44 40 34 30 97 78 17 23 67 24 12 15 76 37 35 14 1 28 60 72 25 16 73 52 
TEST 7 ARG:5 74 85 56 90 71 91 92 93 80 86 26 89 29 66 46 68 11 87 84 96 19 88 64 0 33 4 39 98 54 8 6 55 48 18 38 43 42 82 65 77 10 57 7 81 61 22 70 9 63 53 2 79 32 3 50 95 45 51 27 58 62 94 75 49 47 83 69 31 36 41 13 99 21 20 59 44 40 34 30 97 78 17 23 67 24 12 15 76 37 35 14 1 28 60 72 25 16 73 52 
TEST 8 ARG:68 18 31 95 27 39 93 97 20 78 2 45 53 21 7 4 74 3 47 84 66 67 30 63 89 55 25 11 96 10 5 15 79 94 62 38 71 19 34 99 29 28 73 88 43 6 13 75 37 86 17 32 61 14 70 60 90 40 82 26 16 52 36 80 56 59 81 35 51 9 77 33 58 64 92 72 91 48 46 1 54 12 42 57 65 50 83 76 0 23 24 98 41 85 44 87 22 49 69 8 
TEST 8 ARG:68 18 31 95 27 39 93 97 20 78 2 45 53 21 7 4 74 3 47 84 66 67 30 63 89 55 25 11 96 10 5 15 79 94 62 38 71 19 34 99 29 28 73 88 43 6 13 75 37 86 17 32 61 14 70 60 90 40 82 26 16 52 36 80 56 59 81 35 51 9 77 33 58 64 92 72 91 48 46 1 54 12 42 57 65 50 83 76 0 23 24 98 41 85 44 87 22 49 69 8 
TEST 9 ARG:92 22 36 45 85 69 33 74 89 6 5 39 86 43 87 28 11 41 84 70 47 71 14 90 61 8 42 81 16 48 96 62 21 99 59 65 95 7 50 37 56 66 67 72 79 76 1 75 57 52 13 77 35 4 23 38 78 91 98 26 73 17 32 27 10 44 55 18 0 31 30 15 80 94 20 49 60 68 29 83 24 64 88 53 93 2 51 9 12 82 34 19 63 3 40 46 25 54 58 97 
TEST 9 ARG:92 22 36 45 85 69 33 74 89 6 5 39 86 43 87 28 11 41 84 70 47 71 14 90 61 8 42 81 16 48 96 62 21 99 59 65 95 7 50 37 56 66 67 72 79 76 1 75 57 52 13 77 35 4 23 38 78 91 98 26 73 17 32 27 10 44 55 18 0 31 30 15 80 94 20 49 60 68 29 83 24 64 88 53 93 2 51 9 12 82 34 19 63 3 40 46 25 54 58 97 
TEST 10 ARG:78 67 1 81 73 3 9 28 17 59 72 32 18 74 19 80 94 71 60 86 44 43 51 47 99 35 98 42 5 92 52 30 13 22 25 65 61 38 4 7 37 76 27 90 14 66 39 63 53 91 12 88 49 41 36 69 8 57 0 16 45 85 87 97 95 15 24 83 33 89 55 46 93 10 31 79 75 20 64 56 29 48 70 54 2 68 96 34 40 82 58 26 6 77 11 50 62 21 23 84 
TEST 10 ARG:78 67 1 81 73 3 9 28 17 59 72 32 18 74 19 80 94 71 60 86 44 43 51 47 99 35 98 42 5 92 52 30 13 22 25 65 61 38 4 7 37 76 27 90 14 66 39 63 53 91 12 88 49 41 36 69 8 57 0 16 45 85 87 97 95 15 24 83 33 89 55 46 93 10 31 79 75 20 64 56 29 48 70 54 2 68 96 34 40 82 58 26 6 77 11 50 62 21 23 84 
TEST 11 ARG:79 88 60 3 71 19 34 2 80 99 54 30 32 31 4 21 78 89 95 73 35 46 86 64 65 26 45 76 27 44 62 98 5 0 51 93 90 29 59 11 74 39 67 81 70 25 48 18 10 13 12 8 40 94 47 23 14 57 69 49 82 9 16 72 77 83 55 15 20 53 56 66 85 38 28 1 91 6 96 84 36 24 7 92 41 87 52 43 33 58 42 22 75 17 37 63 68 50 61 97 
TEST 12 ARG:74 56 97 96 59 15 32 29 78 40 76 43 50 86 66 48 21 69 20 71 5 55 42 22 87 60 18 33 82 36 16 7 24 52 19 31 64 47 93 68 13 58 84 67 39 4 95 11 0 27 8 90 83 45 72 99 12 75 6 54 85 94 63 46 77 26 53 35 51 79 80 61 25 92 30 49 2 98 73 44 28 34 14 1 23 37 9 38 81 62 65 10 17 70 89 91 57 3 88 41 
TEST 12 ARG:74 56 97 96 59 15 32 29 78 40 76 43 50 86 66 48 21 69 20 71 5 55 42 22 87 60 18 33 82 36 16 7 24 52 19 31 64 47 93 68 13 58 84 67 39 4 95 11 0 27 8 90 83 45 72 99 12 75 6 54 85 94 63 46 77 26 53 35 51 79 80 61 25 92 30 49 2 98 73 44 28 34 14 1 23 37 9 38 81 62 65 10 17 70 89 91 57 3 88 41 
TEST 13 ARG:66 53 2 43 18 38 21 81 6 71 77 62 37 80 1 40 64 68 67 29 45 44 4 89 56 32 86 98 87 24 51 92 83 26 12 72 49 42 0 50 59 14 25 61 5 97 84 79 39 17 46 16 94 91 41 47 27 33 19 85 11 10 20 23 55 70 90 69 8 36 31 73 48 28 35 57 54 30 82 34 13 88 99 22 74 76 96 93 7 60 75 15 78 9 3 65 63 58 95 52 
TEST 13 ARG:66 53 2 43 18 38 21 81 6 71 77 62 37 80 1 40 64 68 67 29 45 44 4 89 56 32 86 98 87 24 51 92 83 26 12 72 49 42 0 50 59 14 25 61 5 97 84 79 39 17 46 16 94 91 41 47 27 33 19 85 11 10 20 23 55 70 90 69 8 36 31 73 48 28 35 57 54 30 82 34 13 88 99 22 74 76 96 93 7 60 75 15 78 9 3 65 63 58 95 52 
TEST 14 ARG:40 14 55 8 31 10 20 91 76 30 59 47 80 67 86 5 58 52 51 23 15 26 19 70 72 94 34 85 62 25 16 74 78 22 88 71 37 95 48 61 32 65 43 1 93 44 27 68 3 42 46 29 9 45 73 83 84 2 63 50 57 75 28 98 60 12 6 4 0 56 38 17 82 33 64 66 87 54 96 92 18 53 89 90 13 69 11 35 97 49 41 99 24 7 36 77 81 21 39 79 
TEST 14 ARG:40 14 55 8 31 10 20 91 76 30 59 47 80 67 86 5 58 52 51 23 15 26 19 70 72 94 34 85 62 25 16 74 78 22 88 71 37 95 48 61 32 65 43 1 93 44 27 68 3 42 46 29 9 45 73 83 84 2 63 50 57 75 28 98 60 12 6 4 0 56 38 17 82 33 64 66 87 54 96 92 18 53 89 90 13 69 11 35 97 49 41 99 24 7 36 77 81 21 39 79 
TEST 15 ARG:67 70 49 96 68 52 89 64 63 88 59 53 35 90 74 48 30 15 1 26 13 32 31 5 27 19 72 6 10 21 86 3 80 12 36 38 75 83 84 97 42 18 11 22 7 41 81 45 39 16 93 58 79 56 62 57 54 77 4 9 37 44 47 73 91 46 29 98 0 24 95 69 61 28 82 17 23 65 71 76 43 2 8 55 85 33 34 78 50 87 99 20 40 94 60 14 51 25 66 92 
TEST 15 ARG:67 70 49 96 68 52 89 64 63 88 59 53 35 90 74 48 30 15 1 26 13 32 31 5 27 19 72 6 10 21 86 3 80 12 36 38 75 83 84 97 42 18 11 22 7 41 81 45 39 16 93 58 79 56 62 57 54 77 4 9 37 44 47 73 91 46 29 98 0 24 95 69 61 28 82 17 23 65 71 76 43 2 8 55 85 33 34 78 50 87 99 20 40 94 60 14 51 25 66 92 
TEST 16 ARG:14 91 48 30 92 28 73 77 6 29 64 41 82 45 84 96 8 3 44 59 22 35 25 56 53 66 95 10 89 80 83 40 24 58 32 20 27 49 79 69 76 4 57 60 15 93 94 74 7 13 1 19 34 26 9 52 16 68 33 88 63 11 0 31 98 23 12 50 70 46 42 38 62 72 97 43 75 87 36 99 71 86 39 55 37 78 21 2 67 90 65 18 5 81 54 47 51 61 17 85 
TEST 16 ARG:14 91 48 30 92 28 73 77 6 29 64 41 82 45 84 96 8 3 44 59 22 35 25 56 53 66 95 10 89 80 83 40 24 58 32 20 27 49 79 69 76 4 57 60 15 93 94 74 7 13 1 19 34 26 9 52 16 68 33 88 63 11 0 31 98 23 12 50 70 46 42 38 62 72 97 43 75 87 36 99 71 86 39 55 37 78 21 2 67 90 65 18 5 81 54 47 51 61 17 85 
TEST 17 ARG:3 22 89 19 61 72 18 67 37 98 74 0 36 52 93 38 97 51 42 2 56 4 92 7 94 78 28 9 16 10 24 73 41 77 17 25 95 6 59 49 50 34 82 13 90 48 99 85 12 35 33 83 88 71 53 76 45 69 21 60 40 31 80 65 54 32 70 39 66 26 91 62 1 81 44 84 68 79 30 55 75 15 46 5 11 63 64 27 20 47 86 87 96 57 23 8 43 29 14 58 
TEST 17 ARG:3 22 89 19 61 72 18 67 37 98 74 0 36 52 93 38 97 51 42 2 56 4 92 7 94 78 28 9 16 10 24 73 41 77 17 25 95 6 59 49 50 34 82 13 90 48 99 85 12 35 33 83 88 71 53 76 45 69 21 60 40 31 80 65 54 32 70 39 66 26 91 62 1 81 44 84 68 79 30 55 75 15 46 5 11 63 64 27 20 47 86 87 96 57 23 8 43 29 14 58 
TEST 18 ARG:25 62 19 97 31 66 2 71 55 28 92 32 12 16 21 40 22 68 0 50 90 56 48 58 23 38 27 9 43 63 7 17 26 1 3 24 52 5 35 60 91 79 59 34 84 15 93 33 94 85 86 20 10 18 83 80 14 41 70 54 51 61 77 46 67 98 99 6 82 74 89 8 76 30 78 4 75 95 81 39 57 29 42 53 88 87 13 96 73 49 45 72 64 36 65 69 11 47 44 37 
TEST 18 ARG:25 62 19 97 31 66 2 71 55 28 92 32 12 16 21 40 22 68 0 50 90 56 48 58 23 38 27 9 43 63 7 17 26 1 3 24 52 5 35 60 91 79 59 34 84 15 93 33 94 85 86 20 10 18 83 80 14 41 70 54 51 61 77 46 67 98 99 6 82 74 89 8 76 30 78 4 75 95 81 39 57 29 42 53 88 87 13 96 73 49 45 72 64 36 65 69 11 47 44 37 
TEST 19 ARG:52 88 56 59 28 83 34 4 24 77 93 64 18 48 57 50 82 32 23 99 96 98 72 84 3 0 63 11 53 6 8 94 61 37 44 97 14 71 31 10 95 33 41 1 45 86 51 20 38 16 73 85 2 43 19 58 13 47 30 65 7 75 92 27 39 17 91 12 62 70 54 67 60 15 80 25 69 79 36 40 89 42 5 78 90 55 81 22 29 74 76 87 9 68 49 66 26 21 46 35 
TEST 19 ARG:52 88 56 59 28 83 34 4 24 77 93 64 18 48 57 50 82 32 23 99 96 98 72 84 3 0 63 11 53 6 8 94 61 37 44 97 14 71 31 10 95 33 41 1 45 86 51 20 38 16 73 85 2 43 19 58 13 47 30 65 7 75 92 27 39 17 91 12 62 70 54 67 60 15 80 25 69 79 36 40 89 42 5 78 90 55 81 22 29 74 76 87 9 68 49 66 26 21 46 35 
TEST 20 ARG:62 97 15 75 60 51 45 9 43 54 86 92 85 65 74 64 99 78 71 18 30 40 41 89 37 53 0 70 4 66 28 1 63 3 50 93 21 96 22 33 5 91 39 24 17 6 80 14 7 81 32 61 44 98 13 77 84 87 49 12 68 52 76 58 31 47 95 90 10 35 27 55 72 42 69 16 25 8 38 56 29 83 82 59 26 2 20 19 67 57 23 11 48 79 36 46 73 34 88 94 
TEST 20 ARG:62 97 15 75 60 51 45 9 43 54 86 92 85 65 74 64 99 78 71 18 30 40 41 89 37 53 0 70 4 66 28 1 63 3 50 93 21 96 22 33 5 91 39 24 17 6 80 14 7 81 32 61 44 98 13 77 84 87 49 12 68 52 76 58 31 47 95 90 10 35 27 55 72 42 69 16 25 8 38 56 29 83 82 59 26 2 20 19 67 57 23 11 48 79 36 46 73 34 88 94 
TEST 21 ARG:77 3 91 96 99 34 33 53 46 83 59 92 66 98 48 72 78 87 68 31 9 86 27 67 58 8 69 74 13 94 44 12 0 45 71 35 40 26 93 55 18 2 23 75 73 24 15 21 41 90 19 5 37 1 95 38 28 7 10 36 64 80 30 89 82 76 85 39 47 14 81 29 65 49 6 97 57 60 62 22 79 20 32 61 52 25 88 4 43 17 63 70 11 56 42 54 84 51 50 16 
TEST 21 ARG:77 3 91 96 99 34 33 53 46 83 59 92 66 98 48 72 78 87 68 31 9 86 27 67 58 8 69 74 13 94 44 12 0 45 71 35 40 26 93 55 18 2 23 75 73 24 15 21 41 90 19 5 37 1 95 38 28 7 10 36 64 80 30 89 82 76 85 39 47 14 81 29 65 49 6 97 57 60 62 22 79 20 32 61 52 25 88 4 43 17 63 70 11 56 42 54 84 51 50 16 
TEST 22 ARG:49 52 50 42 54 31 14 38 82 57 17 56 29 4 34 15 22 79 88 20 26 24 36 10 72 67 91 68 9 98 18 35 41 2 37 33 71 80 93 40 62 45 78 19 23 44 25 7 90 73 74 95 63 16 3 39 8 97 28 58 59 51 83 12 0 55 69 77 99 6 66 1 60 5 46 70 94 64 81 53 85 75 96 13 87 43 89 21 76 11 47 65 92 32 61 30 84 48 27 86 
TEST 22 ARG:49 52 50 42 54 31 14 38 82 57 17 56 29 4 34 15 22 79 88 20 26 24 36 10 72 67 91 68 9 98 18 35 41 2 37 33 71 80 93 40 62 45 78 19 23 44 25 7 90 73 74 95 63 16 3 39 8 97 28 58 59 51 83 12 0 55 69 77 99 6 66 1 60 5 46 70 94 64 81 53 85 75 96 13 87 43 89 21 76 11 47 65 92 32 61 30 84 48 27 86 
TEST 23 ARG:45 99 93 14 11 40 85 18 43 23 78 56 34 9 71 96 58 0 28 67 27 73 21 72 4 49 30 52 37 88 82 46 94 2 29 51 55 35 32 69 24 59 1 20 98 86 57 81 76 15 89 41 19 64 97 74 77 70 44 38 13 22 63 6 26 66 7 16 65 31 39 61 83 42 80 91 50 12 75 68 8 3 90 92 25 33 47 10 79 62 53 48 87 84 17 95 60 5 36 54 
TEST 23 ARG:45 99 93 14 11 40 85 18 43 23 78 56 34 9 71 96 58 0 28 67 27 73 21 72 4 49 30 52 37 88 82 46 94 2 29 51 55 35 32 69 24 59 1 20 98 86 57 81 76 15 89 41 19 64 97 74 77 70 44 38 13 22 63 6 26 66 7 16 65 31 39 61 83 42 80 91 50 12 75 68 8 3 90 92 25 33 47 10 79 62 53 48 87 84 17 95 60 5 36 54 
TEST 24 ARG:69 5 42 75 92 44 51 93 17 94 68 45 60 37 62 36 10 98 20 54 6 79 4 58 22 21 41 7 76 40 63 25 96 74 0 28 31 24 8 16 78 83 89 82 46 61 81 80 87 34 71 91 66 14 15 72 59 47 30 57 11 95 97 90 70 3 86 39 43 29 13 50 27 65 64 32 88 73 18 9 85 26 55 1 48 35 67 84 38 23 49 99 52 53 19 56 12 33 77 2 
TEST 25 ARG:43 50 82 14 69 76 30 22 78 18 68 52 59 53 61 0 74 49 93 87 71 47 32 34 48 81 10 94 24 1 19 91 6 56 67 7 63 99 8 23 29 62 36 89 60 58 45 70 3 21 51 41 9 65 2 64 95 85 66 26 77 31 90 46 75 86 20 96 27 83 4 54 35 17 25 11 98 55 39 88 97 38 28 44 5 13 37 12 15 57 79 40 84 16 42 73 72 92 80 33 
TEST 25 ARG:43 50 82 14 69 76 30 22 78 18 68 52 59 53 61 0 74 49 93 87 71 47 32 34 48 81 10 94 24 1 19 91 6 56 67 7 63 99 8 23 29 62 36 89 60 58 45 70 3 21 51 41 9 65 2 64 95 85 66 26 77 31 90 46 75 86 20 96 27 83 4 54 35 17 25 11 98 55 39 88 97 38 28 44 5 13 37 12 15 57 79 40 84 16 42 73 72 92 80 33 
TEST 26 ARG:36 41 23 55 94 71 19 82 5 58 80 66 75 22 39 91 35 20 13 44 18 30 54 0 61 31 33 65 87 96 73 62 56 2 83 48 14 98 72 57 38 45 68 52 25 81 84 26 76 78 34 1 8 49 97 67 28 27 74 64 92 53 43 16 17 50 9 10 70 89 79 46 24 88 3 59 32 95 12 42 4 85 93 37 40 11 90 29 77 69 7 60 47 6 15 21 86 51 99 63 
TEST 26 ARG:36 41 23 55 94 71 19 82 5 58 80 66 75 22 39 91 35 20 13 44 18 30 54 0 61 31 33 65 87 96 73 62 56 2 83 48 14 98 72 57 38 45 68 52 25 81 84 26 76 78 34 1 8 49 97 67 28 27 74 64 92 53 43 16 17 50 9 10 70 89 79 46 24 88 3 59 32 95 12 42 4 85 93 37 40 11 90 29 77 69 7 60 47 6 15 21 86 51 99 63 
TEST 27 ARG:38 73 1 56 47 57 31 8 78 61 54 2 26 95 69 77 89 44 17 85 53 68 67 37 16 5 82 72 6 84 48 70 50 83 15 39 11 71 12 20 13 96 97 29 55 18 40 90 91 98 52 58 24 74 81 66 19 0 41 46 59 49 10 27 32 75 28 36 79 30 4 25 22 88 3 51 23 42 80 93 14 92 7 43 64 94 45 87 60 9 34 35 33 76 62 86 99 65 63 21 
TEST 27 ARG:38 73 1 56 47 57 31 8 78 61 54 2 26 95 69 77 89 44 17 85 53 68 67 37 16 5 82 72 6 84 48 70 50 83 15 39 11 71 12 20 13 96 97 29 55 18 40 90 91 98 52 58 24 74 81 66 19 0 41 46 59 49 10 27 32 75 28 36 79 30 4 25 22 88 3 51 23 42 80 93 14 92 7 43 64 94 45 87 60 9 34 35 33 76 62 86 99 65 63 21 
TEST 28 ARG:29 0 33 88 14 89 31 84 23 51 38 91 97 43 53 25 74 61 16 1 47 5 17 20 72 66 76 34 69 62 21 63 46 54 50 24 82 42 96 15 28 80 75 4 83 67 8 6 64 36 70 39 48 10 58 32 27 45 85 35 98 55 78 71 19 59 44 52 3 37 12 56 22 65 60 94 2 7 41 57 49 93 68 90 18 9 26 30 13 40 95 99 86 81 73 77 79 92 11 87 
TEST 28 ARG:29 0 33 88 14 89 31 84 23 51 38 91 97 43 53 25 74 61 16 1 47 5 17 20 72 66 76 34 69 62 21 63 46 54 50 24 82 42 96 15 28 80 75 4 83 67 8 6 64 36 70 39 48 10 58 32 27 45 85 35 98 55 78 71 19 59 44 52 3 37 12 56 22 65 60 94 2 7 41 57 49 93 68 90 18 9 26 30 13 40 95 99 86 81 73 77 79 92 11 87 
TEST 29 ARG:73 72 3 35 66 60 61 6 54 87 58 91 78 27 41 29 81 7 71 42 96 18 5 30 23 51 4 63 1 20 24 89 70 17 77 88 38 31 57 44 83 68 97 53 2 98 0 65 79 46 39 34 80 86 49 76 56 43 50 74 99 75 82 67 64 45 40 14 33 11 26 36 32 21 12 94 90 28 25 59 84 47 37 16 69 9 62 92 15 48 13 22 95 52 55 19 93 85 8 10 
TEST 29 ARG:73 72 3 35 66 60 61 6 54 87 58 91 78 27 41 29 81 7 71 42 96 18 5 30 23 51 4 63 1 20 24 89 70 17 77 88 38 31 57 44 83 68 97 53 2 98 0 65 79 46 39 34 80 86 49 76 56 43 50 74 99 75 82 67 64 45 40 14 33 11 26 36 32 21 12 94 90 28 25 59 84 47 37 16 69 9 62 92 15 48 13 22 95 52 55 19 93 85 8 10 
TEST 30 ARG:58 81 32 50 61 63 56 18 94 24 69 51 35 98 99 19 48 77 40 87 93 42 76 88 96 30 74 66 65 26 8 3 17 53 86 52 70 91 59 28 10 45 75 95 29 55 43 14 12 20 0 21 57 68 13 25 97 15 46 6 37 67 7 90 41 47 54 60 16 22 64 33 44 36 4 80 39 92 71 5 11 82 83 84 2 23 85 89 27 9 49 78 62 72 73 34 79 1 31 38 
TEST 30 ARG:58 81 32 50 61 63 56 18 94 24 69 51 35 98 99 19 48 77 40 87 93 42 76 88 96 30 74 66 65 26 8 3 17 53 86 52 70 91 59 28 10 45 75 95 29 55 43 14 12 20 0 21 57 68 13 25 97 15 46 6 37 67 7 90 41 47 54 60 16 22 64 33 44 36 4 80 39 92 71 5 11 82 83 84 2 23 85 89 27 9 49 78 62 72 73 34 79 1 31 38 
TEST 31 ARG:96 62 83 89 0 25 70 72 52 78 56 15 47 29 68 81 73 13 50 90 2 10 94 43 57 32 88 74 54 59 20 98 41 9 12 3 60 69 95 93 16 85 6 23 31 1 8 5 34 49 76 4 92 63 24 21 44 17 65 42 97 84 7 71 35 77 30 36 64 58 26 55 80 33 28 38 14 22 66 45 86 11 19 87 75 79 39 40 27 99 18 91 53 37 67 61 46 48 82 51 
TEST 31 ARG:96 62 83 89 0 25 70 72 52 78 56 15 47 29 68 81 73 13 50 90 2 10 94 43 57 32 88 74 54 59 20 98 41 9 12 3 60 69 95 93 16 85 6 23 31 1 8 5 34 49 76 4 92 63 24 21 44 17 65 42 97 84 7 71 35 77 30 36 64 58 26 55 80 33 28 38 14 22 66 45 86 11 19 87 75 79 39 40 27 99 18 91 53 37 67 61 46 48 82 51 
TEST 32 ARG:5 1 93 19 24 30 48 4 66 7 59 46 47 83 13 33 62 9 78 86 20 23 28 26 76 77 99 87 11 96 0 58 85 52 6 32 51 88 64 22 39 90 73 70 21 71 92 56 37 41 44 16 3 25 95 27 10 43 61 18 29 81 53 91 74 36 12 2 34 97 35 57 17 68 8 15 60 94 55 38 49 45 63 54 79 50 31 72 89 40 42 69 84 98 80 14 65 75 67 82 
TEST 32 ARG:5 1 93 19 24 30 48 4 66 7 59 46 47 83 13 33 62 9 78 86 20 23 28 26 76 77 99 87 11 96 0 58 85 52 6 32 51 88 64 22 39 90 73 70 21 71 92 56 37 41 44 16 3 25 95 27 10 43 61 18 29 81 53 91 74 36 12 2 34 97 35 57 17 68 8 15 60 94 55 38 49 45 63 54 79 50 31 72 89 40 42 69 84 98 80 14 65 75 67 82 
TEST 33 ARG:13 96 28 23 98 32 34 43 31 92 25 50 2 17 41 36 56 79 57 58 88 10 63 46 53 61 8 70 15 59 4 82 49 44 26 39 67 91 80 1 11 12 45 66 77 14 84 19 69 7 16 81 27 6 5 68 76 90 35 0 74 95 52 33 87 47 38 64 89 18 86 24 99 54 51 78 83 55 20 29 65 60 72 3 37 48 9 94 22 97 30 71 85 62 93 21 73 42 40 75 
TEST 33 ARG:13 96 28 23 98 32 34 43 31 92 25 50 2 17 41 36 56 79 57 58 88 10 63 46 53 61 8 70 15 59 4 82 49 44 26 39 67 91 80 1 11 12 45 66 77 14 84 19 69 7 16 81 27 6 5 68 76 90 35 0 74 95 52 33 87 47 38 64 89 18 86 24 99 54 51 78 83 55 20 29 65 60 72 3 37 48 9 94 22 97 30 71 85 62 93 21 73 42 40 75 
TEST 34 ARG:10 64 25 12 47 72 69 38 0 52 79 2 56 78 83 17 9 93 94 75 90 57 26 14 63 74 53 60 7 58 11 98 19 37 46 61 27 54 24 88 70 51 97 55 50 76 3 87 6 30 40 22 1 18 49 73 80 43 44 95 85 31 91 65 67 84 92 36 4 62 86 35 68 5 23 20 33 81 42 59 29 89 45 41 34 82 13 96 48 15 32 28 71 8 77 99 21 66 39 16 
TEST 34 ARG:10 64 25 12 47 72 69 38 0 52 79 2 56 78 83 17 9 93 94 75 90 57 26 14 63 74 53 60 7 58 11 98 19 37 46 61 27 54 24 88 70 51 97 55 50 76 3 87 6 30 40 22 1 18 49 73 80 43 44 95 85 31 91 65 67 84 92 36 4 62 86 35 68 5 23 20 33 81 42 59 29 89 45 41 34 82 13 96 48 15 32 28 71 8 77 99 21 66 39 16 
TEST 35 ARG:44 52 67 40 69 90 50 48 26 79 11 72 6 0 29 51 46 55 42 22 36 18 4 13 43 95 93 2 89 27 10 41 74 30 3 63 53 7 8 66 49 37 25 39 59 24 16 70 15 78 38 19 91 47 82 75 92 57 76 87 1 5 12 34 98 94 83 73 33 68 58 14 99 23 97 32 28 88 62 9 77 17 71 65 84 80 54 81 86 35 61 31 45 21 85 64 56 96 60 20 
TEST 35 ARG:44 52 67 40 69 90 50 48 26 79 11 72 6 0 29 51 46 55 42 22 36 18 4 13 43 95 93 2 89 27 10 41 74 30 3 63 53 7 8 66 49 37 25 39 59 24 16 70 15 78 38 19 91 47 82 75 92 57 76 87 1 5 12 34 98 94 83 73 33 68 58 14 99 23 97 32 28 88 62 9 77 17 71 65 84 80 54 81 86 35 61 31 45 21 85 64 56 96 60 20 
TEST 36 ARG:94 63 80 53 89 56 20 67 19 24 78 32 41 30 21 84 86 10 28 52 9 57 77 49 35 82 3 83 34 4 92 87 91 97 13 62 69 58 68 38 61 27 59 7 54 39 40 37 15 81 66 75 12 11 73 47 26 64 65 76 85 17 14 96 45 99 71 70 18 43 2 48 44 74 98 46 16 60 31 1 22 95 25 51 50 5 90 88 8 23 42 29 79 72 93 33 0 6 55 36 
TEST 36 ARG:94 63 80 53 89 56 20 67 19 24 78 32 41 30 21 84 86 10 28 52 9 57 77 49 35 82 3 83 34 4 92 87 91 97 13 62 69 58 68 38 61 27 59 7 54 39 40 37 15 81 66 75 12 11 73 47 26 64 65 76 85 17 14 96 45 99 71 70 18 43 2 48 44 74 98 46 16 60 31 1 22 95 25 51 50 5 90 88 8 23 42 29 79 72 93 33 0 6 55 36 
TEST 37 ARG:39 57 5 55 50 51 1 62 48 90 2 83 52 11 88 46 27 15 80 28 69 23 26 96 86 66 41 14 32 87 81 59 91 33 76 75 13 35 58 10 24 61 73 45 4 7 25 97 82 44 71 78 19 79 43 85 17 92 18 16 56 42 34 77 37 64 49 60 74 54 47 95 22 36 3 84 93 67 29 30 63 9 20 38 21 31 68 70 89 72 40 99 8 12 6 65 94 0 98 53 
TEST 37 ARG:39 57 5 55 50 51 1 62 48 90 2 83 52 11 88 46 27 15 80 28 69 23 26 96 86 66 41 14 32 87 81 59 91 33 76 75 13 35 58 10 24 61 73 45 4 7 25 97 82 44 71 78 19 79 43 85 17 92 18 16 56 42 34 77 37 64 49 60 74 54 47 95 22 36 3 84 93 67 29 30 63 9 20 38 21 31 68 70 89 72 40 99 8 12 6 65 94 0 98 53 
TEST 38 ARG:91 94 54 37 10 8 31 53 84 97 96 42 9 38 17 39 49 35 80 23 73 18 82 40 0 5 34 85 12 69 70 78 75 64 26 55 76 29 51 47 50 16 2 32 21 68 20 46 19 52 77 56 99 72 1 93 65 15 7 33 6 22 24 4 13 79 25 86 44 67 98 58 66 45 48 14 41 62 43 11 95 27 63 88 3 92 30 59 83 89 36 60 57 61 71 87 74 90 28 81 
TEST 38 ARG:91 94 54 37 10 8 31 53 84 97 96 42 9 38 17 39 49 35 80 23 73 18 82 40 0 5 34 85 12 69 70 78 75 64 26 55 76 29 51 47 50 16 2 32 21 68 20 46 19 52 77 56 99 72 1 93 65 15 7 33 6 22 24 4 13 79 25 86 44 67 98 58 66 45 48 14 41 62 43 11 95 27 63 88 3 92 30 59 83 89 36 60 57 61 71 87 74 90 28 81 
TEST 39 ARG:42 54 82 10 18 28 5 92 88 73 58 48 2 4 19 49 12 91 38 27 34 46 74 97 55 43 75 36 47 98 53 30 11 33 45 14 83 84 29 57 76 94 8 32 62 67 87 66 0 26 31 21 37 23 25 86 89 81 63 72 51 9 70 3 13 7 56 50 77 24 68 41 95 93 39 35 52 20 99 96 85 78 65 59 17 79 1 90 80 22 60 15 71 6 40 61 44 69 64 16 
TEST 40 ARG:68 56 72 36 14 54 62 27 52 29 63 94 3 75 42 24 84 18 23 40 59 46 74 49 19 77 78 4 91 60 1 58 69 6 50 81 82 16 65 97 88 43 98 55 86 73 35 22 96 8 17 61 66 85 41 0 33 48 38 92 13 21 20 79 93 9 67 32 89 25 44 30 87 99 45 53 34 47 57 39 71 70 2 83 12 76 7 11 5 95 37 15 28 51 31 90 80 26 10 64 
TEST 40 ARG:68 56 72 36 14 54 62 27 52 29 63 94 3 75 42 24 84 18 23 40 59 46 74 49 19 77 78 4 91 60 1 58 69 6 50 81 82 16 65 97 88 43 98 55 86 73 35 22 96 8 17 61 66 85 41 0 33 48 38 92 13 21 20 79 93 9 67 32 89 25 44 30 87 99 45 53 34 47 57 39 71 70 2 83 12 76 7 11 5 95 37 15 28 51 31 90 80 26 10 64 
TEST 41 ARG:1 38 92 77 41 85 78 10 9 94 6 61 44 35 83 65 5 55 43 71 74 63 84 3 86 87 42 49 20 45 76 40 19 51 54 72 70 28 58 91 33 30 96 89 26 27 8 53 16 81 88 93 56 59 2 36 17 21 29 25 62 0 52 69 60 80 73 97 14 66 34 24 64 39 22 12 79 11 7 18 90 15 82 67 50 13 32 48 31 75 98 23 4 47 57 37 68 95 46 99 
TEST 41 ARG:1 38 92 77 41 85 78 10 9 94 6 61 44 35 83 65 5 55 43 71 74 63 84 3 86 87 42 49 20 45 76 40 19 51 54 72 70 28 58 91 33 30 96 89 26 27 8 53 16 81 88 93 56 59 2 36 17 21 29 25 62 0 52 69 60 80 73 97 14 66 34 24 64 39 22 12 79 11 7 18 90 15 82 67 50 13 32 48 31 75 98 23 4 47 57 37 68 95 46 99 
TEST 42 ARG:59 33 76 90 11 88 98 54 70 21 25 69 86 83 89 14 85 26 42 56 49 68 62 48 50 94 16 74 12 1 27 81 6 0 57 41 93 18 17 4 66 40 79 7 5 3 31 2 67 22 75 72 46 52 61 30 32 97 65 8 77 92 38 23 60 24 64 53 91 45 9 80 78 84 34 71 47 43 10 51 73 55 87 44 37 20 15 96 95 58 28 99 29 13 35 39 36 82 63 19 
TEST 43 ARG:12 88 84 92 83 26 49 45 82 58 0 56 75 68 36 37 47 63 54 33 20 3 10 27 73 4 8 53 13 96 97 78 91 74 34 1 59 87 79 2 64 69 62 28 11 52 48 21 35 50 89 77 94 19 86 61 16 23 43 76 70 72 32 60 40 31 22 99 30 5 65 80 81 14 57 15 18 38 44 42 93 71 17 67 46 85 9 55 95 98 66 41 90 51 7 6 25 29 24 39 
TEST 43 ARG:12 88 84 92 83 26 49 45 82 58 0 56 75 68 36 37 47 63 54 33 20 3 10 27 73 4 8 53 13 96 97 78 91 74 34 1 59 87 79 2 64 69 62 28 11 52 48 21 35 50 89 77 94 19 86 61 16 23 43 76 70 72 32 60 40 31 22 99 30 5 65 80 81 14 57 15 18 38 44 42 93 71 17 67 46 85 9 55 95 98 66 41 90 51 7 6 25 29 24 39 
TEST 44 ARG:59 68 73 97 3 99 91 1 10 26 11 24 87 83 27 41 46 82 94 13 76 54 33 6 56 77 28 4 53 69 5 80 36 15 51 14 22 92 71 17 32 61 62 90 23 49 34 18 57 43 64 12 89 98 86 44 19 84 29 38 96 25 67 85 72 66 9 16 7 93 40 50 95 70 8 65 20 81 58 88 52 60 42 75 35 37 74 79 2 63 47 31 78 39 45 55 48 30 0 21 
TEST 44 ARG:59 68 73 97 3 99 91 1 10 26 11 24 87 83 27 41 46 82 94 13 76 54 33 6 56 77 28 4 53 69 5 80 36 15 51 14 22 92 71 17 32 61 62 90 23 49 34 18 57 43 64 12 89 98 86 44 19 84 29 38 96 25 67 85 72 66 9 16 7 93 40 50 95 70 8 65 20 81 58 88 52 60 42 75 35 37 74 79 2 63 47 31 78 39 45 55 48 30 0 21 
TEST 45 ARG:67 1 66 44 20 19 95 80 49 42 50 36 24 0 10 8 58 5 41 62 21 2 15 40 38 74 98 3 89 45 68 43 71 87 46 65 17 85 16 7 72 56 84 29 86 23 94 48 39 99 26 34 55 11 51 64 76 97 59 83 47 54 18 61 28 77 70 22 78 81 9 82 27 93 31 73 33 12 92 69 13 60 75 90 37 25 30 96 57 53 35 14 6 79 63 91 32 4 52 88 
TEST 45 ARG:67 1 66 44 20 19 95 80 49 42 50 36 24 0 10 8 58 5 41 62 21 2 15 40 38 74 98 3 89 45 68 43 71 87 46 65 17 85 16 7 72 56 84 29 86 23 94 48 39 99 26 34 55 11 51 64 76 97 59 83 47 54 18 61 28 77 70 22 78 81 9 82 27 93 31 73 33 12 92 69 13 60 75 90 37 25 30 96 57 53 35 14 6 79 63 91 32 4 52 88 
TEST 46 ARG:55 56 93 70 57 78 92 29 83 5 15 17 62 10 22 69 72 71 81 7 80 74 12 48 98 96 40 85 4 30 23 45 59 11 61 64 89 26 58 25 8 33 52 42 90 2 39 16 49 77 18 53 31 79 0 82 3 94 75 66 44 97 34 88 27 63 68 46 43 35 65 51 37 36 95 86 14 9 76 20 32 6 1 21 91 87 73 19 38 28 24 84 41 13 50 60 99 47 67 54 
TEST 46 ARG:55 56 93 70 57 78 92 29 83 5 15 17 62 10 22 69 72 71 81 7 80 74 12 48 98 96 40 85 4 30 23 45 59 11 61 64 89 26 58 25 8 33 52 42 90 2 39 16 49 77 18 53 31 79 0 82 3 94 75 66 44 97 34 88 27 63 68 46 43 35 65 51 37 36 95 86 14 9 76 20 32 6 1 21 91 87 73 19 38 28 24 84 41 13 50 60 99 47 67 54 
TEST 47 ARG:83 11 7 97 90 48 39 71 69 61 81 70 65 29 18 85 20 84 3 64 22 37 14 10 17 87 66 99 16 79 55 6 13 35 31 68 49 98 75 1 5 36 2 73 4 92 50 41 44 86 45 28 54 46 32 42 30 51 38 76 77 34 95 62 56 74 23 47 0 58 19 40 24 94 59 72 52 89 53 96 63 91 80 25 8 93 60 33 57 67 88 12 9 27 82 21 15 78 26 43 
TEST 47 ARG:83 11 7 97 90 48 39 71 69 61 81 70 65 29 18 85 20 84 3 64 22 37 14 10 17 87 66 99 16 79 55 6 13 35 31 68 49 98 75 1 5 36 2 73 4 92 50 41 44 86 45 28 54 46 32 42 30 51 38 76 77 34 95 62 56 74 23 47 0 58 19 40 24 94 59 72 52 89 53 96 63 91 80 25 8 93 60 33 57 67 88 12 9 27 82 21 15 78 26 43 
TEST 48 ARG:5 30 11 79 45 50 42 57 53 28 36 81 80 92 1 76 78 82 37 58 66 16 23 68 22 52 63 43 47 56 96 88 49 8 73 38 98 13 2 0 7 97 18 34 95 44 64 55 93 48 25 85 99 20 17 21 29 46 89 84 74 83 6 40 19 27 59 24 35 26 77 4 33 65 67 15 41 86 90 70 61 71 12 14 3 75 60 94 62 72 39 54 69 10 32 51 87 31 9 91 
TEST 48 ARG:5 30 11 79 45 50 42 57 53 28 36 81 80 92 1 76 78 82 37 58 66 16 23 68 22 52 63 43 47 56 96 88 49 8 73 38 98 13 2 0 7 97 18 34 95 44 64 55 93 48 25 85 99 20 17 21 29 46 89 84 74 83 6 40 19 27 59 24 35 26 77 4 33 65 67 15 41 86 90 70 61 71 12 14 3 75 60 94 62 72 39 54 69 10 32 51 87 31 9 91 
TEST 49 ARG:21 98 94 28 56 85 65 2 26 0 77 76 50 80 12 62 45 20 35 40 6 75 92 54 47 34 37 84 24 73 63 53 18 38 57 32 99 25 4 91 31 68 82 90 8 46 64 88 33 15 83 30 13 9 58 61 52 44 70 81 86 59 5 78 97 16 93 72 55 27 87 51 3 36 22 74 43 42 69 71 60 39 79 7 17 41 11 96 67 1 48 10 95 14 49 23 29 66 89 19 
TEST 49 ARG:21 98 94 28 56 85 65 2 26 0 77 76 50 80 12 62 45 20 35 40 6 75 92 54 47 34 37 84 24 73 63 53 18 38 57 32 99 25 4 91 31 68 82 90 8 46 64 88 33 15 83 30 13 9 58 61 52 44 70 81 86 59 5 78 97 16 93 72 55 27 87 51 3 36 22 74 43 42 69 71 60 39 79 7 17 41 11 96 67 1 48 10 95 14 49 23 29 66 89 19 
TEST 50 ARG:63 0 32 44 49 13 17 55 62 38 31 25 69 79 98 59 73 48 75 66 86 14 77 78 80 99 4 90 27 30 29 11 95 74 97 53 19 33 22 36 88 91 72 42 81 85 93 16 89 18 56 12 65 94 76 82 2 60 23 3 96 8 67 45 9 71 43 51 35 87 46 84 34 83 52 10 6 68 21 1 24 15 20 40 54 47 61 58 50 57 64 39 7 26 28 41 37 92 70 5 
TEST 50 ARG:63 0 32 44 49 13 17 55 62 38 31 25 69 79 98 59 73 48 75 66 86 14 77 78 80 99 4 90 27 30 29 11 95 74 97 53 19 33 22 36 88 91 72 42 81 85 93 16 89 18 56 12 65 94 76 82 2 60 23 3 96 8 67 45 9 71 43 51 35 87 46 84 34 83 52 10 6 68 21 1 24 15 20 40 54 47 61 58 50 57 64 39 7 26 28 41 37 92 70 5 
TEST 51 ARG:47 36 59 16 20 82 21 17 0 39 97 56 76 57 53 93 74 77 84 25 44 2 78 52 51 1 92 69 49 31 48 6 37 60 23 41 34 22 50 18 5 90 32 70 3 73 72 11 12 33 14 91 29 96 63 4 64 66 27 43 8 95 61 79 85 24 40 65 86 54 89 55 80 46 42 87 88 15 26 45 9 94 7 83 19 81 99 38 58 10 35 30 68 62 75 67 28 98 71 13 
TEST 51 ARG:47 36 59 16 20 82 21 17 0 39 97 56 76 57 53 93 74 77 84 25 44 2 78 52 51 1 92 69 49 31 48 6 37 60 23 41 34 22 50 18 5 90 32 70 3 73 72 11 12 33 14 91 29 96 63 4 64 66 27 43 8 95 61 79 85 24 40 65 86 54 89 55 80 46 42 87 88 15 26 45 9 94 7 83 19 81 99 38 58 10 35 30 68 62 75 67 28 98 71 13 
TEST 52 ARG:92 26 62 4 57 47 80 54 88 53 30 96 84 79 25 11 9 95 18 49 24 19 64 82 10 21 14 99 5 20 38 89 63 87 12 73 48 94 58 69 17 16 34 85 93 28 41 74 76 15 50 32 72 59 27 43 29 13 31 67 23 98 51 61 37 3 55 35 91 6 97 45 78 40 90 0 7 71 8 52 46 60 68 1 44 75 33 2 77 36 86 83 81 65 22 42 66 56 70 39 
TEST 52 ARG:92 26 62 4 57 47 80 54 88 53 30 96 84 79 25 11 9 95 18 49 24 19 64 82 10 21 14 99 5 20 38 89 63 87 12 73 48 94 58 69 17 16 34 85 93 28 41 74 76 15 50 32 72 59 27 43 29 13 31 67 23 98 51 61 37 3 55 35 91 6 97 45 78 40 90 0 7 71 8 52 46 60 68 1 44 75 33 2 77 36 86 83 81 65 22 42 66 56 70 39 
TEST 53 ARG:30 86 96 20 82 79 49 45 93 76 39 56 95 15 7 5 66 60 99 9 83 41 27 31 61 47 38 25 22 12 6 70 73 92 55 17 21 89 54 90 42 52 8 18 37 50 19 85 16 40 14 68 80 72 87 88 67 2 78 13 33 51 53 29 63 84 3 1 34 35 98 48 46 91 65 71 4 94 23 58 59 81 62 43 97 75 44 36 10 77 24 28 69 74 26 32 64 57 11 0 
TEST 53 ARG:30 86 96 20 82 79 49 45 93 76 39 56 95 15 7 5 66 60 99 9 83 41 27 31 61 47 38 25 22 12 6 70 73 92 55 17 21 89 54 90 42 52 8 18 37 50 19 85 16 40 14 68 80 72 87 88 67 2 78 13 33 51 53 29 63 84 3 1 34 35 98 48 46 91 65 71 4 94 23 58 59 81 62 43 97 75 44 36 10 77 24 28 69 74 26 32 64 57 11 0 
TEST 54 ARG:12 91 11 70 99 77 32 31 84 19 24 17 14 47 82 15 52 9 89 87 83 88 37 53 45 21 29 46 67 38 39 33 51 60 78 18 0 43 36 26 66 65 55 96 7 61 23 76 80 35 5 86 1 93 6 74 40 81 2 64 16 34 42 63 27 90 79 28 25 58 10 72 41 62 30 54 8 68 75 69 73 4 44 48 98 85 20 49 92 22 94 56 13 50 57 71 59 97 95 3 
TEST 54 ARG:12 91 11 70 99 77 32 31 84 19 24 17 14 47 82 15 52 9 89 87 83 88 37 53 45 21 29 46 67 38 39 33 51 60 78 18 0 43 36 26 66 65 55 96 7 61 23 76 80 35 5 86 1 93 6 74 40 81 2 64 16 34 42 63 27 90 79 28 25 58 10 72 41 62 30 54 8 68 75 69 73 4 44 48 98 85 20 49 92 22 94 56 13 50 57 71 59 97 95 3 
TEST 55 ARG:12 11 15 89 71 36 46 47 30 56 52 85 5 53 79 55 26 31 33 3 72 92 22 76 58 29 38 80 19 39 97 94 27 32 60 10 84 88 95 68 21 37 18 57 35 63 69 99 48 77 73 14 44 66 51 42 50 8 90 65 49 28 54 0 93 61 74 83 86 6 34 81 45 24 82 13 87 4 9 25 43 75 67 96 91 59 98 1 41 62 40 2 7 78 70 20 64 16 23 17 
TEST 55 ARG:12 11 15 89 71 36 46 47 30 56 52 85 5 53 79 55 26 31 33 3 72 92 22 76 58 29 38 80 19 39 97 94 27 32 60 10 84 88 95 68 21 37 18 57 35 63 69 99 48 77 73 14 44 66 51 42 50 8 90 65 49 28 54 0 93 61 74 83 86 6 34 81 45 24 82 13 87 4 9 25 43 75 67 96 91 59 98 1 41 62 40 2 7 78 70 20 64 16 23 17 
TEST 56 ARG:97 27 83 4 66 17 44 7 88 30 81 89 68 23 19 82 92 71 28 33 20 26 77 6 8 94 87 54 35 10 9 25 51 24 31 80 37 49 29 15 5 96 12 40 34 50 91 60 64 67 22 48 47 99 95 14 73 59 52 85 61 43 58 69 65 79 36 62 2 57 63 76 21 39 55 90 3 75 32 45 38 74 72 46 84 18 86 42 1 16 93 56 98 53 70 78 11 0 13 41 
TEST 56 ARG:97 27 83 4 66 17 44 7 88 30 81 89 68 23 19 82 92 71 28 33 20 26 77 6 8 94 87 54 35 10 9 25 51 24 31 80 37 49 29 15 5 96 12 40 34 50 91 60 64 67 22 48 47 99 95 14 73 59 52 85 61 43 58 69 65 79 36 62 2 57 63 76 21 39 55 90 3 75 32 45 38 74 72 46 84 18 86 42 1 16 93 56 98 53 70 78 11 0 13 41 
TEST 57 ARG:52 19 16 78 34 70 99 82 7 61 92 0 77 53 76 54 95 67 33 18 57 72 65 45 31 73 17 80 44 62 37 21 59 24 4 28 42 63 83 38 10 14 32 96 39 69 40 98 79 9 75 48 93 49 46 94 86 29 60 90 3 13 85 5 58 97 41 23 68 87 30 89 56 1 11 8 26 88 2 81 36 51 43 64 74 91 22 35 55 20 84 25 47 66 27 15 12 71 6 50 
TEST 57 ARG:52 19 16 78 34 70 99 82 7 61 92 0 77 53 76 54 95 67 33 18 57 72 65 45 31 73 17 80 44 62 37 21 59 24 4 28 42 63 83 38 10 14 32 96 39 69 40 98 79 9 75 48 93 49 46 94 86 29 60 90 3 13 85 5 58 97 41 23 68 87 30 89 56 1 11 8 26 88 2 81 36 51 43 64 74 91 22 35 55 20 84 25 47 66 27 15 12 71 6 50 
TEST 58 ARG:55 46 28 24 31 48 68 62 61 35 97 70 10 95 71 67 59 11 74 33 40 57 2 1 72 90 80 69 36 25 7 76 63 39 12 65 73 16 64 92 14 44 81 93 37 45 52 94 38 13 27 3 26 98 29 8 50 4 60 53 19 86 77 32 79 21 75 99 96 66 42 15 82 91 83 88 54 17 87 23 89 0 56 18 84 22 9 47 41 43 30 85 20 78 34 5 6 58 51 49 
TEST 58 ARG:55 46 28 24 31 48 68 62 61 35 97 70 10 95 71 67 59 11 74 33 40 57 2 1 72 90 80 69 36 25 7 76 63 39 12 65 73 16 64 92 14 44 81 93 37 45 52 94 38 13 27 3 26 98 29 8 50 4 60 53 19 86 77 32 79 21 75 99 96 66 42 15 82 91 83 88 54 17 87 23 89 0 56 18 84 22 9 47 41 43 30 85 20 78 34 5 6 58 51 49 
TEST 59 ARG:58 35 71 69 4 78 56 77 15 63 12 47 92 54 27 44 91 37 36 39 11 88 34 17 3 14 10 49 82 89 68 33 97 29 64 19 98 28 25 81 13 42 70 24 74 46 5 53 8 9 32 6 83 2 66 48 30 22 80 86 7 45 18 73 31 23 38 21 59 67 90 1 79 51 85 87 0 84 75 26 99 41 93 65 96 40 72 57 20 52 94 60 62 16 50 76 55 61 43 95 
TEST 60 ARG:47 51 48 98 69 3 90 76 13 38 68 45 10 44 11 33 37 6 21 77 70 20 60 36 41 39 5 26 40 4 85 50 54 61 93 49 82 7 56 94 28 59 30 14 58 24 84 73 17 97 87 43 79 64 57 71 32 55 12 19 81 29 1 27 88 2 8 18 91 78 95 65 63 0 23 16 52 35 83 46 80 15 42 86 22 53 67 74 92 66 34 72 62 31 96 75 9 89 99 25 
TEST 60 ARG:47 51 48 98 69 3 90 76 13 38 68 45 10 44 11 33 37 6 21 77 70 20 60 36 41 39 5 26 40 4 85 50 54 61 93 49 82 7 56 94 28 59 30 14 58 24 84 73 17 97 87 43 79 64 57 71 32 55 12 19 81 29 1 27 88 2 8 18 91 78 95 65 63 0 23 16 52 35 83 46 80 15 42 86 22 53 67 74 92 66 34 72 62 31 96 75 9 89 99 25 
TEST 61 ARG:28 92 30 51 11 23 32 6 88 17 14 39 90 20 3 35 71 33 69 83 99 4 52 81 65 74 66 37 63 61 49 95 7 62 55 24 13 97 57 93 89 76 2 67 0 46 27 16 68 60 64 10 56 47 41 38 54 31 15 70 36 94 75 40 1 42 78 43 79 98 21 82 5 84 80 91 18 96 22 8 58 19 12 53 25 34 9 26 29 48 87 72 77 59 73 44 45 85 86 50 
TEST 61 ARG:28 92 30 51 11 23 32 6 88 17 14 39 90 20 3 35 71 33 69 83 99 4 52 81 65 74 66 37 63 61 49 95 7 62 55 24 13 97 57 93 89 76 2 67 0 46 27 16 68 60 64 10 56 47 41 38 54 31 15 70 36 94 75 40 1 42 78 43 79 98 21 82 5 84 80 91 18 96 22 8 58 19 12 53 25 34 9 26 29 48 87 72 77 59 73 44 45 85 86 50 
TEST 62 ARG:79 15 82 72 87 73 11 91 47 40 58 34 66 76 4 64 37 77 69 75 62 88 63 30 24 74 98 60 3 48 85 6 96 33 55 22 89 39 1 31 16 23 94 51 20 8 36 21 52 70 19 49 17 9 54 7 99 18 67 95 53 59 80 45 81 97 27 71 28 57 32 35 61 83 86 10 12 2 13 78 84 43 0 25 38 46 26 44 14 42 92 90 50 41 93 68 65 5 29 56 
TEST 62 ARG:79 15 82 72 87 73 11 91 47 40 58 34 66 76 4 64 37 77 69 75 62 88 63 30 24 74 98 60 3 48 85 6 96 33 55 22 89 39 1 31 16 23 94 51 20 8 36 21 52 70 19 49 17 9 54 7 99 18 67 95 53 59 80 45 81 97 27 71 28 57 32 35 61 83 86 10 12 2 13 78 84 43 0 25 38 46 26 44 14 42 92 90 50 41 93 68 65 5 29 56 
TEST 63 ARG:45 21 13 54 4 1 36 71 26 67 28 88 33 49 64 9 5 93 69 65 56 91 61 35 77 12 43 63 30 48 52 17 99 31 25 40 42 32 44 47 62 23 10 95 29 7 86 68 59 98 74 78 24 22 89 46 16 11 81 87 96 83 27 79 53 55 76 20 8 94 66 58 15 3 90 6 75 37 73 38 39 85 0 60 19 70 50 80 82 14 2 18 57 51 41 72 84 34 97 92 
TEST 63 ARG:45 21 13 54 4 1 36 71 26 67 28 88 33 49 64 9 5 93 69 65 56 91 61 35 77 12 43 63 30 48 52 17 99 31 25 40 42 32 44 47 62 23 10 95 29 7 86 68 59 98 74 78 24 22 89 46 16 11 81 87 96 83 27 79 53 55 76 20 8 94 66 58 15 3 90 6 75 37 73 38 39 85 0 60 19 70 50 80 82 14 2 18 57 51 41 72 84 34 97 92 
TEST 64 ARG:6 60 27 28 59 53 96 73 94 91 47 31 78 43 46 26 1 23 77 62 32 98 50 52 44 65 70 90 95 86 14 36 92 63 24 97 29 79 54 75 82 5 40 13 66 51 19 41 87 74 42 34 22 67 8 61 72 48 57 16 45 10 99 9 25 55 33 38 15 69 20 56 21 3 81 85 2 80 0 17 18 93 11 71 4 35 58 39 30 88 37 76 7 89 83 49 12 84 68 64 
TEST 64 ARG:6 60 27 28 59 53 96 73 94 91 47 31 78 43 46 26 1 23 77 62 32 98 50 52 44 65 70 90 95 86 14 36 92 63 24 97 29 79 54 75 82 5 40 13 66 51 19 41 87 74 42 34 22 67 8 61 72 48 57 16 45 10 99 9 25 55 33 38 15 69 20 56 21 3 81 85 2 80 0 17 18 93 11 71 4 35 58 39 30 88 37 76 7 89 83 49 12 84 68 64 
TEST 65 ARG:34 91 80 76 23 72 56 25 71 10 75 93 54 29 20 6 67 47 85 46 38 69 48 28 58 27 3 73 52 40 24 16 82 33 15 14 44 43 79 95 89 8 60 66 86 59 94 49 83 2 61 5 53 7 37 92 62 36 74 64 18 57 39 19 4 9 42 68 50 11 41 51 97 45 77 31 96 78 99 65 13 26 32 98 35 0 1 22 17 63 30 12 55 70 87 90 21 81 84 88 
TEST 65 ARG:34 91 80 76 23 72 56 25 71 10 75 93 54 29 20 6 67 47 85 46 38 69 48 28 58 27 3 73 52 40 24 16 82 33 15 14 44 43 79 95 89 8 60 66 86 59 94 49 83 2 61 5 53 7 37 92 62 36 74 64 18 57 39 19 4 9 42 68 50 11 41 51 97 45 77 31 96 78 99 65 13 26 32 98 35 0 1 22 17 63 30 12 55 70 87 90 21 81 84 88 
TEST 66 ARG:95 72 19 40 53 35 99 44 16 14 83 1 33 22 90 66 11 4 51 15 57 63 43 32 69 91 28 97 31 92 24 88 18 2 47 42 58 71 52 39 87 62 6 27 10 65 86 61 20 73 38 55 29 77 50 54 0 34 30 59 9 49 17 68 41 12 70 23 60 3 36 80 67 64 26 98 7 25 89 81 94 46 78 84 76 85 37 21 96 56 45 8 5 93 13 48 74 82 79 75 
TEST 66 ARG:95 72 19 40 53 35 99 44 16 14 83 1 33 22 90 66 11 4 51 15 57 63 43 32 69 91 28 97 31 92 24 88 18 2 47 42 58 71 52 39 87 62 6 27 10 65 86 61 20 73 38 55 29 77 50 54 0 34 30 59 9 49 17 68 41 12 70 23 60 3 36 80 67 64 26 98 7 25 89 81 94 46 78 84 76 85 37 21 96 56 45 8 5 93 13 48 74 82 79 75 
TEST 67 ARG:32 85 55 34 67 25 37 22 19 86 38 59 65 46 89 54 87 1 56 5 96 77 52 23 28 68 58 3 88 30 98 84 35 26 53 6 8 18 36 2 33 47 48 42 50 75 57 99 39 79 7 81 24 41 69 71 11 51 66 94 4 20 45 21 16 27 49 72 91 29 17 13 43 9 93 10 70 15 90 64 44 83 80 92 78 76 73 82 63 61 95 74 12 31 14 97 40 0 62 60 
TEST 67 ARG:32 85 55 34 67 25 37 22 19 86 38 59 65 46 89 54 87 1 56 5 96 77 52 23 28 68 58 3 88 30 98 84 35 26 53 6 8 18 36 2 33 47 48 42 50 75 57 99 39 79 7 81 24 41 69 71 11 51 66 94 4 20 45 21 16 27 49 72 91 29 17 13 43 9 93 10 70 15 90 64 44 83 80 92 78 76 73 82 63 61 95 74 12 31 14 97 40 0 62 60 
TEST 68 ARG:82 34 99 43 24 38 35 32 93 92 46 98 88 89 26 3 30 50 79 10 84 33 71 69 20 5 16 44 55 27 70 90 17 56 47 21 31 4 49 96 87 11 14 48 78 36 59 75 37 28 52 76 67 77 95 1 81 13 42 54 68 8 25 63 2 23 7 66 58 74 19 6 64 18 97 85 39 12 29 45 0 51 41 83 94 72 86 60 91 57 61 9 80 73 15 65 40 22 53 62 
TEST 68 ARG:82 34 99 43 24 38 35 32 93 92 46 98 88 89 26 3 30 50 79 10 84 33 71 69 20 5 16 44 55 27 70 90 17 56 47 21 31 4 49 96 87 11 14 48 78 36 59 75 37 28 52 76 67 77 95 1 81 13 42 54 68 8 25 63 2 23 7 66 58 74 19 6 64 18 97 85 39 12 29 45 0 51 41 83 94 72 86 60 91 57 61 9 80 73 15 65 40 22 53 62 
TEST 69 ARG:13 2 68 71 82 55 65 79 1 25 26 56 19 81 88 78 86 91 4 74 18 31 49 50 22 60 97 64 75 94 69 62 14 24 87 90 12 61 28 20 77 95 36 9 5 45 38 44 35 63 98 80 6 47 29 32 83 66 8 3 15 27 84 39 17 46 51 23 96 16 58 67 30 53 42 37 33 52 54 99 43 73 93 72 70 41 59 76 7 89 85 11 40 57 21 48 0 34 10 92 
TEST 70 ARG:22 55 1 49 64 3 25 26 77 53 52 36 93 46 42 82 34 13 14 11 5 8 28 63 6 75 71 81 96 92 15 45 72 86 68 35 39 7 88 89 66 74 27 98 99 30 87 19 80 31 32 44 37 23 10 57 79 18 95 61 33 43 50 76 84 70 97 48 69 60 29 51 2 24 94 85 65 62 38 59 91 0 56 4 73 12 40 16 67 83 41 58 21 78 17 90 20 47 9 54 
TEST 70 ARG:22 55 1 49 64 3 25 26 77 53 52 36 93 46 42 82 34 13 14 11 5 8 28 63 6 75 71 81 96 92 15 45 72 86 68 35 39 7 88 89 66 74 27 98 99 30 87 19 80 31 32 44 37 23 10 57 79 18 95 61 33 43 50 76 84 70 97 48 69 60 29 51 2 24 94 85 65 62 38 59 91 0 56 4 73 12 40 16 67 83 41 58 21 78 17 90 20 47 9 54 
TEST 71 ARG:47 39 18 52 42 83 64 67 6 2 35 19 76 44 91 58 25 26 73 43 20 92 37 10 63 27 3 51 99 61 57 69 48 72 12 0 33 7 46 9 56 65 17 68 86 13 78 15 77 30 55 80 90 85 16 88 96 98 41 89 66 54 49 36 95 70 50 94 1 93 28 32 62 84 31 79 5 82 22 87 40 11 60 14 34 23 45 38 74 4 29 21 8 75 24 97 59 81 71 53 
TEST 71 ARG:47 39 18 52 42 83 64 67 6 2 35 19 76 44 91 58 25 26 73 43 20 92 37 10 63 27 3 51 99 61 57 69 48 72 12 0 33 7 46 9 56 65 17 68 86 13 78 15 77 30 55 80 90 85 16 88 96 98 41 89 66 54 49 36 95 70 50 94 1 93 28 32 62 84 31 79 5 82 22 87 40 11 60 14 34 23 45 38 74 4 29 21 8 75 24 97 59 81 71 53 
TEST 72 ARG:8 6 87 79 17 1 92 98 23 75 86 78 16 22 72 46 91 50 58 19 40 62 36 59 88 41 45 42 54 29 0 65 96 60 39 21 9 83 35 14 97 43 57 89 26 34 80 27 68 30 31 74 71 48 90 55 33 47 67 4 81 82 63 70 24 32 66 84 73 69 64 95 38 15 61 5 37 20 2 3 28 44 51 99 94 76 77 52 56 11 53 93 12 18 49 10 13 7 85 25 
TEST 73 ARG:69 26 10 72 84 33 65 8 55 14 82 40 75 99 1 94 73 38 60 27 16 46 78 17 30 32 66 86 19 47 58 4 44 39 24 80 61 34 89 51 29 95 7 74 2 76 64 6 49 50 93 35 62 9 0 53 83 28 63 5 88 57 15 37 59 54 43 12 85 71 68 92 79 90 96 97 42 45 3 36 77 31 22 91 87 98 67 48 21 20 18 23 41 25 70 81 13 52 56 11 
TEST 73 ARG:69 26 10 72 84 33 65 8 55 14 82 40 75 99 1 94 73 38 60 27 16 46 78 17 30 32 66 86 19 47 58 4 44 39 24 80 61 34 89 51 29 95 7 74 2 76 64 6 49 50 93 35 62 9 0 53 83 28 63 5 88 57 15 37 59 54 43 12 85 71 68 92 79 90 96 97 42 45 3 36 77 31 22 91 87 98 67 48 21 20 18 23 41 25 70 81 13 52 56 11 
TEST 74 ARG:95 79 21 90 15 97 62 46 6 52 50 17 36 84 91 49 93 35 70 88 48 28 54 51 2 75 4 30 57 0 7 99 20 10 64 68 59 40 76 83 3 94 58 45 13 63 29 82 65 31 56 37 23 22 69 11 98 96 78 43 19 86 16 60 74 9 71 81 87 53 61 85 77 92 41 67 18 33 42 66 89 72 8 25 32 1 27 73 44 39 12 5 55 24 80 14 26 34 38 47 
TEST 74 ARG:95 79 21 90 15 97 62 46 6 52 50 17 36 84 91 49 93 35 70 88 48 28 54 51 2 75 4 30 57 0 7 99 20 10 64 68 59 40 76 83 3 94 58 45 13 63 29 82 65 31 56 37 23 22 69 11 98 96 78 43 19 86 16 60 74 9 71 81 87 53 61 85 77 92 41 67 18 33 42 66 89 72 8 25 32 1 27 73 44 39 12 5 55 24 80 14 26 34 38 47 
TEST 75 ARG:95 55 50 8 65 90 18 6 86 7 54 12 0 24 74 69 82 70 39 16 9 15 26 20 77 48 30 96 35 91 5 89 47 57 76 4 62 10 60 14 97 83 29 58 34 44 1 87 49 3 41 61 84 17 59 33 73 31 71 37 45 67 80 88 81 25 93 64 72 32 79 75 13 11 40 46 99 92 2 23 63 19 94 85 38 98 43 53 21 51 22 68 56 28 78 42 66 52 27 36 
TEST 76 ARG:74 26 93 64 0 3 47 69 87 14 68 92 10 25 70 61 13 58 11 12 18 42 85 78 17 50 27 29 33 76 59 46 20 53 79 88 28 83 57 52 49 62 4 5 7 43 51 15 16 37 99 41 72 44 97 84 31 67 24 95 54 63 8 48 98 19 91 45 77 32 35 60 86 96 38 30 81 21 39 6 71 73 66 65 56 2 90 94 75 40 55 23 80 89 36 22 34 82 9 1 
TEST 76 ARG:74 26 93 64 0 3 47 69 87 14 68 92 10 25 70 61 13 58 11 12 18 42 85 78 17 50 27 29 33 76 59 46 20 53 79 88 28 83 57 52 49 62 4 5 7 43 51 15 16 37 99 41 72 44 97 84 31 67 24 95 54 63 8 48 98 19 91 45 77 32 35 60 86 96 38 30 81 21 39 6 71 73 66 65 56 2 90 94 75 40 55 23 80 89 36 22 34 82 9 1 
TEST 77 ARG:57 54 52 32 35 48 12 95 22 40 51 16 94 23 91 47 83 66 86 73 31 19 88 87 25 61 92 43 34 17 64 10 85 21 27 79 67 1 42 60 50 29 6 13 24 20 72 75 58 15 56 81 9 76 90 65 33 53 74 3 46 62 7 84 63 11 18 89 49 28 97 4 59 70 96 69 37 68 14 44 2 80 0 41 99 5 71 77 98 45 26 38 8 39 78 30 55 82 93 36 
TEST 78 ARG:5 69 73 60 97 64 11 80 37 18 65 82 14 25 63 98 76 23 62 31 24 44 95 35 39 52 43 94 19 77 21 45 87 59 8 71 3 85 67 32 10 38 83 49 92 29 48 12 50 15 57 26 72 46 75 81 54 4 91 51 47 55 74 0 40 93 41 53 30 42 78 90 16 68 70 79 99 66 20 6 33 56 36 89 2 13 28 17 88 22 61 9 58 27 96 84 34 1 7 86 
TEST 78 ARG:5 69 73 60 97 64 11 80 37 18 65 82 14 25 63 98 76 23 62 31 24 44 95 35 39 52 43 94 19 77 21 45 87 59 8 71 3 85 67 32 10 38 83 49 92 29 48 12 50 15 57 26 72 46 75 81 54 4 91 51 47 55 74 0 40 93 41 53 30 42 78 90 16 68 70 79 99 66 20 6 33 56 36 89 2 13 28 17 88 22 61 9 58 27 96 84 34 1 7 86 
TEST 79 ARG:36 88 82 75 93 45 8 84 68 48 52 30 39 67 91 70 17 15 41 60 31 42 47 50 58 54 9 44 62 11 74 35 99 6 56 87 92 12 13 64 78 81 29 53 79 19 57 21 61 4 59 7 76 2 65 28 77 22 72 55 51 96 23 14 34 80 25 85 3 16 66 37 95 71 10 33 5 97 73 90 46 94 83 32 0 38 20 63 40 24 27 1 89 98 49 43 86 26 18 69 
TEST 79 ARG:36 88 82 75 93 45 8 84 68 48 52 30 39 67 91 70 17 15 41 60 31 42 47 50 58 54 9 44 62 11 74 35 99 6 56 87 92 12 13 64 78 81 29 53 79 19 57 21 61 4 59 7 76 2 65 28 77 22 72 55 51 96 23 14 34 80 25 85 3 16 66 37 95 71 10 33 5 97 73 90 46 94 83 32 0 38 20 63 40 24 27 1 89 98 49 43 86 26 18 69 
TEST 80 ARG:11 43 55 23 71 52 56 18 70 79 29 41 75 77 58 2 99 50 26 22 54 63 40 12 69 24 5 1 10 0 34 9 67 17 42 48 82 53 98 83 27 15 84 21 28 30 80 32 3 35 14 90 78 7 89 13 46 39 60 44 81 47 94 65 76 45 64 19 62 95 4 96 33 8 72 87 85 68 88 31 92 57 86 74 97 49 73 20 25 16 59 37 38 6 91 61 51 93 66 36 
TEST 80 ARG:11 43 55 23 71 52 56 18 70 79 29 41 75 77 58 2 99 50 26 22 54 63 40 12 69 24 5 1 10 0 34 9 67 17 42 48 82 53 98 83 27 15 84 21 28 30 80 32 3 35 14 90 78 7 89 13 46 39 60 44 81 47 94 65 76 45 64 19 62 95 4 96 33 8 72 87 85 68 88 31 92 57 86 74 97 49 73 20 25 16 59 37 38 6 91 61 51 93 66 36 
TEST 81 ARG:20 95 13 78 99 50 23 89 94 61 28 43 0 63 3 71 83 74 98 68 92 60 97 5 4 47 8 52 80 46 76 30 62 75 34 35 85 14 77 82 6 72 57 11 41 2 48 10 9 1 39 84 12 45 56 7 25 15 22 65 26 54 40 91 93 42 55 79 51 17 81 38 21 58 70 59 32 88 19 86 53 90 27 66 69 96 16 44 87 36 49 67 31 73 64 18 33 24 29 37 
TEST 81 ARG:20 95 13 78 99 50 23 89 94 61 28 43 0 63 3 71 83 74 98 68 92 60 97 5 4 47 8 52 80 46 76 30 62 75 34 35 85 14 77 82 6 72 57 11 41 2 48 10 9 1 39 84 12 45 56 7 25 15 22 65 26 54 40 91 93 42 55 79 51 17 81 38 21 58 70 59 32 88 19 86 53 90 27 66 69 96 16 44 87 36 49 67 31 73 64 18 33 24 29 37 
TEST 82 ARG:71 30 21 63 93 41 14 38 54 73 50 4 86 60 88 8 0 70 24 67 81 80 49 31 13 96 34 85 95 32 42 52 76 84 77 75 37 12 44 27 39 48 40 91 82 46 87 51 43 58 5 23 72 45 56 97 18 69 3 11 98 2 89 9 35 99 20 53 19 7 92 28 25 22 47 36 62 90 78 94 65 66 16 74 79 6 83 1 61 17 59 33 15 64 26 10 57 29 55 68 
TEST 82 ARG:71 30 21 63 93 41 14 38 54 73 50 4 86 60 88 8 0 70 24 67 81 80 49 31 13 96 34 85 95 32 42 52 76 84 77 75 37 12 44 27 39 48 40 91 82 46 87 51 43 58 5 23 72 45 56 97 18 69 3 11 98 2 89 9 35 99 20 53 19 7 92 28 25 22 47 36 62 90 78 94 65 66 16 74 79 6 83 1 61 17 59 33 15 64 26 10 57 29 55 68 
TEST 83 ARG:15 19 9 44 27 88 45 35 42 96 50 5 94 58 49 37 46 33 97 30 32 38 84 64 22 28 31 6 13 23 93 62 83 82 91 59 79 98 11 48 18 1 65 86 3 60 74 47 14 85 57 67 41 54 78 56 4 10 90 8 40 34 25 51 52 16 53 89 20 17 75 69 21 73 99 63 43 7 61 80 36 29 76 24 2 39 26 81 72 95 70 77 55 66 0 87 12 92 71 68 
TEST 83 ARG:15 19 9 44 27 88 45 35 42 96 50 5 94 58 49 37 46 33 97 30 32 38 84 64 22 28 31 6 13 23 93 62 83 82 91 59 79 98 11 48 18 1 65 86 3 60 74 47 14 85 57 67 41 54 78 56 4 10 90 8 40 34 25 51 52 16 53 89 20 17 75 69 21 73 99 63 43 7 61 80 36 29 76 24 2 39 26 81 72 95 70 77 55 66 0 87 12 92 71 68 
TEST 84 ARG:48 63 51 54 20 30 26 72 34 97 43 8 71 64 91 50 19 86 80 2 83 14 62 25 17 0 56 6 96 95 89 61 41 52 65 60 40 21 78 87 66 69 93 81 29 39 35 76 75 24 70 77 31 49 94 85 53 38 15 47 44 73 82 36 12 92 74 22 79 84 5 4 57 32 68 58 3 16 10 55 18 98 67 28 59 1 42 99 27 7 9 45 88 90 33 46 37 11 13 23 
TEST 84 ARG:48 63 51 54 20 30 26 72 34 97 43 8 71 64 91 50 19 86 80 2 83 14 62 25 17 0 56 6 96 95 89 61 41 52 65 60 40 21 78 87 66 69 93 81 29 39 35 76 75 24 70 77 31 49 94 85 53 38 15 47 44 73 82 36 12 92 74 22 79 84 5 4 57 32 68 58 3 16 10 55 18 98 67 28 59 1 42 99 27 7 9 45 88 90 33 46 37 11 13 23 
TEST 85 ARG:56 99 77 2 67 9 63 66 76 60 13 73 95 0 48 38 17 30 11 16 8 36 54 43 42 81 85 61 84 53 12 44 26 52 3 5 94 64 92 90 78 14 65 49 71 74 22 70 59 45 87 57 75 80 69 40 89 62 51 6 98 39 79 18 91 97 27 31 37 19 32 86 10 55 72 68 7 23 20 28 1 29 34 41 21 88 96 15 4 58 33 25 83 50 93 35 82 46 24 47 
TEST 85 ARG:56 99 77 2 67 9 63 66 76 60 13 73 95 0 48 38 17 30 11 16 8 36 54 43 42 81 85 61 84 53 12 44 26 52 3 5 94 64 92 90 78 14 65 49 71 74 22 70 59 45 87 57 75 80 69 40 89 62 51 6 98 39 79 18 91 97 27 31 37 19 32 86 10 55 72 68 7 23 20 28 1 29 34 41 21 88 96 15 4 58 33 25 83 50 93 35 82 46 24 47 
TEST 86 ARG:77 82 24 89 1 17 99 7 63 30 40 56 64 26 57 80 90 47 14 18 86 34 87 73 21 71 70 0 19 13 85 55 95 27 15 68 6 83 58 74 43 60 92 29 88 94 33 79 42 31 62 8 39 76 35 3 72 50 23 48 46 97 61 53 44 52 22 81 67 25 32 12 65 11 2 28 66 51 4 84 36 49 96 5 41 91 37 75 45 38 20 10 78 93 9 98 16 54 69 59 
TEST 86 ARG:77 82 24 89 1 17 99 7 63 30 40 56 64 26 57 80 90 47 14 18 86 34 87 73 21 71 70 0 19 13 85 55 95 27 15 68 6 83 58 74 43 60 92 29 88 94 33 79 42 31 62 8 39 76 35 3 72 50 23 48 46 97 61 53 44 52 22 81 67 25 32 12 65 11 2 28 66 51 4 84 36 49 96 5 41 91 37 75 45 38 20 10 78 93 9 98 16 54 69 59 
TEST 87 ARG:43 92 3 85 82 81 1 25 98 71 32 94 53 91 37 20 70 41 52 12 68 18 19 7 57 54 39 77 93 65 74 47 48 72 99 10 29 73 17 56 97 13 34 84 79 45 90 58 15 35 55 4 28 0 31 63 50 66 38 42 27 8 96 14 51 89 67 69 95 59 46 30 6 36 21 26 61 87 78 24 80 40 86 62 88 11 2 16 83 23 5 49 22 33 44 75 64 60 76 9 
TEST 87 ARG:43 92 3 85 82 81 1 25 98 71 32 94 53 91 37 20 70 41 52 12 68 18 19 7 57 54 39 77 93 65 74 47 48 72 99 10 29 73 17 56 97 13 34 84 79 45 90 58 15 35 55 4 28 0 31 63 50 66 38 42 27 8 96 14 51 89 67 69 95 59 46 30 6 36 21 26 61 87 78 24 80 40 86 62 88 11 2 16 83 23 5 49 22 33 44 75 64 60 76 9 
TEST 88 ARG:63 67 48 81 53 14 29 19 70 74 24 34 21 94 55 69 64 47 18 98 91 20 35 5 23 73 9 44 11 62 39 88 97 75 42 22 68 71 50 0 7 46 96 38 85 59 10 77 27 33 80 57 93 15 54 89 13 28 43 17 82 3 26 2 45 25 37 52 92 58 41 90 86 99 40 78 51 84 6 8 30 79 32 31 1 36 16 65 4 95 76 87 56 49 72 60 12 83 66 61 
TEST 88 ARG:63 67 48 81 53 14 29 19 70 74 24 34 21 94 55 69 64 47 18 98 91 20 35 5 23 73 9 44 11 62 39 88 97 75 42 22 68 71 50 0 7 46 96 38 85 59 10 77 27 33 80 57 93 15 54 89 13 28 43 17 82 3 26 2 45 25 37 52 92 58 41 90 86 99 40 78 51 84 6 8 30 79 32 31 1 36 16 65 4 95 76 87 56 49 72 60 12 83 66 61 
TEST 89 ARG:40 92 20 15 17 10 22 41 44 51 82 99 21 49 89 13 68 3 93 2 80 18 69 12 70 61 14 0 95 66 32 71 78 47 96 24 90 59 83 19 67 8 54 6 5 76 23 72 48 16 26 77 42 86 63 57 52 27 60 33 84 25 64 56 62 94 45 11 9 28 73 36 74 88 35 53 85 43 34 91 58 4 31 81 50 29 38 55 7 37 39 87 75 79 65 30 46 97 98 1 
TEST 89 ARG:40 92 20 15 17 10 22 41 44 51 82 99 21 49 89 13 68 3 93 2 80 18 69 12 70 61 14 0 95 66 32 71 78 47 96 24 90 59 83 19 67 8 54 6 5 76 23 72 48 16 26 77 42 86 63 57 52 27 60 33 84 25 64 56 62 94 45 11 9 28 73 36 74 88 35 53 85 43 34 91 58 4 31 81 50 29 38 55 7 37 39 87 75 79 65 30 46 97 98 1 
TEST 90 ARG:87 69 81 12 73 47 4 72 1 74 90 25 34 88 0 7 13 53 24 63 29 44 38 51 65 59 39 19 36 49 48 14 27 64 84 86 58 21 91 79 5 23 82 70 62 80 50 28 60 99 76 96 71 54 94 6 31 9 40 41 18 10 26 61 52 55 85 92 43 33 15 42 2 3 16 17 66 98 93 67 30 83 8 11 20 89 35 57 77 97 95 75 46 56 32 45 68 78 37 22 
TEST 90 ARG:87 69 81 12 73 47 4 72 1 74 90 25 34 88 0 7 13 53 24 63 29 44 38 51 65 59 39 19 36 49 48 14 27 64 84 86 58 21 91 79 5 23 82 70 62 80 50 28 60 99 76 96 71 54 94 6 31 9 40 41 18 10 26 61 52 55 85 92 43 33 15 42 2 3 16 17 66 98 93 67 30 83 8 11 20 89 35 57 77 97 95 75 46 56 32 45 68 78 37 22 
TEST 91 ARG:94 90 71 38 37 87 51 66 86 23 88 54 40 62 28 17 82 9 41 35 55 27 0 25 46 74 7 6 73 20 31 96 80 61 56 33 10 97 59 42 95 79 85 92 72 8 43 1 48 39 68 45 22 13 44 93 21 69 47 5 99 49 65 4 15 30 63 64 91 14 32 53 78 89 16 2 75 60 83 19 36 76 84 11 34 18 98 12 67 77 58 3 50 52 70 26 29 24 57 81 
TEST 91 ARG:94 90 71 38 37 87 51 66 86 23 88 54 40 62 28 17 82 9 41 35 55 27 0 25 46 74 7 6 73 20 31 96 80 61 56 33 10 97 59 42 95 79 85 92 72 8 43 1 48 39 68 45 22 13 44 93 21 69 47 5 99 49 65 4 15 30 63 64 91 14 32 53 78 89 16 2 75 60 83 19 36 76 84 11 34 18 98 12 67 77 58 3 50 52 70 26 29 24 57 81 
TEST 92 ARG:6 3 69 19 98 29 43 12 62 81 0 5 83 23 26 90 11 54 2 38 95 22 51 84 17 31 27 50 64 53 35 91 92 67 47 49 37 96 20 99 56 24 87 63 57 41 30 14 65 88 58 97 44 1 32 66 72 33 52 82 79 42 36 45 4 61 39 55 85 78 70 8 18 77 16 60 34 48 73 10 89 13 80 68 7 25 86 46 9 28 15 71 93 59 94 75 21 74 40 76 
TEST 92 ARG:6 3 69 19 98 29 43 12 62 81 0 5 83 23 26 90 11 54 2 38 95 22 51 84 17 31 27 50 64 53 35 91 92 67 47 49 37 96 20 99 56 24 87 63 57 41 30 14 65 88 58 97 44 1 32 66 72 33 52 82 79 42 36 45 4 61 39 55 85 78 70 8 18 77 16 60 34 48 73 10 89 13 80 68 7 25 86 46 9 28 15 71 93 59 94 75 21 74 40 76 
TEST 93 ARG:16 14 67 96 89 47 98 43 0 57 91 93 20 64 72 85 53 55 63 22 92 41 29 95 75 39 8 58 76 87 83 30 38 37 11 88 18 48 97 10 7 84 86 23 60 62 46 31 12 5 69 49 42 35 80 36 25 81 68 99 66 79 77 40 6 74 26 32 90 13 73 59 54 2 3 17 78 27 94 50 19 52 4 9 34 15 61 44 28 82 1 56 24 51 65 70 45 33 71 21 
TEST 93 ARG:16 14 67 96 89 47 98 43 0 57 91 93 20 64 72 85 53 55 63 22 92 41 29 95 75 39 8 58 76 87 83 30 38 37 11 88 18 48 97 10 7 84 86 23 60 62 46 31 12 5 69 49 42 35 80 36 25 81 68 99 66 79 77 40 6 74 26 32 90 13 73 59 54 2 3 17 78 27 94 50 19 52 4 9 34 15 61 44 28 82 1 56 24 51 65 70 45 33 71 21 
TEST 94 ARG:78 37 46 13 21 70 16 33 15 26 30 34 45 32 81 61 39 95 64 57 82 52 48 50 7 53 68 89 31 80 11 76 25 99 69 51 65 38 4 2 55 90 86 73 62 23 59 47 9 77 0 97 75 87 19 88 36 3 12 42 96 6 43 27 83 56 40 91 41 66 94 79 20 5 29 49 60 10 8 74 72 17 84 22 14 54 18 58 71 85 35 98 93 24 1 44 28 92 67 63 
TEST 94 ARG:78 37 46 13 21 70 16 33 15 26 30 34 45 32 81 61 39 95 64 57 82 52 48 50 7 53 68 89 31 80 11 76 25 99 69 51 65 38 4 2 55 90 86 73 62 23 59 47 9 77 0 97 75 87 19 88 36 3 12 42 96 6 43 27 83 56 40 91 41 66 94 79 20 5 29 49 60 10 8 74 72 17 84 22 14 54 18 58 71 85 35 98 93 24 1 44 28 92 67 63 
TEST 95 ARG:32 19 95 73 87 74 43 10 50 78 24 26 39 91 65 35 18 14 79 21 72 16 45 23 92 96 17 22 34 85 66 82 8 89 53 68 70 60 38 71 33 57 7 20 42 55 94 27 81 61 49 88 31 80 84 62 37 28 76 97 75 0 6 2 9 5 44 54 41 58 64 99 47 3 86 36 4 83 67 51 29 1 77 12 25 56 13 30 52 90 59 98 63 46 15 48 93 40 11 69 
TEST 95 ARG:32 19 95 73 87 74 43 10 50 78 24 26 39 91 65 35 18 14 79 21 72 16 45 23 92 96 17 22 34 85 66 82 8 89 53 68 70 60 38 71 33 57 7 20 42 55 94 27 81 61 49 88 31 80 84 62 37 28 76 97 75 0 6 2 9 5 44 54 41 58 64 99 47 3 86 36 4 83 67 51 29 1 77 12 25 56 13 30 52 90 59 98 63 46 15 48 93 40 11 69 
TEST 96 ARG:68 54 99 42 58 96 1 93 72 63 80 13 50 61 67 77 17 28 48 69 12 19 56 65 38 91 55 74 3 18 0 11 39 59 22 45 30 98 26 46 25 89 2 87 24 52 95 66 64 29 62 5 4 86 84 90 40 37 49 57 85 70 14 71 15 10 88 27 82 44 6 51 9 60 75 81 35 41 31 43 79 78 47 8 73 7 32 20 83 34 21 16 53 94 97 33 76 92 23 36 
TEST 96 ARG:68 54 99 42 58 96 1 93 72 63 80 13 50 61 67 77 17 28 48 69 12 19 56 65 38 91 55 74 3 18 0 11 39 59 22 45 30 98 26 46 25 89 2 87 24 52 95 66 64 29 62 5 4 86 84 90 40 37 49 57 85 70 14 71 15 10 88 27 82 44 6 51 9 60 75 81 35 41 31 43 79 78 47 8 73 7 32 20 83 34 21 16 53 94 97 33 76 92 23 36 
TEST 97 ARG:37 32 51 63 93 0 3 40 62 50 22 52 59 39 85 71 25 2 97 9 57 75 98 67 41 18 38 92 94 24 54 14 96 16 88 21 60 1 13 72 64 34 7 78 76 91 26 19 23 6 89 15 5 17 65 27 77 99 86 49 31 11 68 81 47 4 87 36 43 74 95 55 82 12 29 53 66 73 56 30 61 46 80 83 10 35 69 45 70 48 90 8 44 58 42 20 79 28 33 84 
TEST 97 ARG:37 32 51 63 93 0 3 40 62 50 22 52 59 39 85 71 25 2 97 9 57 75 98 67 41 18 38 92 94 24 54 14 96 16 88 21 60 1 13 72 64 34 7 78 76 91 26 19 23 6 89 15 5 17 65 27 77 99 86 49 31 11 68 81 47 4 87 36 43 74 95 55 82 12 29 53 66 73 56 30 61 46 80 83 10 35 69 45 70 48 90 8 44 58 42 20 79 28 33 84 
TEST 98 ARG:44 98 5 18 11 32 61 1 45 78 48 59 37 62 81 71 91 35 39 17 43 12 52 28 31 72 58 23 96 41 0 54 60 85 76 73 74 34 55 97 25 8 67 57 14 51 15 24 36 50 94 75 13 29 38 99 42 7 87 22 20 69 65 16 27 70 79 95 6 46 88 3 19 83 66 64 53 82 68 49 89 63 56 40 21 4 10 26 33 90 9 77 92 93 80 84 47 2 30 86 
TEST 98 ARG:44 98 5 18 11 32 61 1 45 78 48 59 37 62 81 71 91 35 39 17 43 12 52 28 31 72 58 23 96 41 0 54 60 85 76 73 74 34 55 97 25 8 67 57 14 51 15 24 36 50 94 75 13 29 38 99 42 7 87 22 20 69 65 16 27 70 79 95 6 46 88 3 19 83 66 64 53 82 68 49 89 63 56 40 21 4 10 26 33 90 9 77 92 93 80 84 47 2 30 86 
TEST 99 ARG:0 78 82 59 94 79 96 9 30 72 83 47 61 27 2 67 5 14 69 64 81 26 49 71 6 63 98 62 77 88 17 33 25 51 92 70 1 97 10 31 11 44 29 90 57 7 3 41 34 74 89 58 60 52 66 4 13 46 50 21 56 68 86 35 12 24 48 54 22 23 40 91 65 19 45 20 36 87 18 39 43 37 93 15 99 73 84 32 38 55 16 95 80 8 76 28 42 75 53 85 
TEST 99 ARG:0 78 82 59 94 79 96 9 30 72 83 47 61 27 2 67 5 14 69 64 81 26 49 71 6 63 98 62 77 88 17 33 25 51 92 70 1 97 10 31 11 44 29 90 57 7 3 41 34 74 89 58 60 52 66 4 13 46 50 21 56 68 86 35 12 24 48 54 22 23 40 91 65 19 45 20 36 87 18 39 43 37 93 15 99 73 84 32 38 55 16 95 80 8 76 28 42 75 53 85 
TEST 100 ARG:93 82 69 95 43 24 68 30 84 23 16 20 42 97 65 27 22 81 55 21 34 10 49 58 12 86 7 88 39 40 9 52 94 90 62 53 98 41 92 54 72 46 47 11 99 33 51 57 3 48 77 64 4 32 17 0 6 67 61 38 75 91 60 37 28 8 1 45 35 87 2 25 80 73 78 15 14 50 5 36 56 85 18 19 76 63 70 59 29 74 44 96 26 89 79 66 13 83 31 71 
TEST 100 ARG:93 82 69 95 43 24 68 30 84 23 16 20 42 97 65 27 22 81 55 21 34 10 49 58 12 86 7 88 39 40 9 52 94 90 62 53 98 41 92 54 72 46 47 11 99 33 51 57 3 48 77 64 4 32 17 0 6 67 61 38 75 91 60 37 28 8 1 45 35 87 2 25 80 73 78 15 14 50 5 36 56 85 18 19 76 63 70 59 29 74 44 96 26 89 79 66 13 83 31 71 
TEST 101 ARG:18 51 12 84 52 92 6 28 95 26 77 27 17 57 5 38 96 98 83 14 4 45 41 56 70 86 91 11 36 2 21 30 61 49 10 73 48 69 22 85 13 3 89 87 39 80 44 90 37 29 25 68 16 9 8 71 55 43 58 81 88 50 20 59 47 1 67 97 64 72 99 24 75 76 66 42 54 79 53 34 19 33 7 60 23 62 0 65 35 78 94 93 15 74 31 40 32 46 82 63 
TEST 101 ARG:18 51 12 84 52 92 6 28 95 26 77 27 17 57 5 38 96 98 83 14 4 45 41 56 70 86 91 11 36 2 21 30 61 49 10 73 48 69 22 85 13 3 89 87 39 80 44 90 37 29 25 68 16 9 8 71 55 43 58 81 88 50 20 59 47 1 67 97 64 72 99 24 75 76 66 42 54 79 53 34 19 33 7 60 23 62 0 65 35 78 94 93 15 74 31 40 32 46 82 63 
TEST 102 ARG:81 46 30 55 86 64 65 98 72 18 68 91 19 36 28 83 76 42 99 63 77 38 90 80 60 53 27 1 20 49 4 47 48 11 95 85 75 32 31 35 37 24 5 39 89 51 66 10 88 16 71 93 70 52 13 12 78 79 82 97 9 44 14 7 41 25 96 92 59 33 87 15 22 58 29 26 6 73 84 34 43 17 45 2 8 94 61 50 62 0 57 40 74 67 23 54 69 21 3 56 
TEST 102 ARG:81 46 30 55 86 64 65 98 72 18 68 91 19 36 28 83 76 42 99 63 77 38 90 80 60 53 27 1 20 49 4 47 48 11 95 85 75 32 31 35 37 24 5 39 89 51 66 10 88 16 71 93 70 52 13 12 78 79 82 97 9 44 14 7 41 25 96 92 59 33 87 15 22 58 29 26 6 73 84 34 43 17 45 2 8 94 61 50 62 0 57 40 74 67 23 54 69 21 3 56 
TEST 103 ARG:69 19 34 94 49 99 10 0 3 21 75 16 51 13 12 46 15 89 63 41 76 37 7 57 74 66 96 31 32 72 58 86 54 24 82 20 56 95 18 47 36 1 71 33 70 88 60 68 30 90 80 92 35 39 5 84 23 25 93 42 78 9 29 22 6 45 81 62 27 53 28 77 14 79 44 83 40 17 59 11 26 98 85 73 43 64 67 2 38 61 97 4 48 52 91 55 87 65 8 50 
TEST 103 ARG:69 19 34 94 49 99 10 0 3 21 75 16 51 13 12 46 15 89 63 41 76 37 7 57 74 66 96 31 32 72 58 86 54 24 82 20 56 95 18 47 36 1 71 33 70 88 60 68 30 90 80 92 35 39 5 84 23 25 93 42 78 9 29 22 6 45 81 62 27 53 28 77 14 79 44 83 40 17 59 11 26 98 85 73 43 64 67 2 38 61 97 4 48 52 91 55 87 65 8 50 
TEST 104 ARG:19 15 83 40 21 85 6 22 20 93 51 64 14 66 90 26 94 63 55 76 9 48 77 72 13 34 54 82 57 67 8 96 39 4 25 28 70 84 0 32 92 17 37 29 50 89 88 18 87 42 74 73 5 46 43 44 86 71 23 41 10 98 30 11 31 56 68 97 91 24 2 65 49 3 78 52 75 27 58 47 35 1 79 95 7 80 61 36 53 12 38 45 33 60 99 69 59 81 62 16 
TEST 104 ARG:19 15 83 40 21 85 6 22 20 93 51 64 14 66 90 26 94 63 55 76 9 48 77 72 13 34 54 82 57 67 8 96 39 4 25 28 70 84 0 32 92 17 37 29 50 89 88 18 87 42 74 73 5 46 43 44 86 71 23 41 10 98 30 11 31 56 68 97 91 24 2 65 49 3 78 52 75 27 58 47 35 1 79 95 7 80 61 36 53 12 38 45 33 60 99 69 59 81 62 16 
TEST 105 ARG:62 32 73 10 87 18 75 94 61 41 64 22 72 17 25 58 90 67 49 19 30 12 79 50 71 23 36 59 74 89 4 8 21 93 76 47 45 63 81 86 44 6 16 42 48 97 14 15 31 60 57 29 65 40 33 5 35 28 20 51 2 66 68 98 92 0 70 1 53 78 24 96 84 37 26 46 91 83 69 39 82 38 80 77 95 55 43 54 9 85 56 52 11 99 7 27 3 13 34 88 
TEST 105 ARG:62 32 73 10 87 18 75 94 61 41 64 22 72 17 25 58 90 67 49 19 30 12 79 50 71 23 36 59 74 89 4 8 21 93 76 47 45 63 81 86 44 6 16 42 48 97 14 15 31 60 57 29 65 40 33 5 35 28 20 51 2 66 68 98 92 0 70 1 53 78 24 96 84 37 26 46 91 83 69 39 82 38 80 77 95 55 43 54 9 85 56 52 11 99 7 27 3 13 34 88 
TEST 106 ARG:35 81 49 60 18 57 74 29 2 64 9 94 45 36 8 58 89 73 41 68 51 63 4 80 21 10 83 22 92 95 98 69 46 78 77 27 99 3 32 66 97 30 5 39 43 1 50 31 42 33 85 48 24 59 38 15 79 61 20 67 11 93 96 90 87 76 7 75 88 17 72 62 55 23 56 0 44 26 25 86 47 52 54 12 82 37 16 14 28 6 84 71 53 19 40 65 34 13 91 70 
TEST 107 ARG:22 58 42 43 34 75 89 73 44 46 98 19 36 95 17 28 62 18 68 52 77 4 30 57 47 72 81 32 3 80 41 83 61 33 25 16 54 94 21 7 85 97 37 53 74 50 82 87 8 55 65 56 78 24 31 2 91 86 90 40 15 27 93 71 39 13 35 64 9 84 66 48 63 23 10 70 59 14 49 38 79 5 96 51 12 88 26 1 69 45 0 11 60 92 20 76 67 6 99 29 
TEST 107 ARG:22 58 42 43 34 75 89 73 44 46 98 19 36 95 17 28 62 18 68 52 77 4 30 57 47 72 81 32 3 80 41 83 61 33 25 16 54 94 21 7 85 97 37 53 74 50 82 87 8 55 65 56 78 24 31 2 91 86 90 40 15 27 93 71 39 13 35 64 9 84 66 48 63 23 10 70 59 14 49 38 79 5 96 51 12 88 26 1 69 45 0 11 60 92 20 76 67 6 99 29 
TEST 108 ARG:15 4 30 17 72 63 49 61 11 26 5 76 32 21 89 2 44 88 73 42 18 27 70 80 40 64 47 48 8 34 41 0 86 97 7 95 38 29 68 50 13 35 74 39 28 66 62 14 67 84 92 87 77 78 96 45 98 94 99 46 56 16 65 54 51 43 93 31 36 91 3 25 90 58 59 20 24 22 85 60 69 1 75 55 52 33 53 79 37 12 23 81 6 83 82 9 19 10 57 71 
TEST 108 ARG:15 4 30 17 72 63 49 61 11 26 5 76 32 21 89 2 44 88 73 42 18 27 70 80 40 64 47 48 8 34 41 0 86 97 7 95 38 29 68 50 13 35 74 39 28 66 62 14 67 84 92 87 77 78 96 45 98 94 99 46 56 16 65 54 51 43 93 31 36 91 3 25 90 58 59 20 24 22 85 60 69 1 75 55 52 33 53 79 37 12 23 81 6 83 82 9 19 10 57 71 
TEST 109 ARG:14 25 38 49 18 89 35 58 22 92 46 60 24 63 91 88 79 48 52 41 44 54 69 43 94 15 56 72 80 68 98 17 23 73 33 40 65 82 66 2 84 36 99 76 53 9 50 85 96 83 77 12 13 1 86 71 37 11 70 47 3 30 42 55 61 57 10 45 81 95 0 26 39 75 20 28 21 74 6 19 64 78 7 51 59 5 16 32 62 8 87 29 34 93 67 31 97 4 27 90 
TEST 109 ARG:14 25 38 49 18 89 35 58 22 92 46 60 24 63 91 88 79 48 52 41 44 54 69 43 94 15 56 72 80 68 98 17 23 73 33 40 65 82 66 2 84 36 99 76 53 9 50 85 96 83 77 12 13 1 86 71 37 11 70 47 3 30 42 55 61 57 10 45 81 95 0 26 39 75 20 28 21 74 6 19 64 78 7 51 59 5 16 32 62 8 87 29 34 93 67 31 97 4 27 90 
TEST 110 ARG:77 76 31 38 95 74 47 85 7 78 40 1 29 94 23 59 35 96 57 65 20 98 17 0 87 16 10 91 9 71 37 15 28 83 46 48 51 58 67 75 32 63 80 70 36 79 60 50 52 43 3 73 12 93 62 69 5 39 13 33 90 45 4 81 56 18 25 22 66 26 34 41 55 42 86 49 99 88 53 72 44 82 14 97 24 61 54 8 84 89 6 11 27 64 92 30 68 2 21 19 
TEST 110 ARG:77 76 31 38 95 74 47 85 7 78 40 1 29 94 23 59 35 96 57 65 20 98 17 0 87 16 10 91 9 71 37 15 28 83 46 48 51 58 67 75 32 63 80 70 36 79 60 50 52 43 3 73 12 93 62 69 5 39 13 33 90 45 4 81 56 18 25 22 66 26 34 41 55 42 86 49 99 88 53 72 44 82 14 97 24 61 54 8 84 89 6 11 27 64 92 30 68 2 21 19 
TEST 111 ARG:50 77 65 39 8 91 15 88 94 64 66 89 90 67 1 9 32 62 7 11 48 86 74 53 84 76 71 31 83 51 13 47 61 82 38 68 85 27 36 95 44 59 69 22 75 18 2 34 40 97 26 58 78 73 93 60 24 52 79 54 35 16 81 98 43 33 10 6 46 14 63 29 3 23 80 19 17 42 41 70 55 12 96 99 30 72 21 4 0 92 56 49 37 45 25 20 57 28 87 5 
TEST 111 ARG:50 77 65 39 8 91 15 88 94 64 66 89 90 67 1 9 32 62 7 11 48 86 74 53 84 76 71 31 83 51 13 47 61 82 38 68 85 27 36 95 44 59 69 22 75 18 2 34 40 97 26 58 78 73 93 60 24 52 79 54 35 16 81 98 43 33 10 6 46 14 63 29 3 23 80 19 17 42 41 70 55 12 96 99 30 72 21 4 0 92 56 49 37 45 25 20 57 28 87 5 
TEST 112 ARG:67 26 55 39 31 50 14 74 85 13 1 68 23 34 82 49 78 98 35 57 69 89 32 61 87 17 81 30 29 52 59 92 70 91 16 47 63 36 10 28 54 19 95 80 44 22 40 96 41 15 8 38 84 66 83 97 27 76 2 4 94 33 75 73 6 48 37 56 43 3 72 7 62 24 88 51 12 53 21 64 93 18 58 71 46 79 60 42 99 20 11 0 77 65 90 25 86 45 5 9 
TEST 112 ARG:67 26 55 39 31 50 14 74 85 13 1 68 23 34 82 49 78 98 35 57 69 89 32 61 87 17 81 30 29 52 59 92 70 91 16 47 63 36 10 28 54 19 95 80 44 22 40 96 41 15 8 38 84 66 83 97 27 76 2 4 94 33 75 73 6 48 37 56 43 3 72 7 62 24 88 51 12 53 21 64 93 18 58 71 46 79 60 42 99 20 11 0 77 65 90 25 86 45 5 9 
TEST 113 ARG:7 94 21 34 19 97 96 43 72 48 59 54 88 73 20 25 30 99 42 90 16 56 5 82 58 39 83 29 89 71 78 77 38 86 85 15 4 33 35 23 28 52 26 64 63 87 84 13 79 57 12 45 10 47 27 3 93 50 69 9 60 2 14 62 32 66 40 24 51 70 74 81 1 17 18 31 75 41 68 80 53 91 6 65 55 95 0 61 46 49 37 44 8 36 76 11 92 67 22 98 
TEST 113 ARG:7 94 21 34 19 97 96 43 72 48 59 54 88 73 20 25 30 99 42 90 16 56 5 82 58 39 83 29 89 71 78 77 38 86 85 15 4 33 35 23 28 52 26 64 63 87 84 13 79 57 12 45 10 47 27 3 93 50 69 9 60 2 14 62 32 66 40 24 51 70 74 81 1 17 18 31 75 41 68 80 53 91 6 65 55 95 0 61 46 49 37 44 8 36 76 11 92 67 22 98 
TEST 114 ARG:59 99 46 50 88 66 18 10 53 21 80 72 45 68 37 94 6 42 60 47 52 64 62 43 38 56 24 51 58 70 74 12 22 41 3 49 55 32 8 82 35 40 25 97 78 85 96 29 48 98 15 19 69 14 90 0 1 9 76 81 57 87 20 34 73 93 75 95 44 61 30 39 83 17 11 28 54 92 79 63 84 23 26 65 36 71 7 33 67 4 86 77 2 16 13 5 89 91 31 27 
TEST 114 ARG:59 99 46 50 88 66 18 10 53 21 80 72 45 68 37 94 6 42 60 47 52 64 62 43 38 56 24 51 58 70 74 12 22 41 3 49 55 32 8 82 35 40 25 97 78 85 96 29 48 98 15 19 69 14 90 0 1 9 76 81 57 87 20 34 73 93 75 95 44 61 30 39 83 17 11 28 54 92 79 63 84 23 26 65 36 71 7 33 67 4 86 77 2 16 13 5 89 91 31 27 
TEST 115 ARG:96 8 65 70 2 27 23 98 49 25 48 72 41 88 56 43 0 87 97 86 80 77 36 69 26 21 20 33 39 7 47 13 64 42 6 12 78 29 38 5 57 89 37 14 62 4 44 3 28 19 93 34 73 83 84 79 22 31 1 10 45 35 17 66 54 51 40 55 67 15 95 30 60 82 68 74 99 50 91 81 11 53 24 32 63 16 90 58 85 94 46 9 92 59 76 75 71 61 18 52 
TEST 115 ARG:96 8 65 70 2 27 23 98 49 25 48 72 41 88 56 43 0 87 97 86 80 77 36 69 26 21 20 33 39 7 47 13 64 42 6 12 78 29 38 5 57 89 37 14 62 4 44 3 28 19 93 34 73 83 84 79 22 31 1 10 45 35 17 66 54 51 40 55 67 15 95 30 60 82 68 74 99 50 91 81 11 53 24 32 63 16 90 58 85 94 46 9 92 59 76 75 71 61 18 52 
TEST 116 ARG:47 7 4 43 94 57 64 41 25 13 20 62 82 84 68 61 81 95 51 60 22 37 0 69 44 87 6 36 96 33 2 70 66 54 5 28 17 59 83 12 45 9 63 48 46 39 67 78 19 1 50 65 99 75 49 14 23 15 98 55 72 27 31 24 52 53 3 32 74 76 40 38 91 16 77 97 30 71 93 80 58 79 21 26 34 10 89 56 35 42 29 85 92 8 18 73 90 86 88 11 
TEST 116 ARG:47 7 4 43 94 57 64 41 25 13 20 62 82 84 68 61 81 95 51 60 22 37 0 69 44 87 6 36 96 33 2 70 66 54 5 28 17 59 83 12 45 9 63 48 46 39 67 78 19 1 50 65 99 75 49 14 23 15 98 55 72 27 31 24 52 53 3 32 74 76 40 38 91 16 77 97 30 71 93 80 58 79 21 26 34 10 89 56 35 42 29 85 92 8 18 73 90 86 88 11 
TEST 117 ARG:82 41 38 22 56 10 93 37 63 7 87 32 60 53 8 15 78 51 14 9 64 55 62 0 49 42 70 19 4 67 73 66 79 81 58 13 61 39 68 24 11 18 96 52 72 94 6 33 28 47 5 74 77 23 76 99 84 69 88 98 54 36 45 2 91 26 50 85 48 25 83 57 16 86 34 90 71 27 95 20 35 30 31 12 59 46 92 89 21 65 80 3 97 1 75 43 40 17 29 44 
TEST 117 ARG:82 41 38 22 56 10 93 37 63 7 87 32 60 53 8 15 78 51 14 9 64 55 62 0 49 42 70 19 4 67 73 66 79 81 58 13 61 39 68 24 11 18 96 52 72 94 6 33 28 47 5 74 77 23 76 99 84 69 88 98 54 36 45 2 91 26 50 85 48 25 83 57 16 86 34 90 71 27 95 20 35 30 31 12 59 46 92 89 21 65 80 3 97 1 75 43 40 17 29 44 
TEST 118 ARG:53 0 4 79 9 94 45 97 6 26 11 18 36 76 47 88 58 28 5 64 98 99 29 48 60 62 19 14 20 38 90 46 33 87 67 91 39 16 21 93 75 7 86 74 70 37 56 83 59 3 69 44 84 52 72 10 96 85 1 63 95 49 31 8 27 68 42 65 24 92 57 50 78 77 13 54 61 30 12 82 43 80 73 22 25 40 81 32 51 89 23 2 34 35 17 41 66 71 15 55 
TEST 118 ARG:53 0 4 79 9 94 45 97 6 26 11 18 36 76 47 88 58 28 5 64 98 99 29 48 60 62 19 14 20 38 90 46 33 87 67 91 39 16 21 93 75 7 86 74 70 37 56 83 59 3 69 44 84 52 72 10 96 85 1 63 95 49 31 8 27 68 42 65 24 92 57 50 78 77 13 54 61 30 12 82 43 80 73 22 25 40 81 32 51 89 23 2 34 35 17 41 66 71 15 55 
TEST 119 ARG:27 10 18 46 77 29 16 86 85 42 99 68 38 70 93 55 98 3 67 45 52 13 49 1 23 2 58 64 11 43 72 61 8 65 96 15 20 37 89 92 19 57 79 26 51 97 25 66 9 32 47 30 91 78 59 56 48 62 22 39 69 88 60 36 81 95 17 28 4 7 40 71 34 80 74 94 44 83 82 35 41 6 87 54 14 24 5 73 84 31 33 76 63 12 75 90 0 21 50 53 
TEST 119 ARG:27 10 18 46 77 29 16 86 85 42 99 68 38 70 93 55 98 3 67 45 52 13 49 1 23 2 58 64 11 43 72 61 8 65 96 15 20 37 89 92 19 57 79 26 51 97 25 66 9 32 47 30 91 78 59 56 48 62 22 39 69 88 60 36 81 95 17 28 4 7 40 71 34 80 74 94 44 83 82 35 41 6 87 54 14 24 5 73 84 31 33 76 63 12 75 90 0 21 50 53 
TEST 120 ARG:31 96 94 95 44 79 22 97 23 93 2 36 85 33 48 10 18 47 76 20 54 88 87 73 98 4 1 46 70 52 38 16 24 89 68 58 83 27 9 41 0 32 13 51 11 21 82 56 64 15 62 67 45 60 8 5 19 74 30 57 99 80 29 78 86 69 12 39 66 17 72 53 43 61 25 7 3 77 34 55 49 91 35 14 63 65 26 81 90 42 28 71 40 59 75 6 37 50 84 92 
TEST 120 ARG:31 96 94 95 44 79 22 97 23 93 2 36 85 33 48 10 18 47 76 20 54 88 87 73 98 4 1 46 70 52 38 16 24 89 68 58 83 27 9 41 0 32 13 51 11 21 82 56 64 15 62 67 45 60 8 5 19 74 30 57 99 80 29 78 86 69 12 39 66 17 72 53 43 61 25 7 3 77 34 55 49 91 35 14 63 65 26 81 90 42 28 71 40 59 75 6 37 50 84 92 
TEST 121 ARG:14 27 10 5 62 40 9 94 93 2 92 44 68 21 58 53 23 79 15 43 45 57 74 33 54 30 38 12 46 65 83 71 13 98 42 26 37 78 16 90 34 56 82 60 85 64 31 8 11 18 35 99 22 55 86 59 66 4 88 17 61 73 28 19 3 36 67 96 49 89 52 87 50 0 81 91 80 7 47 97 1 84 63 32 69 6 75 24 70 41 25 39 77 48 51 76 29 20 72 95 
TEST 121 ARG:14 27 10 5 62 40 9 94 93 2 92 44 68 21 58 53 23 79 15 43 45 57 74 33 54 30 38 12 46 65 83 71 13 98 42 26 37 78 16 90 34 56 82 60 85 64 31 8 11 18 35 99 22 55 86 59 66 4 88 17 61 73 28 19 3 36 67 96 49 89 52 87 50 0 81 91 80 7 47 97 1 84 63 32 69 6 75 24 70 41 25 39 77 48 51 76 29 20 72 95 
TEST 122 ARG:37 23 15 4 67 8 48 85 76 6 30 90 74 83 53 70 22 13 66 38 78 51 26 72 29 42 81 92 96 25 62 71 34 95 69 41 99 33 45 93 1 28 94 77 58 65 21 75 64 59 20 7 10 44 87 12 36 27 0 24 68 97 40 31 39 79 60 86 18 47 46 98 89 88 2 14 55 57 82 19 49 61 9 54 52 43 3 17 91 5 11 84 32 73 80 63 35 16 50 56 
TEST 122 ARG:37 23 15 4 67 8 48 85 76 6 30 90 74 83 53 70 22 13 66 38 78 51 26 72 29 42 81 92 96 25 62 71 34 95 69 41 99 33 45 93 1 28 94 77 58 65 21 75 64 59 20 7 10 44 87 12 36 27 0 24 68 97 40 31 39 79 60 86 18 47 46 98 89 88 2 14 55 57 82 19 49 61 9 54 52 43 3 17 91 5 11 84 32 73 80 63 35 16 50 56 
TEST 123 ARG:40 42 58 24 62 91 80 45 72 41 25 16 59 9 78 66 86 96 39 65 60 90 51 71 94 84 85 18 6 20 28 99 30 97 54 44 74 79 26 43 81 14 50 48 67 88 82 75 87 76 46 89 98 73 36 83 38 70 1 27 3 15 2 4 0 11 23 61 68 13 56 19 32 49 95 92 34 57 69 17 31 63 47 29 64 77 10 93 7 53 55 33 22 52 8 12 5 21 35 37 
TEST 123 ARG:40 42 58 24 62 91 80 45 72 41 25 16 59 9 78 66 86 96 39 65 60 90 51 71 94 84 85 18 6 20 28 99 30 97 54 44 74 79 26 43 81 14 50 48 67 88 82 75 87 76 46 89 98 73 36 83 38 70 1 27 3 15 2 4 0 11 23 61 68 13 56 19 32 49 95 92 34 57 69 17 31 63 47 29 64 77 10 93 7 53 55 33 22 52 8 12 5 21 35 37 
TEST 124 ARG:9 13 47 30 52 29 3 43 38 82 1 48 28 44 53 46 58 0 41 85 39 51 50 15 5 87 32 6 81 94 36 68 77 88 75 71 98 83 92 86 62 40 27 2 97 20 55 70 11 61 56 99 95 59 69 19 89 45 14 25 90 31 12 74 65 80 18 66 73 72 93 64 21 17 84 37 34 4 23 7 78 60 91 79 26 33 63 54 8 76 35 49 57 22 10 42 16 67 24 96 
TEST 124 ARG:9 13 47 30 52 29 3 43 38 82 1 48 28 44 53 46 58 0 41 85 39 51 50 15 5 87 32 6 81 94 36 68 77 88 75 71 98 83 92 86 62 40 27 2 97 20 55 70 11 61 56 99 95 59 69 19 89 45 14 25 90 31 12 74 65 80 18 66 73 72 93 64 21 17 84 37 34 4 23 7 78 60 91 79 26 33 63 54 8 76 35 49 57 22 10 42 16 67 24 96 
TEST 125 ARG:0 11 65 16 43 63 61 15 73 68 47 2 17 75 64 94 33 62 4 72 27 30 10 45 69 6 31 71 88 12 22 56 48 35 38 36 66 13 18 58 3 82 80 9 40 50 84 29 78 55 8 26 28 44 42 39 51 77 21 93 34 97 23 86 98 7 20 46 92 76 85 67 87 95 53 99 91 37 57 74 79 89 60 41 14 59 90 32 19 52 49 96 54 81 25 1 24 70 5 83 
TEST 125 ARG:0 11 65 16 43 63 61 15 73 68 47 2 17 75 64 94 33 62 4 72 27 30 10 45 69 6 31 71 88 12 22 56 48 35 38 36 66 13 18 58 3 82 80 9 40 50 84 29 78 55 8 26 28 44 42 39 51 77 21 93 34 97 23 86 98 7 20 46 92 76 85 67 87 95 53 99 91 37 57 74 79 89 60 41 14 59 90 32 19 52 49 96 54 81 25 1 24 70 5 83 
TEST 126 ARG:36 56 90 15 38 32 33 74 23 24 91 65 61 88 79 17 72 1 77 7 49 60 34 93 92 54 19 21 67 87 27 51 66 75 13 98 42 16 46 58 39 8 99 6 69 22 31 57 35 64 52 94 89 63 0 68 44 43 95 70 82 10 18 26 50 48 59 12 71 30 4 78 37 2 97 11 47 55 80 86 83 14 28 85 9 45 81 76 84 20 62 29 73 41 96 53 3 25 40 5 
TEST 126 ARG:36 56 90 15 38 32 33 74 23 24 91 65 61 88 79 17 72 1 77 7 49 60 34 93 92 54 19 21 67 87 27 51 66 75 13 98 42 16 46 58 39 8 99 6 69 22 31 57 35 64 52 94 89 63 0 68 44 43 95 70 82 10 18 26 50 48 59 12 71 30 4 78 37 2 97 11 47 55 80 86 83 14 28 85 9 45 81 76 84 20 62 29 73 41 96 53 3 25 40 5 
TEST 127 ARG:25 10 2 71 8 36 81 18 32 66 5 82 44 34 83 43 35 63 61 14 54 52 60 87 33 45 15 47 89 96 65 42 70 49 93 21 88 95 57 17 64 12 99 26 38 37 3 39 50 80 90 59 9 91 68 22 30 62 0 51 56 19 20 7 46 94 48 1 86 85 24 55 58 75 78 72 41 79 23 31 11 98 97 27 16 77 13 28 53 6 67 76 84 92 73 29 4 74 40 69 
TEST 127 ARG:25 10 2 71 8 36 81 18 32 66 5 82 44 34 83 43 35 63 61 14 54 52 60 87 33 45 15 47 89 96 65 42 70 49 93 21 88 95 57 17 64 12 99 26 38 37 3 39 50 80 90 59 9 91 68 22 30 62 0 51 56 19 20 7 46 94 48 1 86 85 24 55 58 75 78 72 41 79 23 31 11 98 97 27 16 77 13 28 53 6 67 76 84 92 73 29 4 74 40 69 
TEST 128 ARG:84 68 2 85 13 51 55 53 72 0 23 41 59 87 12 4 50 39 6 46 83 71 44 60 1 43 70 61 64 21 96 77 56 29 42 79 54 35 25 22 28 74 34 14 63 8 91 47 58 26 30 52 11 81 73 3 95 16 5 33 93 49 97 7 94 38 75 86 10 45 57 36 17 82 90 48 19 37 18 40 69 99 98 27 15 67 32 66 76 88 62 65 24 80 92 20 9 89 31 78 
TEST 128 ARG:84 68 2 85 13 51 55 53 72 0 23 41 59 87 12 4 50 39 6 46 83 71 44 60 1 43 70 61 64 21 96 77 56 29 42 79 54 35 25 22 28 74 34 14 63 8 91 47 58 26 30 52 11 81 73 3 95 16 5 33 93 49 97 7 94 38 75 86 10 45 57 36 17 82 90 48 19 37 18 40 69 99 98 27 15 67 32 66 76 88 62 65 24 80 92 20 9 89 31 78 
TEST 129 ARG:79 69 2 50 32 52 45 4 68 97 27 91 54 29 28 57 0 51 63 71 99 7 90 88 6 11 37 56 98 53 94 22 15 24 58 83 74 46 80 13 84 62 34 21 61 36 44 55 12 60 72 76 3 17 16 65 96 82 5 10 67 25 95 26 30 49 81 47 92 70 18 35 38 48 42 75 59 14 9 86 85 73 93 8 1 43 23 39 66 20 87 89 33 64 19 31 40 77 41 78 
TEST 129 ARG:79 69 2 50 32 52 45 4 68 97 27 91 54 29 28 57 0 51 63 71 99 7 90 88 6 11 37 56 98 53 94 22 15 24 58 83 74 46 80 13 84 62 34 21 61 36 44 55 12 60 72 76 3 17 16 65 96 82 5 10 67 25 95 26 30 49 81 47 92 70 18 35 38 48 42 75 59 14 9 86 85 73 93 8 1 43 23 39 66 20 87 89 33 64 19 31 40 77 41 78 
TEST 130 ARG:55 1 64 26 57 86 58 27 75 32 98 44 59 18 78 69 71 30 35 43 76 49 16 14 68 52 74 36 50 65 61 10 4 12 82 77 67 80 53 95 73 84 19 85 13 31 62 37 99 81 22 66 72 87 56 8 7 21 97 91 93 46 90 63 6 47 3 5 0 70 42 2 38 89 11 34 17 20 94 33 88 39 15 28 23 92 54 83 29 60 9 51 25 41 45 79 48 24 96 40 
TEST 131 ARG:42 40 68 94 29 82 85 91 46 24 56 49 11 4 96 12 28 97 53 92 17 41 78 67 10 37 45 87 89 27 88 22 25 44 64 3 8 90 63 59 58 79 20 84 61 83 95 30 76 65 60 48 33 38 2 23 81 66 16 7 1 15 75 36 80 62 69 31 0 99 54 73 39 98 21 14 5 34 74 19 55 26 35 71 51 43 52 13 6 86 50 57 77 18 9 32 70 72 93 47 
TEST 131 ARG:42 40 68 94 29 82 85 91 46 24 56 49 11 4 96 12 28 97 53 92 17 41 78 67 10 37 45 87 89 27 88 22 25 44 64 3 8 90 63 59 58 79 20 84 61 83 95 30 76 65 60 48 33 38 2 23 81 66 16 7 1 15 75 36 80 62 69 31 0 99 54 73 39 98 21 14 5 34 74 19 55 26 35 71 51 43 52 13 6 86 50 57 77 18 9 32 70 72 93 47 
TEST 132 ARG:26 68 79 39 60 95 31 50 16 55 25 19 44 72 51 73 35 80 89 0 33 87 8 52 1 62 91 82 78 14 20 32 22 10 81 49 75 46 56 2 64 92 97 48 74 23 40 84 69 21 94 42 43 41 88 5 57 3 65 53 67 15 93 76 38 28 71 9 83 86 63 4 99 90 27 59 98 77 11 7 96 29 66 45 12 18 17 37 24 6 58 70 13 85 36 30 47 61 34 54 
TEST 133 ARG:54 31 8 48 33 24 45 85 10 21 29 56 51 60 17 7 25 44 66 53 28 87 70 58 2 59 55 6 76 26 94 80 34 63 52 50 61 22 42 88 18 62 20 74 46 91 15 79 30 96 99 86 1 84 40 95 98 83 77 41 81 57 11 27 90 93 5 73 89 19 68 12 97 92 64 13 3 71 4 14 37 43 78 9 35 69 16 49 0 67 47 36 65 82 75 23 72 38 39 32 
TEST 133 ARG:54 31 8 48 33 24 45 85 10 21 29 56 51 60 17 7 25 44 66 53 28 87 70 58 2 59 55 6 76 26 94 80 34 63 52 50 61 22 42 88 18 62 20 74 46 91 15 79 30 96 99 86 1 84 40 95 98 83 77 41 81 57 11 27 90 93 5 73 89 19 68 12 97 92 64 13 3 71 4 14 37 43 78 9 35 69 16 49 0 67 47 36 65 82 75 23 72 38 39 32 
TEST 134 ARG:56 57 90 35 17 31 94 2 78 49 89 29 64 67 20 3 28 84 32 18 37 21 8 14 40 25 85 46 4 44 86 10 71 88 9 38 16 87 7 53 97 41 96 30 59 13 65 52 12 60 1 75 0 63 76 5 79 99 48 73 50 69 19 92 27 43 93 33 22 54 68 81 83 42 26 74 39 55 66 70 95 6 47 77 11 91 36 45 51 58 62 34 24 82 23 61 80 72 98 15 
TEST 134 ARG:56 57 90 35 17 31 94 2 78 49 89 29 64 67 20 3 28 84 32 18 37 21 8 14 40 25 85 46 4 44 86 10 71 88 9 38 16 87 7 53 97 41 96 30 59 13 65 52 12 60 1 75 0 63 76 5 79 99 48 73 50 69 19 92 27 43 93 33 22 54 68 81 83 42 26 74 39 55 66 70 95 6 47 77 11 91 36 45 51 58 62 34 24 82 23 61 80 72 98 15 
TEST 135 ARG:47 35 6 59 45 70 5 28 71 38 55 34 2 90 30 27 32 23 43 63 12 74 4 16 56 94 22 81 75 86 80 20 13 66 8 98 79 36 3 69 39 10 82 87 91 84 65 77 97 49 15 61 29 11 57 85 48 25 18 31 92 78 51 19 67 52 96 58 76 95 42 9 73 1 7 72 50 89 93 26 0 17 83 33 24 54 40 44 88 64 41 68 14 46 21 37 62 53 99 60 
TEST 135 ARG:47 35 6 59 45 70 5 28 71 38 55 34 2 90 30 27 32 23 43 63 12 74 4 16 56 94 22 81 75 86 80 20 13 66 8 98 79 36 3 69 39 10 82 87 91 84 65 77 97 49 15 61 29 11 57 85 48 25 18 31 92 78 51 19 67 52 96 58 76 95 42 9 73 1 7 72 50 89 93 26 0 17 83 33 24 54 40 44 88 64 41 68 14 46 21 37 62 53 99 60 
TEST 136 ARG:32 71 29 4 83 57 51 56 98 92 0 18 59 50 35 91 38 75 6 1 43 65 19 63 37 14 8 17 5 10 31 78 20 64 40 62 89 97 23 13 66 15 53 22 77 60 73 68 16 67 86 93 41 90 94 84 79 88 70 21 72 28 39 42 99 48 45 49 34 96 9 87 55 85 80 58 12 46 36 24 47 25 61 30 2 69 74 7 54 3 52 76 11 27 33 81 44 26 82 95 
TEST 136 ARG:32 71 29 4 83 57 51 56 98 92 0 18 59 50 35 91 38 75 6 1 43 65 19 63 37 14 8 17 5 10 31 78 20 64 40 62 89 97 23 13 66 15 53 22 77 60 73 68 16 67 86 93 41 90 94 84 79 88 70 21 72 28 39 42 99 48 45 49 34 96 9 87 55 85 80 58 12 46 36 24 47 25 61 30 2 69 74 7 54 3 52 76 11 27 33 81 44 26 82 95 
TEST 137 ARG:44 49 25 1 99 93 15 11 56 78 70 89 7 76 94 72 37 30 61 77 83 96 27 48 87 47 34 75 86 53 66 51 6 85 55 10 23 28 58 50 18 9 79 19 3 45 46 67 31 12 20 64 24 69 73 71 21 41 29 40 74 43 52 33 81 65 98 42 92 54 97 4 90 60 32 17 8 35 5 68 84 91 38 82 80 63 39 88 26 62 95 2 13 0 57 36 14 16 22 59 
TEST 137 ARG:44 49 25 1 99 93 15 11 56 78 70 89 7 76 94 72 37 30 61 77 83 96 27 48 87 47 34 75 86 53 66 51 6 85 55 10 23 28 58 50 18 9 79 19 3 45 46 67 31 12 20 64 24 69 73 71 21 41 29 40 74 43 52 33 81 65 98 42 92 54 97 4 90 60 32 17 8 35 5 68 84 91 38 82 80 63 39 88 26 62 95 2 13 0 57 36 14 16 22 59 
TEST 138 ARG:99 91 12 53 89 33 64 24 55 77 79 48 7 67 98 92 81 22 90 96 19 86 26 31 13 37 35 73 51 88 32 14 69 68 97 93 62 95 66 42 25 9 41 72 71 75 74 76 29 83 54 50 18 49 46 60 0 36 1 10 80 38 16 59 45 28 40 52 20 4 11 47 2 44 39 15 85 27 57 84 6 17 65 5 61 34 8 21 3 30 78 82 87 94 63 70 43 56 23 58 
TEST 138 ARG:99 91 12 53 89 33 64 24 55 77 79 48 7 67 98 92 81 22 90 96 19 86 26 31 13 37 35 73 51 88 32 14 69 68 97 93 62 95 66 42 25 9 41 72 71 75 74 76 29 83 54 50 18 49 46 60 0 36 1 10 80 38 16 59 45 28 40 52 20 4 11 47 2 44 39 15 85 27 57 84 6 17 65 5 61 34 8 21 3 30 78 82 87 94 63 70 43 56 23 58 
TEST 139 ARG:34 25 81 83 43 11 78 28 63 1 98 48 80 16 46 33 32 21 40 17 73 31 26 41 19 49 54 52 94 42 75 66 12 67 18 50 24 91 53 89 14 9 13 65 5 51 3 77 88 85 55 27 57 29 79 8 0 4 22 71 69 72 7 87 96 74 39 47 38 59 61 95 6 15 64 10 30 93 68 56 37 44 70 92 60 86 76 82 20 35 23 84 45 2 90 58 97 36 99 62 
TEST 139 ARG:34 25 81 83 43 11 78 28 63 1 98 48 80 16 46 33 32 21 40 17 73 31 26 41 19 49 54 52 94 42 75 66 12 67 18 50 24 91 53 89 14 9 13 65 5 51 3 77 88 85 55 27 57 29 79 8 0 4 22 71 69 72 7 87 96 74 39 47 38 59 61 95 6 15 64 10 30 93 68 56 37 44 70 92 60 86 76 82 20 35 23 84 45 2 90 58 97 36 99 62 
TEST 140 ARG:26 39 22 52 25 60 59 31 27 71 51 85 84 19 3 91 89 9 73 38 63 41 98 28 29 96 24 46 87 74 20 70 13 40 37 4 99 90 47 2 0 11 76 79 30 7 68 15 21 62 42 93 61 50 88 56 10 12 83 8 35 57 48 6 45 43 78 18 81 1 23 77 5 33 69 95 80 54 53 17 49 14 86 32 16 55 97 67 65 75 66 64 34 82 58 72 44 94 92 36 
TEST 140 ARG:26 39 22 52 25 60 59 31 27 71 51 85 84 19 3 91 89 9 73 38 63 41 98 28 29 96 24 46 87 74 20 70 13 40 37 4 99 90 47 2 0 11 76 79 30 7 68 15 21 62 42 93 61 50 88 56 10 12 83 8 35 57 48 6 45 43 78 18 81 1 23 77 5 33 69 95 80 54 53 17 49 14 86 32 16 55 97 67 65 75 66 64 34 82 58 72 44 94 92 36 
TEST 141 ARG:56 8 18 35 60 13 38 48 84 31 32 3 19 71 54 6 77 45 50 21 82 36 51 2 65 55 59 58 5 14 87 97 40 72 10 68 81 98 29 11 9 20 80 37 52 4 24 92 76 47 16 0 64 57 26 90 43 63 69 30 42 94 34 85 62 44 23 75 78 53 79 67 91 46 61 15 25 95 7 41 33 73 83 93 1 17 12 22 66 96 28 49 74 70 88 27 39 86 99 89 
TEST 141 ARG:56 8 18 35 60 13 38 48 84 31 32 3 19 71 54 6 77 45 50 21 82 36 51 2 65 55 59 58 5 14 87 97 40 72 10 68 81 98 29 11 9 20 80 37 52 4 24 92 76 47 16 0 64 57 26 90 43 63 69 30 42 94 34 85 62 44 23 75 78 53 79 67 91 46 61 15 25 95 7 41 33 73 83 93 1 17 12 22 66 96 28 49 74 70 88 27 39 86 99 89 
TEST 142 ARG:54 18 27 29 46 65 2 61 22 87 72 52 6 58 11 62 32 20 60 47 36 12 3 31 14 50 42 56 55 95 25 10 41 34 84 82 80 97 83 71 13 76 5 59 91 48 90 73 38 7 99 0 23 64 68 30 81 93 28 96 8 51 24 17 88 78 94 19 66 79 74 75 39 26 40 77 92 57 35 89 63 9 53 45 21 37 1 70 85 69 16 43 86 4 44 33 15 49 98 67 
TEST 142 ARG:54 18 27 29 46 65 2 61 22 87 72 52 6 58 11 62 32 20 60 47 36 12 3 31 14 50 42 56 55 95 25 10 41 34 84 82 80 97 83 71 13 76 5 59 91 48 90 73 38 7 99 0 23 64 68 30 81 93 28 96 8 51 24 17 88 78 94 19 66 79 74 75 39 26 40 77 92 57 35 89 63 9 53 45 21 37 1 70 85 69 16 43 86 4 44 33 15 49 98 67 
TEST 143 ARG:81 4 69 21 80 75 1 24 39 48 67 19 18 59 3 46 29 28 73 26 13 2 37 92 55 89 86 44 32 68 8 53 95 60 83 22 97 78 11 40 0 52 61 47 25 65 77 76 56 64 35 38 45 96 9 27 82 31 50 30 10 74 93 90 15 49 36 42 63 23 20 14 72 16 91 34 12 51 84 41 57 66 88 94 71 43 85 99 58 33 62 98 17 6 87 54 79 7 5 70 
TEST 143 ARG:81 4 69 21 80 75 1 24 39 48 67 19 18 59 3 46 29 28 73 26 13 2 37 92 55 89 86 44 32 68 8 53 95 60 83 22 97 78 11 40 0 52 61 47 25 65 77 76 56 64 35 38 45 96 9 27 82 31 50 30 10 74 93 90 15 49 36 42 63 23 20 14 72 16 91 34 12 51 84 41 57 66 88 94 71 43 85 99 58 33 62 98 17 6 87 54 79 7 5 70 
TEST 144 ARG:41 4 55 85 16 19 68 59 81 76 38 83 0 74 63 66 98 61 69 52 95 79 50 48 6 20 2 99 30 57 3 91 75 7 40 23 44 90 29 73 42 11 36 77 92 33 34 67 22 70 60 89 26 10 64 8 17 25 13 43 27 84 14 54 46 32 80 31 97 49 93 24 58 62 51 56 65 88 18 35 28 21 5 12 15 87 45 94 82 96 47 71 37 72 78 53 9 1 39 86 
TEST 144 ARG:41 4 55 85 16 19 68 59 81 76 38 83 0 74 63 66 98 61 69 52 95 79 50 48 6 20 2 99 30 57 3 91 75 7 40 23 44 90 29 73 42 11 36 77 92 33 34 67 22 70 60 89 26 10 64 8 17 25 13 43 27 84 14 54 46 32 80 31 97 49 93 24 58 62 51 56 65 88 18 35 28 21 5 12 15 87 45 94 82 96 47 71 37 72 78 53 9 1 39 86 
TEST 145 ARG:78 23 55 66 48 11 89 49 84 26 39 50 82 74 29 44 41 16 7 9 37 31 53 68 91 2 1 33 46 10 25 34 76 73 59 54 63 93 58 81 70 92 98 94 24 42 85 90 61 88 14 96 67 36 69 0 12 8 19 27 47 77 95 83 32 40 52 28 57 35 64 71 5 86 56 15 60 4 65 72 13 20 43 6 87 99 38 51 3 22 97 45 18 75 79 62 17 80 30 21 
TEST 145 ARG:78 23 55 66 48 11 89 49 84 26 39 50 82 74 29 44 41 16 7 9 37 31 53 68 91 2 1 33 46 10 25 34 76 73 59 54 63 93 58 81 70 92 98 94 24 42 85 90 61 88 14 96 67 36 69 0 12 8 19 27 47 77 95 83 32 40 52 28 57 35 64 71 5 86 56 15 60 4 65 72 13 20 43 6 87 99 38 51 3 22 97 45 18 75 79 62 17 80 30 21 
TEST 146 ARG:85 72 92 53 1 42 7 77 37 71 43 19 33 44 18 46 80 8 74 64 78 36 86 61 54 41 26 83 15 88 27 66 12 67 79 17 97 29 5 14 32 45 23 4 39 55 11 10 62 98 76 58 21 13 84 57 75 40 65 47 96 34 63 28 49 70 95 56 59 51 9 93 52 94 91 25 3 31 69 2 82 99 50 30 89 20 6 35 81 24 38 16 22 73 60 48 90 0 68 87 
TEST 146 ARG:85 72 92 53 1 42 7 77 37 71 43 19 33 44 18 46 80 8 74 64 78 36 86 61 54 41 26 83 15 88 27 66 12 67 79 17 97 29 5 14 32 45 23 4 39 55 11 10 62 98 76 58 21 13 84 57 75 40 65 47 96 34 63 28 49 70 95 56 59 51 9 93 52 94 91 25 3 31 69 2 82 99 50 30 89 20 6 35 81 24 38 16 22 73 60 48 90 0 68 87 
TEST 147 ARG:78 6 98 90 0 65 97 12 19 87 58 70 50 17 83 15 10 52 34 40 81 13 8 48 67 25 11 74 1 16 84 93 86 2 5 82 54 14 3 27 62 31 53 91 42 30 85 49 60 69 36 73 46 38 59 63 44 95 55 88 89 26 39 61 33 9 22 41 79 23 43 56 94 20 57 72 32 68 37 66 77 45 75 7 47 29 96 28 21 71 35 76 92 99 64 51 18 24 80 4 
TEST 147 ARG:78 6 98 90 0 65 97 12 19 87 58 70 50 17 83 15 10 52 34 40 81 13 8 48 67 25 11 74 1 16 84 93 86 2 5 82 54 14 3 27 62 31 53 91 42 30 85 49 60 69 36 73 46 38 59 63 44 95 55 88 89 26 39 61 33 9 22 41 79 23 43 56 94 20 57 72 32 68 37 66 77 45 75 7 47 29 96 28 21 71 35 76 92 99 64 51 18 24 80 4 
TEST 148 ARG:78 33 80 35 68 53 27 86 46 30 48 24 70 97 52 60 47 10 65 69 62 63 20 11 92 94 56 76 75 98 89 16 15 81 49 66 31 84 93 88 77 51 26 29 19 34 59 96 79 55 7 5 95 8 37 54 91 82 71 64 87 45 42 74 0 50 6 13 9 21 25 58 83 43 41 39 99 32 72 23 17 90 38 2 67 85 3 14 57 18 4 61 44 36 40 1 73 12 22 28 
TEST 148 ARG:78 33 80 35 68 53 27 86 46 30 48 24 70 97 52 60 47 10 65 69 62 63 20 11 92 94 56 76 75 98 89 16 15 81 49 66 31 84 93 88 77 51 26 29 19 34 59 96 79 55 7 5 95 8 37 54 91 82 71 64 87 45 42 74 0 50 6 13 9 21 25 58 83 43 41 39 99 32 72 23 17 90 38 2 67 85 3 14 57 18 4 61 44 36 40 1 73 12 22 28 
TEST 149 ARG:60 55 81 24 92 87 77 42 67 40 9 41 45 82 84 83 86 6 44 70 94 79 61 33 58 27 30 66 69 49 68 37 62 2 17 19 73 43 54 98 14 46 0 1 99 96 64 21 88 76 85 51 93 32 56 15 78 4 38 74 3 13 16 50 10 34 72 11 23 28 90 25 26 5 20 59 7 71 29 47 35 48 89 8 95 63 97 31 80 65 53 91 22 36 75 39 57 12 52 18 
TEST 149 ARG:60 55 81 24 92 87 77 42 67 40 9 41 45 82 84 83 86 6 44 70 94 79 61 33 58 27 30 66 69 49 68 37 62 2 17 19 73 43 54 98 14 46 0 1 99 96 64 21 88 76 85 51 93 32 56 15 78 4 38 74 3 13 16 50 10 34 72 11 23 28 90 25 26 5 20 59 7 71 29 47 35 48 89 8 95 63 97 31 80 65 53 91 22 36 75 39 57 12 52 18 
TEST 150 ARG:4 15 65 93 53 69 37 64 5 86 80 7 11 16 17 72 43 39 77 25 81 8 36 45 2 47 61 35 22 58 48 52 94 46 32 70 76 18 31 71 12 88 29 62 13 14 34 19 85 9 92 98 1 96 74 33 55 51 6 91 73 20 54 56 60 68 82 3 87 97 59 95 23 75 83 40 30 10 21 26 89 49 50 79 28 38 44 66 24 41 99 90 0 78 57 63 27 42 67 84 
TEST 150 ARG:4 15 65 93 53 69 37 64 5 86 80 7 11 16 17 72 43 39 77 25 81 8 36 45 2 47 61 35 22 58 48 52 94 46 32 70 76 18 31 71 12 88 29 62 13 14 34 19 85 9 92 98 1 96 74 33 55 51 6 91 73 20 54 56 60 68 82 3 87 97 59 95 23 75 83 40 30 10 21 26 89 49 50 79 28 38 44 66 24 41 99 90 0 78 57 63 27 42 67 84 
TEST 151 ARG:21 71 39 23 94 12 79 93 22 49 56 57 24 55 6 36 45 47 76 97 91 74 46 42 30 69 13 52 44 75 35 68 16 20 32 19 51 53 41 18 89 11 60 34 59 78 99 14 37 63 38 88 66 72 96 0 87 84 81 64 3 1 65 15 58 62 67 9 80 29 40 77 70 28 33 43 73 25 85 17 82 8 48 92 31 61 5 50 4 98 90 7 27 95 54 83 10 2 86 26 
TEST 151 ARG:21 71 39 23 94 12 79 93 22 49 56 57 24 55 6 36 45 47 76 97 91 74 46 42 30 69 13 52 44 75 35 68 16 20 32 19 51 53 41 18 89 11 60 34 59 78 99 14 37 63 38 88 66 72 96 0 87 84 81 64 3 1 65 15 58 62 67 9 80 29 40 77 70 28 33 43 73 25 85 17 82 8 48 92 31 61 5 50 4 98 90 7 27 95 54 83 10 2 86 26 
TEST 152 ARG:50 27 78 93 33 0 69 58 41 53 85 42 96 20 4 49 84 22 60 90 54 75 88 18 32 92 82 81 44 25 17 79 57 71 68 13 5 72 29 73 23 14 28 99 45 56 97 40 34 61 36 26 38 89 80 31 7 46 10 9 35 59 37 1 66 77 51 2 91 21 98 19 86 6 95 48 64 52 70 3 65 47 11 12 94 83 15 24 63 76 62 67 16 74 55 39 8 43 30 87 
TEST 152 ARG:50 27 78 93 33 0 69 58 41 53 85 42 96 20 4 49 84 22 60 90 54 75 88 18 32 92 82 81 44 25 17 79 57 71 68 13 5 72 29 73 23 14 28 99 45 56 97 40 34 61 36 26 38 89 80 31 7 46 10 9 35 59 37 1 66 77 51 2 91 21 98 19 86 6 95 48 64 52 70 3 65 47 11 12 94 83 15 24 63 76 62 67 16 74 55 39 8 43 30 87 
TEST 153 ARG:2 23 49 63 15 34 92 75 1 46 85 96 17 76 91 89 26 57 32 18 78 29 79 5 37 14 62 52 44 47 43 83 84 80 51 40 4 71 90 11 88 8 97 0 21 41 94 12 65 72 66 27 22 69 39 9 48 33 13 86 82 30 16 45 74 60 38 98 24 28 81 36 73 35 20 93 70 19 56 68 7 31 95 87 77 59 3 67 61 64 58 99 53 25 55 50 6 42 54 10 
TEST 153 ARG:2 23 49 63 15 34 92 75 1 46 85 96 17 76 91 89 26 57 32 18 78 29 79 5 37 14 62 52 44 47 43 83 84 80 51 40 4 71 90 11 88 8 97 0 21 41 94 12 65 72 66 27 22 69 39 9 48 33 13 86 82 30 16 45 74 60 38 98 24 28 81 36 73 35 20 93 70 19 56 68 7 31 95 87 77 59 3 67 61 64 58 99 53 25 55 50 6 42 54 10 
TEST 154 ARG:11 24 35 70 82 21 36 78 42 97 25 41 17 65 79 10 51 98 72 45 37 63 69 89 13 87 19 83 57 62 6 84 53 93 40 15 73 44 30 16 23 66 81 80 96 61 20 38 27 50 56 33 12 91 76 71 31 18 90 74 0 59 99 1 68 2 85 43 28 92 75 64 86 48 47 49 55 54 26 8 88 4 60 7 67 94 3 32 52 9 77 34 29 14 39 22 58 95 46 5 
TEST 155 ARG:71 90 86 39 7 46 75 91 76 45 64 42 66 85 9 58 29 67 80 16 25 94 6 28 5 38 19 35 24 68 13 2 0 97 30 79 50 40 57 26 41 3 60 73 47 11 20 32 56 55 98 88 89 10 87 59 12 61 96 36 69 15 8 93 92 99 49 70 78 21 33 72 17 54 53 18 63 22 95 44 34 43 27 62 23 48 82 77 51 74 31 37 52 83 65 81 4 14 84 1 
TEST 155 ARG:71 90 86 39 7 46 75 91 76 45 64 42 66 85 9 58 29 67 80 16 25 94 6 28 5 38 19 35 24 68 13 2 0 97 30 79 50 40 57 26 41 3 60 73 47 11 20 32 56 55 98 88 89 10 87 59 12 61 96 36 69 15 8 93 92 99 49 70 78 21 33 72 17 54 53 18 63 22 95 44 34 43 27 62 23 48 82 77 51 74 31 37 52 83 65 81 4 14 84 1 
TEST 156 ARG:27 64 46 37 65 29 86 38 68 75 77 80 10 51 35 56 47 8 72 25 1 99 81 84 91 31 69 95 7 2 90 19 85 74 45 16 17 0 42 76 28 43 6 61 59 50 97 73 94 26 79 48 92 82 58 34 36 96 70 44 12 98 89 21 67 53 55 11 52 3 30 41 60 83 66 9 63 32 78 22 49 18 24 87 57 13 14 33 62 5 20 40 88 93 71 15 23 54 4 39 
TEST 156 ARG:27 64 46 37 65 29 86 38 68 75 77 80 10 51 35 56 47 8 72 25 1 99 81 84 91 31 69 95 7 2 90 19 85 74 45 16 17 0 42 76 28 43 6 61 59 50 97 73 94 26 79 48 92 82 58 34 36 96 70 44 12 98 89 21 67 53 55 11 52 3 30 41 60 83 66 9 63 32 78 22 49 18 24 87 57 13 14 33 62 5 20 40 88 93 71 15 23 54 4 39 
TEST 157 ARG:29 98 42 15 7 39 96 77 93 66 70 84 19 4 63 74 72 14 26 1 76 49 64 71 67 75 21 46 55 25 83 81 60 23 86 10 24 35 13 11 28 20 88 8 36 53 6 31 69 30 90 54 62 22 37 9 12 79 0 89 57 44 27 52 61 85 17 32 87 73 59 91 56 50 82 47 40 92 18 43 58 65 51 16 2 5 3 33 41 68 38 97 48 95 34 80 78 99 45 94 
TEST 157 ARG:29 98 42 15 7 39 96 77 93 66 70 84 19 4 63 74 72 14 26 1 76 49 64 71 67 75 21 46 55 25 83 81 60 23 86 10 24 35 13 11 28 20 88 8 36 53 6 31 69 30 90 54 62 22 37 9 12 79 0 89 57 44 27 52 61 85 17 32 87 73 59 91 56 50 82 47 40 92 18 43 58 65 51 16 2 5 3 33 41 68 38 97 48 95 34 80 78 99 45 94 
TEST 158 ARG:42 74 97 76 29 48 47 79 67 72 44 13 4 56 40 1 96 87 20 17 92 88 90 21 9 85 77 63 71 62 5 95 46 51 25 18 35 34 86 27 37 43 14 6 15 58 3 12 11 98 84 73 75 60 57 91 93 8 10 54 36 89 45 80 7 30 53 66 64 22 81 52 83 55 39 2 70 78 0 31 82 38 24 59 16 26 61 94 65 49 41 19 68 33 99 23 32 28 69 50 
TEST 158 ARG:42 74 97 76 29 48 47 79 67 72 44 13 4 56 40 1 96 87 20 17 92 88 90 21 9 85 77 63 71 62 5 95 46 51 25 18 35 34 86 27 37 43 14 6 15 58 3 12 11 98 84 73 75 60 57 91 93 8 10 54 36 89 45 80 7 30 53 66 64 22 81 52 83 55 39 2 70 78 0 31 82 38 24 59 16 26 61 94 65 49 41 19 68 33 99 23 32 28 69 50 
TEST 159 ARG:25 77 24 79 78 69 2 89 47 26 65 87 4 57 68 19 48 95 67 54 34 72 22 92 99 71 28 0 58 6 91 45 59 66 93 70 20 14 12 88 52 84 1 13 56 40 29 36 43 82 53 11 80 10 49 81 60 44 74 17 64 96 63 5 33 3 8 31 38 51 32 21 61 35 41 23 7 46 15 75 98 76 62 37 86 90 9 50 97 73 83 94 42 39 16 55 18 27 85 30 
TEST 159 ARG:25 77 24 79 78 69 2 89 47 26 65 87 4 57 68 19 48 95 67 54 34 72 22 92 99 71 28 0 58 6 91 45 59 66 93 70 20 14 12 88 52 84 1 13 56 40 29 36 43 82 53 11 80 10 49 81 60 44 74 17 64 96 63 5 33 3 8 31 38 51 32 21 61 35 41 23 7 46 15 75 98 76 62 37 86 90 9 50 97 73 83 94 42 39 16 55 18 27 85 30 
TEST 160 ARG:90 1 96 46 35 68 27 31 65 28 54 81 5 70 56 11 82 78 16 45 4 10 86 22 48 97 0 44 7 66 3 83 55 89 41 23 40 24 87 38 50 6 62 61 92 20 58 71 21 60 34 73 80 36 33 63 91 42 94 57 32 77 64 84 12 72 13 30 2 95 9 76 14 85 18 39 52 8 67 75 19 47 43 49 53 93 69 15 29 59 25 37 99 98 74 17 79 88 51 26 
TEST 160 ARG:90 1 96 46 35 68 27 31 65 28 54 81 5 70 56 11 82 78 16 45 4 10 86 22 48 97 0 44 7 66 3 83 55 89 41 23 40 24 87 38 50 6 62 61 92 20 58 71 21 60 34 73 80 36 33 63 91 42 94 57 32 77 64 84 12 72 13 30 2 95 9 76 14 85 18 39 52 8 67 75 19 47 43 49 53 93 69 15 29 59 25 37 99 98 74 17 79 88 51 26 
TEST 161 ARG:42 7 91 81 39 54 98 13 84 55 29 31 78 44 34 63 69 1 61 27 95 60 94 8 15 80 71 0 11 52 38 96 26 62 20 43 79 89 6 9 74 67 53 28 49 30 92 12 41 19 90 58 23 75 68 51 33 77 70 87 59 56 93 24 46 40 83 18 3 66 97 36 73 99 25 65 10 85 82 37 5 14 47 45 2 76 48 57 72 35 50 22 17 16 88 21 86 4 64 32 
TEST 161 ARG:42 7 91 81 39 54 98 13 84 55 29 31 78 44 34 63 69 1 61 27 95 60 94 8 15 80 71 0 11 52 38 96 26 62 20 43 79 89 6 9 74 67 53 28 49 30 92 12 41 19 90 58 23 75 68 51 33 77 70 87 59 56 93 24 46 40 83 18 3 66 97 36 73 99 25 65 10 85 82 37 5 14 47 45 2 76 48 57 72 35 50 22 17 16 88 21 86 4 64 32 
TEST 162 ARG:77 95 60 93 89 61 75 0 3 78 22 56 91 25 27 20 31 49 32 57 43 76 69 53 96 39 82 7 8 36 4 23 87 46 90 35 58 55 88 50 11 30 92 63 72 51 10 19 71 59 44 37 68 18 5 74 12 64 80 73 41 67 79 40 16 54 28 94 14 33 45 99 38 24 81 26 6 2 65 83 34 15 42 9 86 52 17 62 84 29 1 85 13 98 48 66 47 70 21 97 
TEST 162 ARG:77 95 60 93 89 61 75 0 3 78 22 56 91 25 27 20 31 49 32 57 43 76 69 53 96 39 82 7 8 36 4 23 87 46 90 35 58 55 88 50 11 30 92 63 72 51 10 19 71 59 44 37 68 18 5 74 12 64 80 73 41 67 79 40 16 54 28 94 14 33 45 99 38 24 81 26 6 2 65 83 34 15 42 9 86 52 17 62 84 29 1 85 13 98 48 66 47 70 21 97 
TEST 163 ARG:79 40 14 73 15 68 10 29 69 41 94 57 72 34 58 88 85 66 18 49 19 11 24 30 25 4 1 6 83 89 20 0 63 86 84 82 32 52 53 36 64 77 3 78 33 31 61 22 12 60 50 91 99 9 62 21 80 92 87 45 70 93 56 28 97 76 38 71 90 75 37 44 43 81 65 39 42 27 23 26 47 13 96 67 35 51 98 95 55 17 74 46 16 48 59 8 5 7 54 2 
TEST 163 ARG:79 40 14 73 15 68 10 29 69 41 94 57 72 34 58 88 85 66 18 49 19 11 24 30 25 4 1 6 83 89 20 0 63 86 84 82 32 52 53 36 64 77 3 78 33 31 61 22 12 60 50 91 99 9 62 21 80 92 87 45 70 93 56 28 97 76 38 71 90 75 37 44 43 81 65 39 42 27 23 26 47 13 96 67 35 51 98 95 55 17 74 46 16 48 59 8 5 7 54 2 
TEST 164 ARG:21 93 56 16 85 2 22 91 48 73 95 65 62 64 75 44 38 43 88 18 14 35 29 80 84 20 98 63 4 19 92 79 51 77 10 55 27 49 59 57 99 72 26 46 23 52 12 0 96 53 9 82 1 36 61 94 15 6 81 78 58 47 71 13 74 86 66 69 67 45 87 37 11 89 25 70 5 39 41 76 40 97 17 54 68 3 7 60 83 24 8 50 90 30 28 34 32 42 31 33 
TEST 164 ARG:21 93 56 16 85 2 22 91 48 73 95 65 62 64 75 44 38 43 88 18 14 35 29 80 84 20 98 63 4 19 92 79 51 77 10 55 27 49 59 57 99 72 26 46 23 52 12 0 96 53 9 82 1 36 61 94 15 6 81 78 58 47 71 13 74 86 66 69 67 45 87 37 11 89 25 70 5 39 41 76 40 97 17 54 68 3 7 60 83 24 8 50 90 30 28 34 32 42 31 33 
TEST 165 ARG:33 82 39 49 13 93 61 51 99 31 38 65 92 60 15 79 87 71 85 70 47 44 78 1 74 28 12 96 57 94 23 52 89 24 26 46 66 30 36 50 25 83 34 43 59 20 10 68 63 95 73 55 6 77 80 11 21 9 81 17 16 54 64 29 97 86 7 41 37 8 35 72 3 69 84 67 58 98 88 62 75 4 19 40 91 42 27 45 53 22 90 76 2 56 0 32 48 14 5 18 
TEST 165 ARG:33 82 39 49 13 93 61 51 99 31 38 65 92 60 15 79 87 71 85 70 47 44 78 1 74 28 12 96 57 94 23 52 89 24 26 46 66 30 36 50 25 83 34 43 59 20 10 68 63 95 73 55 6 77 80 11 21 9 81 17 16 54 64 29 97 86 7 41 37 8 35 72 3 69 84 67 58 98 88 62 75 4 19 40 91 42 27 45 53 22 90 76 2 56 0 32 48 14 5 18 
TEST 166 ARG:35 4 2 21 71 59 93 23 20 74 98 82 61 11 37 44 42 39 31 66 51 55 57 5 32 64 7 14 27 26 87 22 17 24 94 52 77 72 47 58 86 69 33 75 62 73 81 28 9 49 25 60 53 36 99 15 12 13 92 79 84 48 63 80 34 91 40 78 1 8 83 19 45 50 67 89 43 6 76 30 70 3 65 95 96 54 90 56 38 16 85 46 29 88 18 0 10 68 97 41 
TEST 166 ARG:35 4 2 21 71 59 93 23 20 74 98 82 61 11 37 44 42 39 31 66 51 55 57 5 32 64 7 14 27 26 87 22 17 24 94 52 77 72 47 58 86 69 33 75 62 73 81 28 9 49 25 60 53 36 99 15 12 13 92 79 84 48 63 80 34 91 40 78 1 8 83 19 45 50 67 89 43 6 76 30 70 3 65 95 96 54 90 56 38 16 85 46 29 88 18 0 10 68 97 41 
TEST 167 ARG:24 55 21 58 54 48 29 7 27 63 18 81 56 74 42 38 28 86 41 33 53 4 92 37 52 93 8 49 98 61 82 36 97 44 47 17 45 10 13 89 35 46 6 70 75 94 87 19 43 57 0 14 59 51 99 77 34 76 85 50 80 96 2 32 65 9 12 11 30 68 66 83 5 1 31 39 88 62 3 78 16 73 71 67 79 23 64 91 72 95 60 15 20 25 69 40 90 84 26 22 
TEST 167 ARG:24 55 21 58 54 48 29 7 27 63 18 81 56 74 42 38 28 86 41 33 53 4 92 37 52 93 8 49 98 61 82 36 97 44 47 17 45 10 13 89 35 46 6 70 75 94 87 19 43 57 0 14 59 51 99 77 34 76 85 50 80 96 2 32 65 9 12 11 30 68 66 83 5 1 31 39 88 62 3 78 16 73 71 67 79 23 64 91 72 95 60 15 20 25 69 40 90 84 26 22 
TEST 168 ARG:95 17 98 96 65 52 47 50 16 69 42 21 8 33 32 29 74 89 84 67 2 92 7 64 48 31 34 58 81 93 4 15 63 12 99 60 62 18 1 59 77 94 85 43 5 19 10 44 82 0 20 24 37 26 35 53 88 11 57 41 78 97 91 28 54 90 40 36 13 80 3 23 75 72 61 73 22 55 9 71 70 14 30 6 87 83 68 51 76 49 45 27 25 38 86 56 79 46 39 66 
TEST 168 ARG:95 17 98 96 65 52 47 50 16 69 42 21 8 33 32 29 74 89 84 67 2 92 7 64 48 31 34 58 81 93 4 15 63 12 99 60 62 18 1 59 77 94 85 43 5 19 10 44 82 0 20 24 37 26 35 53 88 11 57 41 78 97 91 28 54 90 40 36 13 80 3 23 75 72 61 73 22 55 9 71 70 14 30 6 87 83 68 51 76 49 45 27 25 38 86 56 79 46 39 66 
TEST 169 ARG:29 38 72 69 37 82 98 53 91 41 15 43 55 35 80 33 5 99 13 76 93 86 45 48 70 47 26 2 34 0 94 32 14 87 39 90 97 30 66 92 68 51 16 8 19 77 23 71 17 9 95 12 36 62 85 44 6 1 57 83 65 42 28 56 52 18 40 73 22 11 61 78 3 64 67 46 74 21 49 7 89 4 27 24 75 54 20 60 84 25 63 96 31 79 81 59 10 88 50 58 
TEST 169 ARG:29 38 72 69 37 82 98 53 91 41 15 43 55 35 80 33 5 99 13 76 93 86 45 48 70 47 26 2 34 0 94 32 14 87 39 90 97 30 66 92 68 51 16 8 19 77 23 71 17 9 95 12 36 62 85 44 6 1 57 83 65 42 28 56 52 18 40 73 22 11 61 78 3 64 67 46 74 21 49 7 89 4 27 24 75 54 20 60 84 25 63 96 31 79 81 59 10 88 50 58 
TEST 170 ARG:43 18 41 63 91 59 96 38 79 66 74 16 81 73 36 68 33 15 94 65 53 49 98 71 27 69 14 72 28 24 40 32 2 50 57 51 58 45 39 12 86 29 54 46 90 99 9 70 77 13 8 47 34 87 97 26 4 89 82 76 20 11 88 67 80 6 21 83 84 95 85 17 92 61 55 22 75 64 5 60 44 52 37 7 42 23 30 48 25 10 62 3 19 93 35 31 1 78 0 56 
TEST 170 ARG:43 18 41 63 91 59 96 38 79 66 74 16 81 73 36 68 33 15 94 65 53 49 98 71 27 69 14 72 28 24 40 32 2 50 57 51 58 45 39 12 86 29 54 46 90 99 9 70 77 13 8 47 34 87 97 26 4 89 82 76 20 11 88 67 80 6 21 83 84 95 85 17 92 61 55 22 75 64 5 60 44 52 37 7 42 23 30 48 25 10 62 3 19 93 35 31 1 78 0 56 
TEST 171 ARG:40 9 28 13 88 46 72 8 17 35 10 45 47 6 85 80 31 23 37 93 87 4 68 1 66 83 3 39 11 62 73 7 54 55 71 34 99 75 61 21 15 67 79 77 51 49 76 14 16 91 69 36 24 56 59 50 84 81 2 29 57 22 30 86 82 96 19 32 63 58 92 20 95 89 64 90 78 41 60 12 33 25 26 42 97 38 98 18 94 5 44 70 48 74 0 27 53 43 65 52 
TEST 171 ARG:40 9 28 13 88 46 72 8 17 35 10 45 47 6 85 80 31 23 37 93 87 4 68 1 66 83 3 39 11 62 73 7 54 55 71 34 99 75 61 21 15 67 79 77 51 49 76 14 16 91 69 36 24 56 59 50 84 81 2 29 57 22 30 86 82 96 19 32 63 58 92 20 95 89 64 90 78 41 60 12 33 25 26 42 97 38 98 18 94 5 44 70 48 74 0 27 53 43 65 52 
TEST 172 ARG:94 14 0 60 88 95 83 5 56 40 28 46 93 29 76 80 8 55 68 45 30 72 43 92 44 69 85 73 97 87 11 35 89 15 22 42 17 13 39 16 34 50 38 84 12 65 10 4 32 63 20 82 59 26 54 64 37 51 48 33 91 49 36 25 47 78 75 53 61 24 90 1 2 66 31 79 23 7 70 77 41 81 21 19 18 67 86 27 9 71 99 74 62 96 3 98 6 58 57 52 
TEST 172 ARG:94 14 0 60 88 95 83 5 56 40 28 46 93 29 76 80 8 55 68 45 30 72 43 92 44 69 85 73 97 87 11 35 89 15 22 42 17 13 39 16 34 50 38 84 12 65 10 4 32 63 20 82 59 26 54 64 37 51 48 33 91 49 36 25 47 78 75 53 61 24 90 1 2 66 31 79 23 7 70 77 41 81 21 19 18 67 86 27 9 71 99 74 62 96 3 98 6 58 57 52 
TEST 173 ARG:46 60 73 32 80 14 54 38 94 74 13 16 4 11 90 41 15 51 93 77 85 33 12 27 42 78 99 39 45 65 98 59 2 69 55 9 6 70 31 53 79 0 23 75 49 43 63 28 40 66 10 97 83 86 88 87 72 52 68 50 44 62 34 26 89 19 95 64 36 84 18 30 20 58 3 48 82 96 81 37 29 24 47 56 25 17 1 76 21 91 67 22 5 35 7 8 57 71 61 92 
TEST 173 ARG:46 60 73 32 80 14 54 38 94 74 13 16 4 11 90 41 15 51 93 77 85 33 12 27 42 78 99 39 45 65 98 59 2 69 55 9 6 70 31 53 79 0 23 75 49 43 63 28 40 66 10 97 83 86 88 87 72 52 68 50 44 62 34 26 89 19 95 64 36 84 18 30 20 58 3 48 82 96 81 37 29 24 47 56 25 17 1 76 21 91 67 22 5 35 7 8 57 71 61 92 
TEST 174 ARG:11 14 69 37 53 38 57 79 84 66 33 3 39 78 18 54 68 77 88 52 43 36 26 41 30 73 85 17 75 63 51 21 23 60 70 92 31 58 64 1 32 93 97 2 35 59 81 4 49 94 50 55 22 20 16 96 89 71 56 34 83 29 45 80 28 15 87 5 65 25 91 90 8 7 47 0 44 6 9 98 13 82 62 40 67 61 95 42 99 74 27 24 76 10 72 48 12 86 46 19 
TEST 174 ARG:11 14 69 37 53 38 57 79 84 66 33 3 39 78 18 54 68 77 88 52 43 36 26 41 30 73 85 17 75 63 51 21 23 60 70 92 31 58 64 1 32 93 97 2 35 59 81 4 49 94 50 55 22 20 16 96 89 71 56 34 83 29 45 80 28 15 87 5 65 25 91 90 8 7 47 0 44 6 9 98 13 82 62 40 67 61 95 42 99 74 27 24 76 10 72 48 12 86 46 19 
TEST 175 ARG:55 83 71 54 2 93 62 8 40 6 12 21 80 81 73 20 42 53 18 64 37 16 41 51 97 7 45 82 63 76 70 36 50 90 5 33 49 39 65 23 56 78 17 86 67 99 1 95 30 72 75 4 94 79 14 25 77 84 85 0 35 59 13 10 48 9 92 3 27 60 44 52 69 43 61 15 22 47 19 34 74 89 38 68 46 96 31 87 88 32 66 91 28 24 98 11 26 29 58 57 
TEST 175 ARG:55 83 71 54 2 93 62 8 40 6 12 21 80 81 73 20 42 53 18 64 37 16 41 51 97 7 45 82 63 76 70 36 50 90 5 33 49 39 65 23 56 78 17 86 67 99 1 95 30 72 75 4 94 79 14 25 77 84 85 0 35 59 13 10 48 9 92 3 27 60 44 52 69 43 61 15 22 47 19 34 74 89 38 68 46 96 31 87 88 32 66 91 28 24 98 11 26 29 58 57 
TEST 176 ARG:60 69 27 48 54 45 11 30 77 6 4 9 74 5 24 94 39 85 32 16 26 1 18 93 50 55 58 57 92 59 83 13 78 42 81 38 72 19 37 22 41 63 53 66 0 10 14 97 89 29 44 73 28 98 3 34 99 86 12 75 31 33 88 35 40 67 52 43 91 62 87 23 47 21 68 76 15 90 96 56 36 61 51 95 25 17 64 8 71 49 20 84 46 70 7 82 65 79 2 80 
TEST 176 ARG:60 69 27 48 54 45 11 30 77 6 4 9 74 5 24 94 39 85 32 16 26 1 18 93 50 55 58 57 92 59 83 13 78 42 81 38 72 19 37 22 41 63 53 66 0 10 14 97 89 29 44 73 28 98 3 34 99 86 12 75 31 33 88 35 40 67 52 43 91 62 87 23 47 21 68 76 15 90 96 56 36 61 51 95 25 17 64 8 71 49 20 84 46 70 7 82 65 79 2 80 
TEST 177 ARG:70 38 88 62 67 35 3 81 51 46 13 32 39 55 99 77 42 68 90 8 28 41 86 33 12 64 72 11 31 92 17 66 56 44 22 65 9 2 34 71 76 25 36 49 29 23 21 63 5 78 15 7 59 18 58 80 48 97 43 16 61 95 45 91 20 14 30 0 98 75 37 79 93 6 19 69 84 89 4 94 26 74 50 10 85 87 1 40 57 60 53 73 47 52 27 54 96 24 83 82 
TEST 177 ARG:70 38 88 62 67 35 3 81 51 46 13 32 39 55 99 77 42 68 90 8 28 41 86 33 12 64 72 11 31 92 17 66 56 44 22 65 9 2 34 71 76 25 36 49 29 23 21 63 5 78 15 7 59 18 58 80 48 97 43 16 61 95 45 91 20 14 30 0 98 75 37 79 93 6 19 69 84 89 4 94 26 74 50 10 85 87 1 40 57 60 53 73 47 52 27 54 96 24 83 82 
TEST 178 ARG:86 52 41 63 5 97 54 64 19 53 71 72 31 36 37 59 17 16 48 45 73 24 21 4 25 85 81 18 61 94 69 28 96 58 2 12 42 15 49 33 99 9 34 3 79 6 1 20 90 50 89 11 80 67 30 57 87 68 95 88 84 78 43 40 14 98 75 62 7 74 26 23 76 51 77 91 70 29 83 38 56 92 13 55 44 27 46 82 35 60 93 66 8 10 47 65 32 0 22 39 
TEST 178 ARG:86 52 41 63 5 97 54 64 19 53 71 72 31 36 37 59 17 16 48 45 73 24 21 4 25 85 81 18 61 94 69 28 96 58 2 12 42 15 49 33 99 9 34 3 79 6 1 20 90 50 89 11 80 67 30 57 87 68 95 88 84 78 43 40 14 98 75 62 7 74 26 23 76 51 77 91 70 29 83 38 56 92 13 55 44 27 46 82 35 60 93 66 8 10 47 65 32 0 22 39 
TEST 179 ARG:99 30 29 64 35 20 84 67 31 32 79 98 82 23 26 47 73 97 40 3 57 11 93 52 28 90 46 65 78 45 85 94 89 21 17 53 61 83 80 92 72 91 25 24 27 50 70 38 1 59 58 74 8 63 0 77 76 71 16 39 10 6 81 62 66 75 55 19 2 49 18 44 34 14 69 15 41 56 5 33 37 42 96 7 60 54 12 88 4 36 22 9 51 48 95 43 68 86 13 87 
TEST 179 ARG:99 30 29 64 35 20 84 67 31 32 79 98 82 23 26 47 73 97 40 3 57 11 93 52 28 90 46 65 78 45 85 94 89 21 17 53 61 83 80 92 72 91 25 24 27 50 70 38 1 59 58 74 8 63 0 77 76 71 16 39 10 6 81 62 66 75 55 19 2 49 18 44 34 14 69 15 41 56 5 33 37 42 96 7 60 54 12 88 4 36 22 9 51 48 95 43 68 86 13 87 
TEST 180 ARG:29 67 56 20 49 80 53 74 73 24 51 96 97 36 83 75 4 54 82 38 3 28 12 9 72 25 66 1 37 15 89 39 47 22 27 85 78 13 42 19 32 91 0 77 52 2 10 6 87 95 63 5 61 88 35 68 81 48 57 99 50 64 62 86 44 90 17 16 45 30 7 40 69 60 79 46 43 76 59 8 34 11 14 92 94 98 70 55 23 26 58 84 31 41 71 18 33 65 93 21 
TEST 180 ARG:29 67 56 20 49 80 53 74 73 24 51 96 97 36 83 75 4 54 82 38 3 28 12 9 72 25 66 1 37 15 89 39 47 22 27 85 78 13 42 19 32 91 0 77 52 2 10 6 87 95 63 5 61 88 35 68 81 48 57 99 50 64 62 86 44 90 17 16 45 30 7 40 69 60 79 46 43 76 59 8 34 11 14 92 94 98 70 55 23 26 58 84 31 41 71 18 33 65 93 21 
TEST 181 ARG:22 95 92 89 96 58 70 99 37 2 71 59 80 15 63 97 91 61 11 43 85 65 26 0 66 69 72 23 76 93 30 68 4 42 87 13 36 88 67 14 46 8 62 24 45 9 19 41 56 17 32 28 55 86 74 40 54 51 1 79 35 27 50 64 73 78 3 57 84 49 7 10 82 98 25 29 75 5 90 38 20 39 31 21 47 33 16 44 60 83 48 34 94 12 53 81 18 6 52 77 
TEST 181 ARG:22 95 92 89 96 58 70 99 37 2 71 59 80 15 63 97 91 61 11 43 85 65 26 0 66 69 72 23 76 93 30 68 4 42 87 13 36 88 67 14 46 8 62 24 45 9 19 41 56 17 32 28 55 86 74 40 54 51 1 79 35 27 50 64 73 78 3 57 84 49 7 10 82 98 25 29 75 5 90 38 20 39 31 21 47 33 16 44 60 83 48 34 94 12 53 81 18 6 52 77 
TEST 182 ARG:7 12 18 13 22 78 31 2 33 86 57 23 89 66 62 9 48 96 3 4 46 61 0 36 91 42 34 54 53 40 83 37 15 98 19 6 10 73 79 50 35 21 67 8 25 1 60 16 59 93 72 30 65 95 20 26 51 84 85 88 44 49 70 56 39 81 17 55 27 43 87 47 41 92 99 80 45 76 38 74 75 97 77 71 69 58 82 94 28 29 68 63 5 14 32 24 52 90 64 11 
TEST 182 ARG:7 12 18 13 22 78 31 2 33 86 57 23 89 66 62 9 48 96 3 4 46 61 0 36 91 42 34 54 53 40 83 37 15 98 19 6 10 73 79 50 35 21 67 8 25 1 60 16 59 93 72 30 65 95 20 26 51 84 85 88 44 49 70 56 39 81 17 55 27 43 87 47 41 92 99 80 45 76 38 74 75 97 77 71 69 58 82 94 28 29 68 63 5 14 32 24 52 90 64 11 
TEST 183 ARG:23 87 58 60 20 85 62 91 7 51 17 61 44 8 22 45 18 28 34 0 96 65 99 47 79 40 36 42 24 12 92 81 50 29 16 30 4 35 94 43 72 53 77 66 49 80 1 37 71 84 27 26 74 95 56 13 32 25 97 5 15 10 75 63 90 39 64 55 41 31 19 33 9 67 73 14 2 70 78 11 6 68 38 76 98 86 57 89 3 93 83 69 48 54 52 82 59 21 88 46 
TEST 184 ARG:16 36 27 43 35 80 42 79 54 74 97 48 1 41 21 47 58 53 29 69 40 85 77 78 90 4 5 18 49 25 46 15 22 52 75 37 56 99 51 6 70 92 68 84 65 50 24 12 7 19 39 83 88 87 34 96 44 72 20 95 73 10 64 61 13 71 0 66 26 76 82 62 11 14 3 23 2 57 89 8 63 55 60 67 86 9 81 38 91 45 94 31 32 33 98 28 93 17 59 30 
TEST 185 ARG:79 17 36 90 48 50 96 28 73 58 20 87 92 85 59 0 81 56 86 16 54 21 13 97 40 30 93 14 3 76 32 18 43 52 2 8 33 88 70 27 83 37 62 57 39 78 9 84 49 35 6 10 24 82 72 23 77 47 45 53 65 69 22 29 15 55 46 68 60 12 91 11 26 31 61 95 89 74 19 80 63 7 67 51 42 75 94 71 44 41 38 66 64 99 5 98 1 25 34 4 
TEST 185 ARG:79 17 36 90 48 50 96 28 73 58 20 87 92 85 59 0 81 56 86 16 54 21 13 97 40 30 93 14 3 76 32 18 43 52 2 8 33 88 70 27 83 37 62 57 39 78 9 84 49 35 6 10 24 82 72 23 77 47 45 53 65 69 22 29 15 55 46 68 60 12 91 11 26 31 61 95 89 74 19 80 63 7 67 51 42 75 94 71 44 41 38 66 64 99 5 98 1 25 34 4 
TEST 186 ARG:93 6 83 31 81 67 61 65 46 50 69 28 41 72 16 33 58 27 73 23 94 12 22 64 66 10 74 77 52 43 53 0 82 90 34 80 25 37 38 99 17 92 13 4 11 98 62 19 42 5 29 71 48 60 70 78 44 18 54 39 68 1 51 85 79 57 56 91 20 86 45 88 75 55 7 9 59 30 32 36 8 63 84 2 87 24 49 3 96 47 15 14 76 21 26 40 97 35 89 95 
TEST 186 ARG:93 6 83 31 81 67 61 65 46 50 69 28 41 72 16 33 58 27 73 23 94 12 22 64 66 10 74 77 52 43 53 0 82 90 34 80 25 37 38 99 17 92 13 4 11 98 62 19 42 5 29 71 48 60 70 78 44 18 54 39 68 1 51 85 79 57 56 91 20 86 45 88 75 55 7 9 59 30 32 36 8 63 84 2 87 24 49 3 96 47 15 14 76 21 26 40 97 35 89 95 
TEST 187 ARG:73 23 94 13 7 98 84 49 5 30 74 89 20 81 72 43 67 31 88 85 64 96 36 90 97 61 56 15 35 44 0 75 62 50 47 76 58 3 19 79 34 52 78 16 9 4 1 12 42 77 2 93 80 14 8 10 39 53 48 32 65 33 40 28 63 54 17 46 55 21 99 22 29 51 25 41 68 91 38 11 87 45 92 59 18 82 95 66 86 6 83 37 24 27 26 71 60 70 69 57 
TEST 187 ARG:73 23 94 13 7 98 84 49 5 30 74 89 20 81 72 43 67 31 88 85 64 96 36 90 97 61 56 15 35 44 0 75 62 50 47 76 58 3 19 79 34 52 78 16 9 4 1 12 42 77 2 93 80 14 8 10 39 53 48 32 65 33 40 28 63 54 17 46 55 21 99 22 29 51 25 41 68 91 38 11 87 45 92 59 18 82 95 66 86 6 83 37 24 27 26 71 60 70 69 57 
TEST 188 ARG:81 22 97 47 79 92 27 5 77 64 95 90 24 50 9 57 4 11 23 38 85 10 35 69 37 83 6 42 34 25 16 33 43 74 67 52 62 49 3 18 19 46 70 58 26 28 32 0 54 48 8 91 53 66 15 96 76 82 21 1 39 44 12 89 13 30 61 84 71 93 2 75 40 7 78 86 17 63 98 68 94 51 88 60 72 41 55 87 73 56 31 29 20 99 14 59 45 36 80 65 
TEST 188 ARG:81 22 97 47 79 92 27 5 77 64 95 90 24 50 9 57 4 11 23 38 85 10 35 69 37 83 6 42 34 25 16 33 43 74 67 52 62 49 3 18 19 46 70 58 26 28 32 0 54 48 8 91 53 66 15 96 76 82 21 1 39 44 12 89 13 30 61 84 71 93 2 75 40 7 78 86 17 63 98 68 94 51 88 60 72 41 55 87 73 56 31 29 20 99 14 59 45 36 80 65 
TEST 189 ARG:51 35 57 65 4 47 58 10 56 64 70 6 95 76 9 74 84 14 59 63 36 25 87 40 62 2 97 15 93 60 34 19 73 20 45 86 55 12 41 7 98 81 37 48 68 27 42 72 43 17 85 88 30 11 54 94 18 24 28 23 46 49 89 32 38 1 33 75 44 5 71 3 22 16 82 39 21 66 96 92 83 26 13 78 53 91 8 50 99 29 52 90 61 31 0 67 80 69 79 77 
TEST 189 ARG:51 35 57 65 4 47 58 10 56 64 70 6 95 76 9 74 84 14 59 63 36 25 87 40 62 2 97 15 93 60 34 19 73 20 45 86 55 12 41 7 98 81 37 48 68 27 42 72 43 17 85 88 30 11 54 94 18 24 28 23 46 49 89 32 38 1 33 75 44 5 71 3 22 16 82 39 21 66 96 92 83 26 13 78 53 91 8 50 99 29 52 90 61 31 0 67 80 69 79 77 
TEST 190 ARG:68 79 31 57 64 70 44 30 28 8 13 61 27 7 93 54 20 75 36 96 23 0 66 45 48 99 82 32 2 51 87 85 35 15 6 88 47 73 5 40 53 78 60 58 74 14 91 59 19 10 49 52 24 16 80 29 76 97 38 98 89 83 4 92 95 41 90 72 69 12 3 56 94 26 84 34 81 55 37 22 25 9 71 65 86 1 43 21 39 18 67 77 46 33 11 62 42 63 50 17 
TEST 190 ARG:68 79 31 57 64 70 44 30 28 8 13 61 27 7 93 54 20 75 36 96 23 0 66 45 48 99 82 32 2 51 87 85 35 15 6 88 47 73 5 40 53 78 60 58 74 14 91 59 19 10 49 52 24 16 80 29 76 97 38 98 89 83 4 92 95 41 90 72 69 12 3 56 94 26 84 34 81 55 37 22 25 9 71 65 86 1 43 21 39 18 67 77 46 33 11 62 42 63 50 17 
TEST 191 ARG:40 38 15 99 65 69 75 34 67 55 54 37 96 27 24 31 11 90 22 7 71 41 46 25 44 89 17 63 6 21 35 91 39 86 68 32 36 26 8 51 60 81 14 57 20 16 56 97 12 79 61 78 47 23 2 53 5 72 28 19 18 48 77 94 84 43 82 3 98 13 93 80 49 0 58 64 42 29 59 73 74 33 66 76 30 45 1 62 52 50 70 87 85 92 95 10 4 88 83 9 
TEST 191 ARG:40 38 15 99 65 69 75 34 67 55 54 37 96 27 24 31 11 90 22 7 71 41 46 25 44 89 17 63 6 21 35 91 39 86 68 32 36 26 8 51 60 81 14 57 20 16 56 97 12 79 61 78 47 23 2 53 5 72 28 19 18 48 77 94 84 43 82 3 98 13 93 80 49 0 58 64 42 29 59 73 74 33 66 76 30 45 1 62 52 50 70 87 85 92 95 10 4 88 83 9 
TEST 192 ARG:61 32 62 40 36 38 66 93 33 87 70 91 8 45 72 60 67 34 46 71 26 80 74 83 24 95 81 21 10 22 19 68 90 54 9 59 92 84 73 47 28 1 88 56 96 0 25 85 7 35 52 63 17 55 2 53 98 14 78 44 48 58 18 30 77 42 5 82 37 20 31 75 97 43 94 39 57 23 50 15 86 79 11 41 29 12 76 99 69 89 6 51 3 49 27 4 65 13 64 16 
TEST 192 ARG:61 32 62 40 36 38 66 93 33 87 70 91 8 45 72 60 67 34 46 71 26 80 74 83 24 95 81 21 10 22 19 68 90 54 9 59 92 84 73 47 28 1 88 56 96 0 25 85 7 35 52 63 17 55 2 53 98 14 78 44 48 58 18 30 77 42 5 82 37 20 31 75 97 43 94 39 57 23 50 15 86 79 11 41 29 12 76 99 69 89 6 51 3 49 27 4 65 13 64 16 
TEST 193 ARG:52 60 40 1 19 77 65 3 87 85 99 53 61 20 57 72 29 9 17 38 10 25 88 84 44 56 97 7 18 49 55 76 22 42 68 33 66 78 30 36 89 46 37 75 41 16 96 26 21 95 0 91 6 82 98 63 15 92 62 67 58 28 43 74 59 94 70 2 64 34 24 45 27 13 93 11 83 86 69 4 79 80 35 47 8 48 54 32 23 51 81 71 50 12 73 39 14 31 90 5 
TEST 193 ARG:52 60 40 1 19 77 65 3 87 85 99 53 61 20 57 72 29 9 17 38 10 25 88 84 44 56 97 7 18 49 55 76 22 42 68 33 66 78 30 36 89 46 37 75 41 16 96 26 21 95 0 91 6 82 98 63 15 92 62 67 58 28 43 74 59 94 70 2 64 34 24 45 27 13 93 11 83 86 69 4 79 80 35 47 8 48 54 32 23 51 81 71 50 12 73 39 14 31 90 5 
TEST 194 ARG:83 38 78 84 17 45 48 57 35 93 27 52 14 99 29 43 56 62 19 2 87 75 10 96 82 60 86 49 0 34 9 6 79 25 37 28 51 32 55 69 68 54 20 97 67 30 92 90 76 24 88 44 89 11 5 53 91 73 18 58 7 33 66 70 65 31 3 77 8 12 16 47 94 26 46 80 50 63 59 36 13 95 98 64 22 42 39 71 41 72 85 1 61 4 23 81 40 15 21 74 
TEST 194 ARG:83 38 78 84 17 45 48 57 35 93 27 52 14 99 29 43 56 62 19 2 87 75 10 96 82 60 86 49 0 34 9 6 79 25 37 28 51 32 55 69 68 54 20 97 67 30 92 90 76 24 88 44 89 11 5 53 91 73 18 58 7 33 66 70 65 31 3 77 8 12 16 47 94 26 46 80 50 63 59 36 13 95 98 64 22 42 39 71 41 72 85 1 61 4 23 81 40 15 21 74 
TEST 195 ARG:50 87 77 81 75 53 90 30 45 82 33 95 29 36 16 5 2 37 96 51 67 42 69 54 20 31 56 21 89 18 61 60 48 57 59 93 88 85 97 6 74 35 38 99 83 25 41 86 32 43 26 52 34 78 27 58 65 3 73 63 91 47 70 14 24 17 1 22 92 79 46 8 15 12 68 55 71 10 39 72 19 0 11 62 44 49 66 76 28 84 7 9 23 13 94 40 80 98 4 64 
TEST 195 ARG:50 87 77 81 75 53 90 30 45 82 33 95 29 36 16 5 2 37 96 51 67 42 69 54 20 31 56 21 89 18 61 60 48 57 59 93 88 85 97 6 74 35 38 99 83 25 41 86 32 43 26 52 34 78 27 58 65 3 73 63 91 47 70 14 24 17 1 22 92 79 46 8 15 12 68 55 71 10 39 72 19 0 11 62 44 49 66 76 28 84 7 9 23 13 94 40 80 98 4 64 
TEST 196 ARG:14 13 99 48 65 55 91 6 40 54 21 81 63 97 78 56 93 30 20 57 74 19 35 72 53 80 41 89 94 31 71 50 29 9 69 15 58 3 52 96 7 90 83 37 18 61 16 17 10 77 68 4 60 11 8 59 87 62 44 46 0 1 66 88 79 32 24 27 75 22 47 2 38 5 26 86 98 67 45 43 36 92 42 64 25 82 12 28 39 33 84 76 34 51 49 85 23 70 73 95 
TEST 196 ARG:14 13 99 48 65 55 91 6 40 54 21 81 63 97 78 56 93 30 20 57 74 19 35 72 53 80 41 89 94 31 71 50 29 9 69 15 58 3 52 96 7 90 83 37 18 61 16 17 10 77 68 4 60 11 8 59 87 62 44 46 0 1 66 88 79 32 24 27 75 22 47 2 38 5 26 86 98 67 45 43 36 92 42 64 25 82 12 28 39 33 84 76 34 51 49 85 23 70 73 95 
TEST 197 ARG:52 95 66 70 26 35 10 62 94 53 74 24 46 15 92 21 76 84 65 54 33 56 16 75 85 98 50 23 36 51 0 89 41 27 4 49 2 88 81 12 11 77 72 96 38 57 99 6 79 30 28 14 42 20 44 37 47 3 45 87 7 83 34 43 19 60 31 71 9 59 61 69 80 25 13 86 64 5 32 97 29 78 67 8 93 1 48 55 73 63 91 90 58 82 18 68 17 39 40 22 
TEST 197 ARG:52 95 66 70 26 35 10 62 94 53 74 24 46 15 92 21 76 84 65 54 33 56 16 75 85 98 50 23 36 51 0 89 41 27 4 49 2 88 81 12 11 77 72 96 38 57 99 6 79 30 28 14 42 20 44 37 47 3 45 87 7 83 34 43 19 60 31 71 9 59 61 69 80 25 13 86 64 5 32 97 29 78 67 8 93 1 48 55 73 63 91 90 58 82 18 68 17 39 40 22 
TEST 198 ARG:82 71 56 48 76 51 70 94 90 64 47 88 15 36 21 17 53 35 78 24 28 13 54 84 27 66 3 65 6 74 16 42 0 31 45 77 68 91 63 30 55 22 61 87 80 25 8 2 34 75 9 40 99 69 67 14 73 37 41 29 11 89 57 43 18 79 58 52 92 60 10 7 26 62 97 50 23 59 4 81 86 1 46 19 49 93 95 20 39 83 12 38 33 5 32 72 85 96 44 98 
TEST 198 ARG:82 71 56 48 76 51 70 94 90 64 47 88 15 36 21 17 53 35 78 24 28 13 54 84 27 66 3 65 6 74 16 42 0 31 45 77 68 91 63 30 55 22 61 87 80 25 8 2 34 75 9 40 99 69 67 14 73 37 41 29 11 89 57 43 18 79 58 52 92 60 10 7 26 62 97 50 23 59 4 81 86 1 46 19 49 93 95 20 39 83 12 38 33 5 32 72 85 96 44 98 
TEST 199 ARG:70 45 97 52 62 37 93 76 82 61 41 99 38 65 57 44 75 53 23 7 79 6 36 4 32 29 72 30 39 47 91 28 55 22 35 96 84 43 11 5 49 81 89 85 80 3 42 74 73 14 78 18 90 27 20 40 59 15 31 69 2 83 86 25 50 66 56 10 16 13 95 34 98 67 24 60 68 48 88 33 12 58 46 1 87 71 17 9 77 0 64 8 51 21 63 94 54 92 26 19 
TEST 199 ARG:70 45 97 52 62 37 93 76 82 61 41 99 38 65 57 44 75 53 23 7 79 6 36 4 32 29 72 30 39 47 91 28 55 22 35 96 84 43 11 5 49 81 89 85 80 3 42 74 73 14 78 18 90 27 20 40 59 15 31 69 2 83 86 25 50 66 56 10 16 13 95 34 98 67 24 60 68 48 88 33 12 58 46 1 87 71 17 9 77 0 64 8 51 21 63 94 54 92 26 19 
TEST 200 ARG:71 5 79 56 37 65 63 85 11 50 61 73 41 95 26 53 43 36 49 35 70 60 45 6 9 16 15 62 48 78 88 40 81 57 59 66 33 10 98 52 28 4 67 39 94 69 55 58 17 12 64 2 47 54 46 72 77 86 23 34 24 76 13 75 96 93 92 30 87 1 19 27 90 25 14 91 42 38 97 22 89 82 21 74 7 44 31 51 80 0 99 8 84 3 29 18 83 20 68 32 
TEST 200 ARG:71 5 79 56 37 65 63 85 11 50 61 73 41 95 26 53 43 36 49 35 70 60 45 6 9 16 15 62 48 78 88 40 81 57 59 66 33 10 98 52 28 4 67 39 94 69 55 58 17 12 64 2 47 54 46 72 77 86 23 34 24 76 13 75 96 93 92 30 87 1 19 27 90 25 14 91 42 38 97 22 89 82 21 74 7 44 31 51 80 0 99 8 84 3 29 18 83 20 68 32 
TEST 201 ARG:6 17 4 59 91 57 2 96 88 30 77 72 92 14 58 42 46 75 81 5 83 53 94 61 23 50 78 40 95 0 87 21 90 32 52 86 22 63 10 37 68 76 71 31 73 7 24 11 16 67 39 19 34 64 35 41 56 48 99 38 9 15 74 65 36 51 49 12 98 47 55 29 44 13 60 79 62 69 43 97 18 27 84 25 28 85 80 8 93 66 3 1 82 89 70 45 26 54 20 33 
TEST 201 ARG:6 17 4 59 91 57 2 96 88 30 77 72 92 14 58 42 46 75 81 5 83 53 94 61 23 50 78 40 95 0 87 21 90 32 52 86 22 63 10 37 68 76 71 31 73 7 24 11 16 67 39 19 34 64 35 41 56 48 99 38 9 15 74 65 36 51 49 12 98 47 55 29 44 13 60 79 62 69 43 97 18 27 84 25 28 85 80 8 93 66 3 1 82 89 70 45 26 54 20 33 
Multiple size <= 500
TEST 1 ARG:-72 145 -3 27 172 -99 188 -192 239 101 112 -105 -98 143 16 88 177 -11 -17 -29 100 -86 -225 102 14 -135 232 -60 166 -193 58 244 24 187 175 211 -186 -106 -101 41 142 -50 94 -126 181 155 -131 -56 246 -245 -199 194 64 -67 -52 80 139 17 -36 -241 128 -210 238 -117 -141 198 84 241 225 -44 69 -45 42 -49 -205 -152 191 -7 -165 -250 -155 54 -1 150 -243 -227 63 68 105 136 -125 96 108 -9 18 240 -61 60 -160 1 -123 -219 -146 180 -154 141 140 114 40 -94 -104 -174 -226 -113 -247 131 220 -83 229 148 8 226 -200 138 -149 109 11 -201 -198 -15 -63 -194 91 -166 -144 -233 135 -25 34 25 -91 59 -147 -19 -65 -23 208 -97 -185 231 -231 249 67 189 -40 22 45 134 -249 20 119 -70 -6 -62 -180 87 38 106 -88 4 154 -189 -178 -5 127 104 247 9 -69 -162 79 -217 179 216 -13 -142 -28 214 86 -8 98 126 -57 -235 186 -114 111 -157 53 35 190 -133 -167 -179 -218 -110 -115 215 -84 221 149 -16 -85 -43 125 202 -22 -18 77 196 -55 103 -248 -66 82 -87 -237 78 -119 -12 -190 61 146 -134 -159 -228 -74 -53 -79 -242 -244 213 121 -169 223 -111 178 -21 -112 120 -234 -33 -77 -32 -184 -73 -24 123 -100 -222 -209 -213 -158 -76 -42 161 -128 -130 162 39 -38 -96 237 90 -122 -204 15 -82 48 230 -136 195 -164 -95 -145 158 -182 74 -37 115 219 -176 -26 -140 217 203 163 207 62 233 -109 -221 113 6 -132 242 65 209 -168 52 222 -127 28 -150 -239 -124 72 193 160 184 153 147 137 185 -215 -220 164 -81 227 110 -177 23 -163 93 -31 -191 3 171 199 -107 173 -246 157 13 -93 -161 83 -173 -232 -214 37 -170 -20 19 47 248 124 -216 200 176 -34 -118 -2 -80 -187 71 89 218 159 192 73 -48 75 -90 182 245 44 -207 234 85 206 228 -92 -143 -68 156 31 -195 201 -46 -197 -229 46 243 -153 -171 -223 57 -172 70 197 -230 21 224 -211 81 32 165 0 -54 99 169 -30 -35 168 133 118 212 144 -138 -188 151 -175 116 107 -183 -89 -238 132 -75 5 7 -203 -4 170 -39 130 -196 152 -181 -208 50 236 174 12 129 -64 -212 30 -137 56 -120 55 -148 -71 210 -59 2 235 33 -240 205 49 43 -202 -224 -103 -102 -206 -156 -41 -116 -129 -27 167 92 26 -58 -47 10 66 -10 29 -51 -14 -139 117 95 -108 -78 122 183 76 204 51 -151 -236 36 97 -121 
TEST 1 ARG:-72 145 -3 27 172 -99 188 -192 239 101 112 -105 -98 143 16 88 177 -11 -17 -29 100 -86 -225 102 14 -135 232 -60 166 -193 58 244 24 187 175 211 -186 -106 -101 41 142 -50 94 -126 181 155 -131 -56 246 -245 -199 194 64 -67 -52 80 139 17 -36 -241 128 -210 238 -117 -141 198 84 241 225 -44 69 -45 42 -49 -205 -152 191 -7 -165 -250 -155 54 -1 150 -243 -227 63 68 105 136 -125 96 108 -9 18 240 -61 60 -160 1 -123 -219 -146 180 -154 141 140 114 40 -94 -104 -174 -226 -113 -247 131 220 -83 229 148 8 226 -200 138 -149 109 11 -201 -198 -15 -63 -194 91 -166 -144 -233 135 -25 34 25 -91 59 -147 -19 -65 -23 208 -97 -185 231 -231 249 67 189 -40 22 45 134 -249 20 119 -70 -6 -62 -180 87 38 106 -88 4 154 -189 -178 -5 127 104 247 9 -69 -162 79 -217 179 216 -13 -142 -28 214 86 -8 98 126 -57 -235 186 -114 111 -157 53 35 190 -133 -167 -179 -218 -110 -115 215 -84 221 149 -16 -85 -43 125 202 -22 -18 77 196 -55 103 -248 -66 82 -87 -237 78 -119 -12 -190 61 146 -134 -159 -228 -74 -53 -79 -242 -244 213 121 -169 223 -111 178 -21 -112 120 -234 -33 -77 -32 -184 -73 -24 123 -100 -222 -209 -213 -158 -76 -42 161 -128 -130 162 39 -38 -96 237 90 -122 -204 15 -82 48 230 -136 195 -164 -95 -145 158 -182 74 -37 115 219 -176 -26 -140 217 203 163 207 62 233 -109 -221 113 6 -132 242 65 209 -168 52 222 -127 28 -150 -239 -124 72 193 160 184 153 147 137 185 -215 -220 164 -81 227 110 -177 23 -163 93 -31 -191 3 171 199 -107 173 -246 157 13 -93 -161 83 -173 -232 -214 37 -170 -20 19 47 248 124 -216 200 176 -34 -118 -2 -80 -187 71 89 218 159 192 73 -48 75 -90 182 245 44 -207 234 85 206 228 -92 -143 -68 156 31 -195 201 -46 -197 -229 46 243 -153 -171 -223 57 -172 70 197 -230 21 224 -211 81 32 165 0 -54 99 169 -30 -35 168 133 118 212 144 -138 -188 151 -175 116 107 -183 -89 -238 132 -75 5 7 -203 -4 170 -39 130 -196 152 -181 -208 50 236 174 12 129 -64 -212 30 -137 56 -120 55 -148 -71 210 -59 2 235 33 -240 205 49 43 -202 -224 -103 -102 -206 -156 -41 -116 -129 -27 167 92 26 -58 -47 10 66 -10 29 -51 -14 -139 117 95 -108 -78 122 183 76 204 51 -151 -236 36 97 -121 
TEST 2 ARG:-246 127 -51 5 -48 -78 -124 -13 -226 74 -136 66 227 -199 171 175 -116 -132 88 193 174 205 -67 207 63 -83 77 -117 24 14 38 105 -137 -179 12 -34 158 21 -70 -227 180 228 17 -81 -192 78 -122 -224 157 -220 130 84 56 -121 53 -62 -238 -168 -29 1 216 -174 -123 26 72 -138 -37 237 126 143 -14 -203 128 242 59 -53 -40 50 8 -172 -50 -25 111 -105 67 -181 230 219 -20 236 65 223 -225 -60 -21 -71 19 85 61 -154 -230 -200 195 234 36 -151 -92 -65 -97 70 -245 10 -231 -219 -166 -180 -16 42 90 41 -85 139 75 182 108 -240 -128 -202 -43 -120 44 27 -88 -100 45 62 239 233 -115 35 -234 225 -82 82 211 100 -73 -222 -47 -164 32 232 -4 213 93 47 -229 132 -205 117 -26 25 231 16 151 -113 -214 122 -59 109 -87 112 -23 -239 -208 30 -223 -191 240 -247 208 246 -185 -183 69 154 238 163 54 181 249 -197 15 -193 192 -107 -213 135 -235 -152 152 57 -3 -98 -46 121 -133 -75 125 124 -127 189 -96 49 60 226 196 123 145 -114 94 40 -19 204 29 -232 -233 13 -7 -248 -194 -175 101 106 -147 120 -52 -38 95 89 83 -204 -206 79 224 137 245 -210 -66 37 -45 91 64 -131 166 -148 52 33 -110 -22 -18 -44 -196 -207 -33 73 2 -95 43 -79 6 -119 164 -15 -236 -187 -155 -9 58 81 -108 71 159 -55 22 113 -74 184 -162 31 -10 -28 172 -89 -130 -146 3 118 39 131 -149 147 169 -68 153 -58 -63 -27 -61 129 -141 -49 -189 -76 116 187 -106 222 194 133 212 -176 4 -171 179 23 156 146 177 -126 183 167 -129 217 214 -243 -250 -165 198 -145 -91 -160 200 235 -134 102 170 -8 141 -90 136 -144 168 243 -93 -24 -69 160 209 -31 206 218 -140 178 149 -212 -163 165 -32 -111 203 221 -30 -11 -217 -182 -228 -159 -237 202 -99 191 197 -190 176 173 229 248 -244 -170 -57 34 99 150 -56 -169 -241 -64 -42 247 -80 103 9 -143 -186 92 -101 -249 55 -102 11 -158 46 -167 76 -153 -209 87 -173 -242 -1 190 -36 -216 48 -195 -156 244 215 -201 97 -6 210 199 185 241 -211 28 119 -150 -161 115 51 161 -198 -184 -103 -39 138 104 114 201 148 -2 86 -178 -142 -72 -118 -218 68 18 80 144 -157 -84 -112 -215 -35 -177 -94 140 -5 107 -125 188 -135 110 98 20 134 96 -86 155 -12 -139 -41 -104 -109 -188 0 -77 220 142 186 -54 -17 162 -221 7 
TEST 2 ARG:-246 127 -51 5 -48 -78 -124 -13 -226 74 -136 66 227 -199 171 175 -116 -132 88 193 174 205 -67 207 63 -83 77 -117 24 14 38 105 -137 -179 12 -34 158 21 -70 -227 180 228 17 -81 -192 78 -122 -224 157 -220 130 84 56 -121 53 -62 -238 -168 -29 1 216 -174 -123 26 72 -138 -37 237 126 143 -14 -203 128 242 59 -53 -40 50 8 -172 -50 -25 111 -105 67 -181 230 219 -20 236 65 223 -225 -60 -21 -71 19 85 61 -154 -230 -200 195 234 36 -151 -92 -65 -97 70 -245 10 -231 -219 -166 -180 -16 42 90 41 -85 139 75 182 108 -240 -128 -202 -43 -120 44 27 -88 -100 45 62 239 233 -115 35 -234 225 -82 82 211 100 -73 -222 -47 -164 32 232 -4 213 93 47 -229 132 -205 117 -26 25 231 16 151 -113 -214 122 -59 109 -87 112 -23 -239 -208 30 -223 -191 240 -247 208 246 -185 -183 69 154 238 163 54 181 249 -197 15 -193 192 -107 -213 135 -235 -152 152 57 -3 -98 -46 121 -133 -75 125 124 -127 189 -96 49 60 226 196 123 145 -114 94 40 -19 204 29 -232 -233 13 -7 -248 -194 -175 101 106 -147 120 -52 -38 95 89 83 -204 -206 79 224 137 245 -210 -66 37 -45 91 64 -131 166 -148 52 33 -110 -22 -18 -44 -196 -207 -33 73 2 -95 43 -79 6 -119 164 -15 -236 -187 -155 -9 58 81 -108 71 159 -55 22 113 -74 184 -162 31 -10 -28 172 -89 -130 -146 3 118 39 131 -149 147 169 -68 153 -58 -63 -27 -61 129 -141 -49 -189 -76 116 187 -106 222 194 133 212 -176 4 -171 179 23 156 146 177 -126 183 167 -129 217 214 -243 -250 -165 198 -145 -91 -160 200 235 -134 102 170 -8 141 -90 136 -144 168 243 -93 -24 -69 160 209 -31 206 218 -140 178 149 -212 -163 165 -32 -111 203 221 -30 -11 -217 -182 -228 -159 -237 202 -99 191 197 -190 176 173 229 248 -244 -170 -57 34 99 150 -56 -169 -241 -64 -42 247 -80 103 9 -143 -186 92 -101 -249 55 -102 11 -158 46 -167 76 -153 -209 87 -173 -242 -1 190 -36 -216 48 -195 -156 244 215 -201 97 -6 210 199 185 241 -211 28 119 -150 -161 115 51 161 -198 -184 -103 -39 138 104 114 201 148 -2 86 -178 -142 -72 -118 -218 68 18 80 144 -157 -84 -112 -215 -35 -177 -94 140 -5 107 -125 188 -135 110 98 20 134 96 -86 155 -12 -139 -41 -104 -109 -188 0 -77 220 142 186 -54 -17 162 -221 7 
TEST 3 ARG:-112 -170 -79 -107 -5 83 -39 181 -109 -176 219 -149 -14 -75 -90 -210 -167 -137 -171 -205 176 58 52 4 112 202 -160 221 124 92 -249 234 -152 143 54 -60 158 227 132 -52 145 -200 159 216 -32 -217 -164 104 63 210 164 207 128 -110 -50 28 -78 172 -195 -1 -97 117 108 -179 180 -22 144 80 -113 155 -128 9 170 -33 26 13 -115 41 -81 39 -155 -230 -74 228 81 242 -51 -148 -24 137 -36 197 38 148 208 -29 40 205 115 -92 200 245 3 171 -48 178 -45 -38 -198 113 -125 -126 163 -237 50 -23 -204 -96 -172 -8 -103 204 31 -165 -63 123 100 -223 -54 -69 142 183 -94 246 -118 182 -219 136 79 162 -93 -207 -76 -214 126 -102 -221 -156 111 -91 -30 -114 14 11 -95 98 -53 120 90 -71 -28 -158 150 154 -168 -186 46 -239 235 -139 59 -181 -66 -242 -140 -122 187 -190 -129 105 -241 177 231 -211 101 167 55 -178 -135 87 -209 -89 57 -157 -44 199 -72 -151 165 -105 -4 -80 203 -169 225 -70 -64 -196 -116 53 -226 -197 153 93 -108 -183 218 43 141 -85 -9 95 -3 -213 -208 -121 -212 146 85 -117 -11 19 -232 -153 -189 127 -12 -173 103 -222 -238 65 78 166 64 192 -40 16 -142 -191 -174 51 224 -47 67 190 194 160 133 118 88 229 -10 82 233 184 168 217 151 -42 185 149 -162 36 -26 -119 -35 -244 -46 212 188 62 15 -127 -136 -49 -180 -192 -62 -188 201 244 223 248 10 -99 -141 241 -43 -106 239 211 247 -250 230 109 213 20 49 -120 56 186 -20 -227 214 24 99 68 107 44 -220 -229 73 -87 236 -246 -6 -235 226 169 -185 -31 91 238 -27 5 189 156 33 -133 135 45 -159 -199 129 -56 -247 84 215 89 198 -16 61 -59 -41 -234 243 179 25 -248 -7 27 138 86 134 75 6 -55 -147 -194 240 17 -177 -67 -21 -184 -163 -225 47 -231 147 174 220 -154 -166 157 -224 -124 106 69 -144 30 -86 60 -101 237 114 -215 -233 72 152 35 -161 -83 12 -34 -58 102 -131 70 -82 -65 175 232 209 139 249 -228 -98 74 22 -203 119 -37 -68 -150 -123 131 96 -104 -193 -134 71 0 222 77 21 130 -13 8 -175 42 -216 -245 -201 -202 94 -187 37 7 -236 122 23 -111 -57 -77 -146 -145 -240 -2 193 191 -61 -138 1 206 -132 2 -218 173 -130 -19 97 140 -84 34 -15 -73 -206 32 18 -25 -143 -100 -17 66 48 -243 121 196 29 -18 -182 116 -88 161 110 195 76 125 
TEST 3 ARG:-112 -170 -79 -107 -5 83 -39 181 -109 -176 219 -149 -14 -75 -90 -210 -167 -137 -171 -205 176 58 52 4 112 202 -160 221 124 92 -249 234 -152 143 54 -60 158 227 132 -52 145 -200 159 216 -32 -217 -164 104 63 210 164 207 128 -110 -50 28 -78 172 -195 -1 -97 117 108 -179 180 -22 144 80 -113 155 -128 9 170 -33 26 13 -115 41 -81 39 -155 -230 -74 228 81 242 -51 -148 -24 137 -36 197 38 148 208 -29 40 205 115 -92 200 245 3 171 -48 178 -45 -38 -198 113 -125 -126 163 -237 50 -23 -204 -96 -172 -8 -103 204 31 -165 -63 123 100 -223 -54 -69 142 183 -94 246 -118 182 -219 136 79 162 -93 -207 -76 -214 126 -102 -221 -156 111 -91 -30 -114 14 11 -95 98 -53 120 90 -71 -28 -158 150 154 -168 -186 46 -239 235 -139 59 -181 -66 -242 -140 -122 187 -190 -129 105 -241 177 231 -211 101 167 55 -178 -135 87 -209 -89 57 -157 -44 199 -72 -151 165 -105 -4 -80 203 -169 225 -70 -64 -196 -116 53 -226 -197 153 93 -108 -183 218 43 141 -85 -9 95 -3 -213 -208 -121 -212 146 85 -117 -11 19 -232 -153 -189 127 -12 -173 103 -222 -238 65 78 166 64 192 -40 16 -142 -191 -174 51 224 -47 67 190 194 160 133 118 88 229 -10 82 233 184 168 217 151 -42 185 149 -162 36 -26 -119 -35 -244 -46 212 188 62 15 -127 -136 -49 -180 -192 -62 -188 201 244 223 248 10 -99 -141 241 -43 -106 239 211 247 -250 230 109 213 20 49 -120 56 186 -20 -227 214 24 99 68 107 44 -220 -229 73 -87 236 -246 -6 -235 226 169 -185 -31 91 238 -27 5 189 156 33 -133 135 45 -159 -199 129 -56 -247 84 215 89 198 -16 61 -59 -41 -234 243 179 25 -248 -7 27 138 86 134 75 6 -55 -147 -194 240 17 -177 -67 -21 -184 -163 -225 47 -231 147 174 220 -154 -166 157 -224 -124 106 69 -144 30 -86 60 -101 237 114 -215 -233 72 152 35 -161 -83 12 -34 -58 102 -131 70 -82 -65 175 232 209 139 249 -228 -98 74 22 -203 119 -37 -68 -150 -123 131 96 -104 -193 -134 71 0 222 77 21 130 -13 8 -175 42 -216 -245 -201 -202 94 -187 37 7 -236 122 23 -111 -57 -77 -146 -145 -240 -2 193 191 -61 -138 1 206 -132 2 -218 173 -130 -19 97 140 -84 34 -15 -73 -206 32 18 -25 -143 -100 -17 66 48 -243 121 196 29 -18 -182 116 -88 161 110 195 76 125 
TEST 4 ARG:212 198 196 187 0 140 -118 124 -72 107 -141 -193 223 -53 47 221 154 -109 -165 -221 151 -202 -189 101 225 -68 70 -83 210 -187 130 33 -25 -57 49 -154 229 -102 114 106 -229 59 66 18 -45 46 247 -220 -32 117 87 188 -41 -222 -148 -63 -134 244 38 173 -58 122 -106 -223 -69 -241 -204 -170 149 -145 -139 8 235 -84 -81 232 -227 -125 -105 7 -248 75 -35 120 134 159 110 -20 -94 -66 -44 211 -137 -195 -11 -19 -55 16 139 163 -247 208 76 26 13 -89 -116 5 -232 40 -233 -206 34 100 -158 104 -117 129 -95 -231 -2 -130 -230 241 165 2 60 127 -209 -56 -129 28 -180 -242 144 -149 183 -76 -219 96 -31 234 6 199 158 -136 -126 -71 -152 182 -119 -60 -151 162 206 -8 -160 -18 185 -3 207 21 142 -131 -182 -155 179 170 -67 -23 -174 136 132 -64 -24 145 -250 -157 -6 -178 -78 -198 71 -43 37 -62 44 85 -128 98 -240 123 -244 48 39 -192 -75 -239 204 -228 108 -61 29 -159 152 -48 -59 -197 -107 -173 99 94 69 189 150 115 72 -161 118 237 -208 68 102 148 -211 -92 -70 -236 -143 175 125 -172 83 64 -99 -15 146 228 -28 -226 61 22 -237 -108 -235 -127 -162 219 -212 172 169 35 239 240 -188 135 74 -186 -164 36 53 -169 -213 30 32 192 141 126 -177 -29 248 186 -88 201 82 42 -146 97 197 73 128 25 -234 -153 184 43 -133 -122 131 243 214 -103 4 52 -1 24 -52 -238 -98 233 -85 19 -201 121 -36 -27 -16 -80 -14 112 -73 55 -34 15 -163 157 116 -10 216 -86 -205 -87 -37 -104 153 -140 45 62 -183 -214 17 -166 -218 -167 -225 -243 -40 92 177 -65 -224 -93 -91 174 218 222 -9 -26 -82 119 80 -168 -13 -132 50 180 89 31 105 202 164 78 103 67 -114 -97 190 -79 -39 -194 -124 168 213 -156 12 11 178 209 -22 226 -176 217 200 -4 65 -216 138 -144 -50 57 86 -175 242 -77 -184 23 84 81 -185 -171 161 -74 227 -111 231 -179 147 -47 -100 205 194 93 203 220 14 -203 51 238 133 137 246 -215 181 -121 -17 3 -150 171 95 1 -110 56 -200 113 143 54 -123 -33 20 41 -210 -138 58 -142 -207 -196 215 -217 249 -135 109 91 -7 191 -12 -113 -51 224 9 230 -245 -46 155 -249 -199 236 166 -30 -190 -112 88 -115 -191 167 10 -181 -101 111 -90 79 245 77 -5 27 90 -38 176 -147 63 -21 156 195 -96 193 -246 -42 -49 -54 160 -120 
TEST 4 ARG:212 198 196 187 0 140 -118 124 -72 107 -141 -193 223 -53 47 221 154 -109 -165 -221 151 -202 -189 101 225 -68 70 -83 210 -187 130 33 -25 -57 49 -154 229 -102 114 106 -229 59 66 18 -45 46 247 -220 -32 117 87 188 -41 -222 -148 -63 -134 244 38 173 -58 122 -106 -223 -69 -241 -204 -170 149 -145 -139 8 235 -84 -81 232 -227 -125 -105 7 -248 75 -35 120 134 159 110 -20 -94 -66 -44 211 -137 -195 -11 -19 -55 16 139 163 -247 208 76 26 13 -89 -116 5 -232 40 -233 -206 34 100 -158 104 -117 129 -95 -231 -2 -130 -230 241 165 2 60 127 -209 -56 -129 28 -180 -242 144 -149 183 -76 -219 96 -31 234 6 199 158 -136 -126 -71 -152 182 -119 -60 -151 162 206 -8 -160 -18 185 -3 207 21 142 -131 -182 -155 179 170 -67 -23 -174 136 132 -64 -24 145 -250 -157 -6 -178 -78 -198 71 -43 37 -62 44 85 -128 98 -240 123 -244 48 39 -192 -75 -239 204 -228 108 -61 29 -159 152 -48 -59 -197 -107 -173 99 94 69 189 150 115 72 -161 118 237 -208 68 102 148 -211 -92 -70 -236 -143 175 125 -172 83 64 -99 -15 146 228 -28 -226 61 22 -237 -108 -235 -127 -162 219 -212 172 169 35 239 240 -188 135 74 -186 -164 36 53 -169 -213 30 32 192 141 126 -177 -29 248 186 -88 201 82 42 -146 97 197 73 128 25 -234 -153 184 43 -133 -122 131 243 214 -103 4 52 -1 24 -52 -238 -98 233 -85 19 -201 121 -36 -27 -16 -80 -14 112 -73 55 -34 15 -163 157 116 -10 216 -86 -205 -87 -37 -104 153 -140 45 62 -183 -214 17 -166 -218 -167 -225 -243 -40 92 177 -65 -224 -93 -91 174 218 222 -9 -26 -82 119 80 -168 -13 -132 50 180 89 31 105 202 164 78 103 67 -114 -97 190 -79 -39 -194 -124 168 213 -156 12 11 178 209 -22 226 -176 217 200 -4 65 -216 138 -144 -50 57 86 -175 242 -77 -184 23 84 81 -185 -171 161 -74 227 -111 231 -179 147 -47 -100 205 194 93 203 220 14 -203 51 238 133 137 246 -215 181 -121 -17 3 -150 171 95 1 -110 56 -200 113 143 54 -123 -33 20 41 -210 -138 58 -142 -207 -196 215 -217 249 -135 109 91 -7 191 -12 -113 -51 224 9 230 -245 -46 155 -249 -199 236 166 -30 -190 -112 88 -115 -191 167 10 -181 -101 111 -90 79 245 77 -5 27 90 -38 176 -147 63 -21 156 195 -96 193 -246 -42 -49 -54 160 -120 
TEST 5 ARG:-238 133 -72 -244 76 44 -243 -51 194 219 62 226 -83 26 45 10 19 -227 -173 42 -132 -196 113 -215 -180 103 212 156 -13 141 -200 70 135 31 -193 -15 -161 -245 137 104 -186 -204 5 -3 110 175 -185 88 -77 -148 -198 96 -194 -208 -235 -236 -142 -78 198 82 112 94 193 243 149 30 221 152 223 -143 14 102 -248 87 183 60 -96 -136 12 -222 -151 -34 172 69 209 238 -133 86 -179 -210 -17 -167 136 196 55 203 49 -149 -22 16 158 -174 -249 180 25 -213 -43 18 -111 -66 210 -206 -231 -144 -86 157 119 -159 -166 -90 33 177 0 -114 144 15 248 -172 -160 -239 1 213 -192 3 155 188 75 -229 -168 115 181 242 -73 -153 -212 28 67 9 -155 -134 -76 245 72 -99 246 -177 89 35 -27 216 -64 123 -147 -59 34 -110 -30 202 -214 98 -197 189 29 -31 58 -117 165 105 -141 127 -131 -178 73 46 -33 -157 -130 -162 -37 24 228 -70 -53 37 -126 151 116 184 145 77 -103 -184 -183 140 84 40 100 -125 170 -191 -145 154 74 -79 78 -122 108 106 -89 17 -58 138 -140 -240 -156 169 -150 -139 -24 -137 -170 -68 241 -21 182 -20 235 178 218 -29 192 191 -203 -26 92 -230 -8 160 -221 220 121 176 122 201 21 -109 -6 -121 -113 53 -41 85 20 214 81 -124 153 2 240 38 -87 -104 23 -45 -35 142 51 129 8 185 57 -62 148 237 132 -54 166 -42 174 41 -108 -5 -202 -120 80 208 -218 168 -115 -44 -40 -217 -135 227 204 -101 -1 171 48 199 -52 163 -187 47 -55 -164 -4 109 -138 -223 59 186 -242 107 -46 -82 6 -92 -98 207 -234 -7 131 114 -2 -226 -154 95 91 52 111 -74 229 -60 -14 -225 217 139 190 164 230 36 200 215 -176 -25 61 -65 206 -211 43 -28 -23 -241 -119 179 -36 -188 39 27 173 -49 -9 -195 -232 197 64 -18 -129 -247 -207 211 -107 150 93 -16 -50 -106 -189 187 -158 11 83 71 79 -220 -48 90 -116 -67 -209 239 -91 120 159 -95 -123 -56 4 -233 231 -93 -127 50 101 -88 130 -39 -12 -112 68 -69 54 -165 -94 162 222 -175 -85 -228 244 195 -216 -163 117 -61 97 -19 147 -182 -219 124 -250 234 232 66 -47 -102 -63 233 -146 -80 236 128 161 99 -105 -10 167 -100 -84 -171 -81 -97 63 -11 -118 -205 146 247 -71 13 -237 134 -38 -190 7 225 143 -246 125 -32 56 -128 -152 -224 -201 -199 32 -169 -75 22 118 65 -181 126 224 249 205 -57 
TEST 5 ARG:-238 133 -72 -244 76 44 -243 -51 194 219 62 226 -83 26 45 10 19 -227 -173 42 -132 -196 113 -215 -180 103 212 156 -13 141 -200 70 135 31 -193 -15 -161 -245 137 104 -186 -204 5 -3 110 175 -185 88 -77 -148 -198 96 -194 -208 -235 -236 -142 -78 198 82 112 94 193 243 149 30 221 152 223 -143 14 102 -248 87 183 60 -96 -136 12 -222 -151 -34 172 69 209 238 -133 86 -179 -210 -17 -167 136 196 55 203 49 -149 -22 16 158 -174 -249 180 25 -213 -43 18 -111 -66 210 -206 -231 -144 -86 157 119 -159 -166 -90 33 177 0 -114 144 15 248 -172 -160 -239 1 213 -192 3 155 188 75 -229 -168 115 181 242 -73 -153 -212 28 67 9 -155 -134 -76 245 72 -99 246 -177 89 35 -27 216 -64 123 -147 -59 34 -110 -30 202 -214 98 -197 189 29 -31 58 -117 165 105 -141 127 -131 -178 73 46 -33 -157 -130 -162 -37 24 228 -70 -53 37 -126 151 116 184 145 77 -103 -184 -183 140 84 40 100 -125 170 -191 -145 154 74 -79 78 -122 108 106 -89 17 -58 138 -140 -240 -156 169 -150 -139 -24 -137 -170 -68 241 -21 182 -20 235 178 218 -29 192 191 -203 -26 92 -230 -8 160 -221 220 121 176 122 201 21 -109 -6 -121 -113 53 -41 85 20 214 81 -124 153 2 240 38 -87 -104 23 -45 -35 142 51 129 8 185 57 -62 148 237 132 -54 166 -42 174 41 -108 -5 -202 -120 80 208 -218 168 -115 -44 -40 -217 -135 227 204 -101 -1 171 48 199 -52 163 -187 47 -55 -164 -4 109 -138 -223 59 186 -242 107 -46 -82 6 -92 -98 207 -234 -7 131 114 -2 -226 -154 95 91 52 111 -74 229 -60 -14 -225 217 139 190 164 230 36 200 215 -176 -25 61 -65 206 -211 43 -28 -23 -241 -119 179 -36 -188 39 27 173 -49 -9 -195 -232 197 64 -18 -129 -247 -207 211 -107 150 93 -16 -50 -106 -189 187 -158 11 83 71 79 -220 -48 90 -116 -67 -209 239 -91 120 159 -95 -123 -56 4 -233 231 -93 -127 50 101 -88 130 -39 -12 -112 68 -69 54 -165 -94 162 222 -175 -85 -228 244 195 -216 -163 117 -61 97 -19 147 -182 -219 124 -250 234 232 66 -47 -102 -63 233 -146 -80 236 128 161 99 -105 -10 167 -100 -84 -171 -81 -97 63 -11 -118 -205 146 247 -71 13 -237 134 -38 -190 7 225 143 -246 125 -32 56 -128 -152 -224 -201 -199 32 -169 -75 22 118 65 -181 126 224 249 205 -57 
TEST 6 ARG:30 -26 178 225 137 -165 -14 35 -172 90 -102 -22 -177 -169 193 -236 36 -68 93 92 45 -151 -3 -126 97 204 127 -112 -105 9 241 -139 -163 122 -198 173 102 -239 -131 -39 -50 14 11 220 -98 -114 75 -225 -245 172 -51 -78 49 -141 -61 146 182 239 -214 133 -170 86 -15 -227 -29 118 -155 -162 123 -249 -143 -57 -203 58 -233 -116 -122 -138 -23 206 135 -12 142 2 -175 84 -117 -91 195 108 -197 100 -132 163 188 124 125 -120 43 -89 -240 116 185 -137 -128 82 -237 168 73 -168 -173 -157 -228 190 -93 -244 95 -200 167 106 -38 232 -136 -20 128 -36 55 5 48 61 -156 -86 85 -222 -16 67 44 240 47 196 -250 153 94 -192 158 164 69 -32 247 -178 1 -235 -67 33 -76 24 191 211 103 83 0 -33 186 143 -119 8 28 229 179 174 -109 10 -217 166 -184 111 -107 87 -97 201 6 -195 -7 -92 119 -179 246 72 26 230 -234 96 -159 78 41 37 -43 -129 208 -147 145 -69 234 -113 197 -31 -226 -189 -56 -142 -111 -246 216 218 99 20 -125 -55 -72 -121 109 -191 -30 222 223 -232 68 -77 155 126 65 -224 -101 242 -248 237 -96 -118 -199 -94 -115 -71 215 210 150 59 -208 -210 -211 3 -13 -188 56 -27 -44 -110 71 -108 -42 -48 -160 171 139 -196 -219 -247 -174 -41 29 134 243 7 177 -218 31 -127 -106 -190 -84 112 70 76 -87 159 -176 -62 184 89 105 -82 98 -100 236 -80 235 141 25 101 -207 42 217 -46 -212 157 -202 -18 -145 -65 115 -238 165 140 -21 -221 181 -10 149 -73 198 -144 -19 77 -124 -54 110 38 231 60 79 -193 -201 -37 -79 -213 226 -167 104 80 -135 -158 -150 -35 -206 -241 -146 162 -95 -152 -223 176 183 66 21 212 -11 57 12 -216 4 -134 81 15 63 -90 207 -231 169 -149 249 -204 -75 154 214 -4 189 -104 -181 187 -49 -171 -229 -17 34 -47 74 -220 91 62 -88 148 -52 -70 152 -242 -185 -103 136 175 17 156 22 -243 132 227 40 120 -85 -186 244 219 23 -59 54 -34 131 107 130 245 -64 -28 -66 27 -63 213 -9 -215 161 52 117 -230 64 -187 32 18 144 -99 16 -148 88 -133 -205 202 -53 -83 46 -182 -6 233 -74 194 199 170 -40 51 19 -194 147 -60 209 -2 -154 224 -209 151 -25 113 -180 192 -166 53 -130 -81 -24 -161 248 160 -183 180 238 200 -164 13 -5 -153 203 114 39 -1 205 -123 -45 -8 228 -58 129 -140 50 121 221 138 
TEST 6 ARG:30 -26 178 225 137 -165 -14 35 -172 90 -102 -22 -177 -169 193 -236 36 -68 93 92 45 -151 -3 -126 97 204 127 -112 -105 9 241 -139 -163 122 -198 173 102 -239 -131 -39 -50 14 11 220 -98 -114 75 -225 -245 172 -51 -78 49 -141 -61 146 182 239 -214 133 -170 86 -15 -227 -29 118 -155 -162 123 -249 -143 -57 -203 58 -233 -116 -122 -138 -23 206 135 -12 142 2 -175 84 -117 -91 195 108 -197 100 -132 163 188 124 125 -120 43 -89 -240 116 185 -137 -128 82 -237 168 73 -168 -173 -157 -228 190 -93 -244 95 -200 167 106 -38 232 -136 -20 128 -36 55 5 48 61 -156 -86 85 -222 -16 67 44 240 47 196 -250 153 94 -192 158 164 69 -32 247 -178 1 -235 -67 33 -76 24 191 211 103 83 0 -33 186 143 -119 8 28 229 179 174 -109 10 -217 166 -184 111 -107 87 -97 201 6 -195 -7 -92 119 -179 246 72 26 230 -234 96 -159 78 41 37 -43 -129 208 -147 145 -69 234 -113 197 -31 -226 -189 -56 -142 -111 -246 216 218 99 20 -125 -55 -72 -121 109 -191 -30 222 223 -232 68 -77 155 126 65 -224 -101 242 -248 237 -96 -118 -199 -94 -115 -71 215 210 150 59 -208 -210 -211 3 -13 -188 56 -27 -44 -110 71 -108 -42 -48 -160 171 139 -196 -219 -247 -174 -41 29 134 243 7 177 -218 31 -127 -106 -190 -84 112 70 76 -87 159 -176 -62 184 89 105 -82 98 -100 236 -80 235 141 25 101 -207 42 217 -46 -212 157 -202 -18 -145 -65 115 -238 165 140 -21 -221 181 -10 149 -73 198 -144 -19 77 -124 -54 110 38 231 60 79 -193 -201 -37 -79 -213 226 -167 104 80 -135 -158 -150 -35 -206 -241 -146 162 -95 -152 -223 176 183 66 21 212 -11 57 12 -216 4 -134 81 15 63 -90 207 -231 169 -149 249 -204 -75 154 214 -4 189 -104 -181 187 -49 -171 -229 -17 34 -47 74 -220 91 62 -88 148 -52 -70 152 -242 -185 -103 136 175 17 156 22 -243 132 227 40 120 -85 -186 244 219 23 -59 54 -34 131 107 130 245 -64 -28 -66 27 -63 213 -9 -215 161 52 117 -230 64 -187 32 18 144 -99 16 -148 88 -133 -205 202 -53 -83 46 -182 -6 233 -74 194 199 170 -40 51 19 -194 147 -60 209 -2 -154 224 -209 151 -25 113 -180 192 -166 53 -130 -81 -24 -161 248 160 -183 180 238 200 -164 13 -5 -153 203 114 39 -1 205 -123 -45 -8 228 -58 129 -140 50 121 221 138 
TEST 7 ARG:133 183 -52 -243 -106 -63 123 73 -19 148 83 94 -129 -236 223 -109 104 62 39 -126 121 154 31 -127 -119 -247 115 155 23 50 -38 -123 -36 130 116 226 -242 -204 -196 -76 -185 -157 64 87 -110 -181 89 -161 -79 -230 48 146 236 126 232 -65 -187 151 134 -171 -44 -1 -45 90 -141 -164 45 51 0 -73 239 -27 19 203 -107 91 114 241 229 -32 -250 71 233 -133 88 207 -175 -212 -5 175 -116 -168 202 -57 -84 -198 37 84 -24 93 -125 68 17 -176 184 144 112 131 -180 49 220 -215 82 129 -88 -169 127 215 -155 98 -72 20 -39 172 -37 -22 213 -132 -165 -23 192 200 217 -130 -69 44 -239 -93 -194 122 -152 -173 249 179 -54 110 65 -117 176 47 140 -170 -20 221 -50 -151 -82 117 8 -108 5 -62 145 54 -12 -113 -95 -217 -223 96 -213 -186 78 -91 16 111 -11 -17 -139 -159 -92 79 135 25 -207 59 -241 185 -118 -224 -33 56 166 -219 170 248 53 -205 245 -43 -64 119 152 -131 -234 -31 -103 -233 147 -201 -166 173 -60 -200 107 -6 12 -229 209 61 63 -137 -248 -238 -66 204 197 -244 -172 101 113 212 -136 -193 76 99 247 178 92 -29 -231 161 -222 218 -34 -162 -74 -94 -105 -154 162 102 142 95 60 -246 4 -237 109 189 225 -30 6 -85 -15 -28 -100 -124 227 -235 234 -89 158 -114 -135 167 231 40 -160 13 -178 163 196 -226 -177 -10 -191 228 205 149 219 75 -228 -140 139 125 -122 -49 238 52 85 72 -35 214 210 -149 -216 1 -86 242 171 38 -143 128 187 -26 141 -189 157 188 240 -179 106 -46 -13 32 7 -142 206 120 -121 182 -77 -163 -221 -147 -101 -225 -128 -18 -188 27 -40 153 -58 -75 -206 244 55 -104 -14 58 138 -148 35 224 -203 -98 246 70 33 150 -56 -68 199 -218 -25 -70 -249 -158 168 103 41 -214 -232 118 143 86 -112 222 -87 -182 29 69 -220 -90 -59 -146 -21 -202 -134 -7 -115 18 191 -240 165 159 177 -138 243 -210 -53 -2 81 -156 46 181 -227 -3 -16 -111 -153 -167 -197 42 21 10 237 -144 -245 -145 -71 230 14 -208 67 105 156 24 -96 194 195 190 -209 -211 11 211 77 -190 -48 193 9 136 186 -78 -9 28 -120 26 208 43 3 -99 180 74 -61 201 174 30 -150 22 -41 -55 198 -81 -67 -80 57 137 66 164 36 124 34 -83 216 -174 -183 -8 100 97 15 -51 169 -192 2 -195 80 160 -4 -102 -199 132 -184 -47 -42 -97 108 235 
TEST 7 ARG:133 183 -52 -243 -106 -63 123 73 -19 148 83 94 -129 -236 223 -109 104 62 39 -126 121 154 31 -127 -119 -247 115 155 23 50 -38 -123 -36 130 116 226 -242 -204 -196 -76 -185 -157 64 87 -110 -181 89 -161 -79 -230 48 146 236 126 232 -65 -187 151 134 -171 -44 -1 -45 90 -141 -164 45 51 0 -73 239 -27 19 203 -107 91 114 241 229 -32 -250 71 233 -133 88 207 -175 -212 -5 175 -116 -168 202 -57 -84 -198 37 84 -24 93 -125 68 17 -176 184 144 112 131 -180 49 220 -215 82 129 -88 -169 127 215 -155 98 -72 20 -39 172 -37 -22 213 -132 -165 -23 192 200 217 -130 -69 44 -239 -93 -194 122 -152 -173 249 179 -54 110 65 -117 176 47 140 -170 -20 221 -50 -151 -82 117 8 -108 5 -62 145 54 -12 -113 -95 -217 -223 96 -213 -186 78 -91 16 111 -11 -17 -139 -159 -92 79 135 25 -207 59 -241 185 -118 -224 -33 56 166 -219 170 248 53 -205 245 -43 -64 119 152 -131 -234 -31 -103 -233 147 -201 -166 173 -60 -200 107 -6 12 -229 209 61 63 -137 -248 -238 -66 204 197 -244 -172 101 113 212 -136 -193 76 99 247 178 92 -29 -231 161 -222 218 -34 -162 -74 -94 -105 -154 162 102 142 95 60 -246 4 -237 109 189 225 -30 6 -85 -15 -28 -100 -124 227 -235 234 -89 158 -114 -135 167 231 40 -160 13 -178 163 196 -226 -177 -10 -191 228 205 149 219 75 -228 -140 139 125 -122 -49 238 52 85 72 -35 214 210 -149 -216 1 -86 242 171 38 -143 128 187 -26 141 -189 157 188 240 -179 106 -46 -13 32 7 -142 206 120 -121 182 -77 -163 -221 -147 -101 -225 -128 -18 -188 27 -40 153 -58 -75 -206 244 55 -104 -14 58 138 -148 35 224 -203 -98 246 70 33 150 -56 -68 199 -218 -25 -70 -249 -158 168 103 41 -214 -232 118 143 86 -112 222 -87 -182 29 69 -220 -90 -59 -146 -21 -202 -134 -7 -115 18 191 -240 165 159 177 -138 243 -210 -53 -2 81 -156 46 181 -227 -3 -16 -111 -153 -167 -197 42 21 10 237 -144 -245 -145 -71 230 14 -208 67 105 156 24 -96 194 195 190 -209 -211 11 211 77 -190 -48 193 9 136 186 -78 -9 28 -120 26 208 43 3 -99 180 74 -61 201 174 30 -150 22 -41 -55 198 -81 -67 -80 57 137 66 164 36 124 34 -83 216 -174 -183 -8 100 97 15 -51 169 -192 2 -195 80 160 -4 -102 -199 132 -184 -47 -42 -97 108 235 
TEST 8 ARG:202 -32 -30 102 76 28 -231 -202 153 -59 -244 -162 23 -163 117 167 -209 -235 20 86 -117 -173 -165 -147 -208 -43 71 68 192 -73 61 -190 -88 209 -215 45 111 -89 198 -66 -233 -144 88 9 55 66 -56 -22 91 67 -31 -188 -130 -118 224 104 96 -218 77 1 -199 158 -57 -225 40 -159 -63 59 -125 -157 -187 81 83 -109 186 246 176 -197 142 188 -5 -29 179 19 178 -16 -35 -65 -232 -20 57 -191 123 181 -154 -168 -246 232 144 148 -69 -207 165 237 -21 -222 241 -92 201 -136 46 172 -54 -250 17 -205 -120 5 -2 180 -185 -240 78 -34 140 242 177 -93 112 182 125 72 -160 -87 -123 16 -178 217 90 249 -152 51 162 163 24 -151 -142 -217 208 -169 53 -206 -36 -76 -10 -97 -62 -90 -171 -137 -182 -98 11 43 70 106 187 -220 -134 174 168 190 -219 -3 215 -81 161 171 62 -236 -48 248 -84 133 169 -200 94 13 120 -116 156 233 3 200 -51 84 -45 -239 121 -131 -37 -133 -115 21 -141 52 -52 127 213 -17 -227 235 -4 -113 -132 138 -27 -155 37 -146 -124 22 69 160 -108 -42 -86 -177 107 75 -77 143 128 -180 100 50 -211 -67 210 -64 -198 218 244 10 -80 14 -122 56 -183 -248 -121 -1 149 -228 197 -128 206 87 0 -196 139 49 -212 79 130 -39 -101 -143 225 -18 30 -139 166 31 -158 33 118 47 -70 -85 191 7 220 6 221 212 243 -249 129 204 145 234 26 -241 -238 29 -79 -82 240 -96 89 -44 -172 -8 -75 -167 -9 -138 108 39 150 -203 219 -195 -189 25 184 131 109 -102 222 85 2 58 175 -224 103 -145 173 -161 114 -107 -106 -61 122 27 -26 18 157 245 73 64 -126 105 -53 216 92 126 231 -140 -74 15 -127 12 -91 -129 -28 -119 146 -12 194 101 -184 -94 -111 195 -210 80 -6 116 8 -234 110 -14 -114 -55 205 151 -58 -50 -105 -223 -103 -166 214 -170 147 -242 -230 239 -150 -68 93 136 -153 -192 164 -38 97 -174 -194 -179 137 207 -193 -19 -41 -229 -176 -213 99 -201 44 -46 141 63 134 -237 183 -245 65 41 -11 -23 155 60 -204 34 -47 152 82 -25 -60 135 -95 226 124 185 -33 236 -7 74 199 -24 98 -164 -243 -78 -149 -110 -186 115 36 230 227 -100 -148 159 -13 203 228 229 48 32 -99 54 -221 -226 189 247 35 -71 38 -156 4 -15 -216 -40 223 95 196 -214 193 -175 42 119 170 -112 238 132 -72 211 -83 -247 113 -104 -135 -49 -181 154 
TEST 8 ARG:202 -32 -30 102 76 28 -231 -202 153 -59 -244 -162 23 -163 117 167 -209 -235 20 86 -117 -173 -165 -147 -208 -43 71 68 192 -73 61 -190 -88 209 -215 45 111 -89 198 -66 -233 -144 88 9 55 66 -56 -22 91 67 -31 -188 -130 -118 224 104 96 -218 77 1 -199 158 -57 -225 40 -159 -63 59 -125 -157 -187 81 83 -109 186 246 176 -197 142 188 -5 -29 179 19 178 -16 -35 -65 -232 -20 57 -191 123 181 -154 -168 -246 232 144 148 -69 -207 165 237 -21 -222 241 -92 201 -136 46 172 -54 -250 17 -205 -120 5 -2 180 -185 -240 78 -34 140 242 177 -93 112 182 125 72 -160 -87 -123 16 -178 217 90 249 -152 51 162 163 24 -151 -142 -217 208 -169 53 -206 -36 -76 -10 -97 -62 -90 -171 -137 -182 -98 11 43 70 106 187 -220 -134 174 168 190 -219 -3 215 -81 161 171 62 -236 -48 248 -84 133 169 -200 94 13 120 -116 156 233 3 200 -51 84 -45 -239 121 -131 -37 -133 -115 21 -141 52 -52 127 213 -17 -227 235 -4 -113 -132 138 -27 -155 37 -146 -124 22 69 160 -108 -42 -86 -177 107 75 -77 143 128 -180 100 50 -211 -67 210 -64 -198 218 244 10 -80 14 -122 56 -183 -248 -121 -1 149 -228 197 -128 206 87 0 -196 139 49 -212 79 130 -39 -101 -143 225 -18 30 -139 166 31 -158 33 118 47 -70 -85 191 7 220 6 221 212 243 -249 129 204 145 234 26 -241 -238 29 -79 -82 240 -96 89 -44 -172 -8 -75 -167 -9 -138 108 39 150 -203 219 -195 -189 25 184 131 109 -102 222 85 2 58 175 -224 103 -145 173 -161 114 -107 -106 -61 122 27 -26 18 157 245 73 64 -126 105 -53 216 92 126 231 -140 -74 15 -127 12 -91 -129 -28 -119 146 -12 194 101 -184 -94 -111 195 -210 80 -6 116 8 -234 110 -14 -114 -55 205 151 -58 -50 -105 -223 -103 -166 214 -170 147 -242 -230 239 -150 -68 93 136 -153 -192 164 -38 97 -174 -194 -179 137 207 -193 -19 -41 -229 -176 -213 99 -201 44 -46 141 63 134 -237 183 -245 65 41 -11 -23 155 60 -204 34 -47 152 82 -25 -60 135 -95 226 124 185 -33 236 -7 74 199 -24 98 -164 -243 -78 -149 -110 -186 115 36 230 227 -100 -148 159 -13 203 228 229 48 32 -99 54 -221 -226 189 247 35 -71 38 -156 4 -15 -216 -40 223 95 196 -214 193 -175 42 119 170 -112 238 132 -72 211 -83 -247 113 -104 -135 -49 -181 154 
TEST 9 ARG:-22 46 101 125 -250 213 221 -178 -210 -62 -196 249 28 -88 155 126 166 -140 47 79 97 -212 -97 -55 170 33 -230 58 -164 57 -50 -129 141 121 -58 -42 -68 -219 -218 156 -120 -17 225 -56 -101 -121 -166 40 77 9 174 36 212 171 117 -87 -232 -154 -94 2 -248 -235 84 -1 142 -102 91 120 31 54 -211 -191 161 -71 128 198 -6 52 -24 -57 -225 111 135 186 -111 -69 -204 -127 -176 25 -156 -216 -228 176 238 -147 152 20 -52 -66 -173 108 -130 -160 16 -205 239 -48 199 53 137 -19 -239 185 13 -236 145 215 173 -143 56 -188 73 194 -12 -124 -240 -145 -84 -25 87 -7 -174 10 -53 103 -9 -138 -167 -220 241 55 -215 -115 39 168 -117 -141 -114 243 211 -109 -131 100 246 -29 70 -224 -226 205 112 1 -86 75 193 -44 67 76 -144 232 -150 4 150 44 74 -76 114 43 -65 240 208 51 -35 222 220 18 -13 167 148 151 -244 105 14 -208 15 133 -222 37 -233 102 -26 -151 -179 93 149 154 -200 -213 248 -8 68 -11 94 -149 109 132 7 49 177 -100 0 81 -72 -162 -81 -33 -36 -135 -193 35 -158 -229 233 -45 -169 -237 139 -113 -148 69 207 138 -63 -41 17 80 147 113 -217 224 -77 -194 89 -242 -64 65 140 -168 -202 22 34 5 19 -32 -175 -165 158 123 -198 -95 -46 230 164 -201 -161 -185 11 -126 -5 6 127 -246 244 104 -214 196 12 -34 -91 -123 99 -60 -183 162 143 -159 -61 -146 -134 206 92 41 122 30 -10 -112 -245 197 -231 134 130 -187 -137 115 -3 63 -67 -74 -118 62 -207 203 95 -80 -99 219 -104 24 27 -221 -171 237 3 226 -181 38 110 61 -125 60 -139 159 172 -16 190 -40 209 144 -28 228 -116 217 23 78 188 180 -206 -54 -83 -96 -203 71 106 -234 29 59 -31 -2 -110 64 -92 -195 183 119 -79 131 -247 -184 210 -189 -157 86 -122 -15 -49 96 -14 -107 -243 -132 -37 -152 -128 184 8 236 -190 82 223 195 218 98 -177 -18 -209 45 -180 234 175 -73 -78 83 -21 -172 -142 85 -227 -249 202 245 -23 -238 -30 247 163 201 -136 -186 -197 181 -182 -155 -241 -103 42 -27 90 -108 -47 187 107 32 157 178 -119 -59 -82 165 191 214 -133 216 204 -51 192 -93 200 -75 -39 229 -106 -20 124 146 48 -153 160 242 169 -98 -170 -38 72 50 26 231 -223 -70 129 -199 182 -105 153 -90 -43 179 88 66 -163 -85 227 136 116 -89 118 -192 21 189 235 -4 
TEST 9 ARG:-22 46 101 125 -250 213 221 -178 -210 -62 -196 249 28 -88 155 126 166 -140 47 79 97 -212 -97 -55 170 33 -230 58 -164 57 -50 -129 141 121 -58 -42 -68 -219 -218 156 -120 -17 225 -56 -101 -121 -166 40 77 9 174 36 212 171 117 -87 -232 -154 -94 2 -248 -235 84 -1 142 -102 91 120 31 54 -211 -191 161 -71 128 198 -6 52 -24 -57 -225 111 135 186 -111 -69 -204 -127 -176 25 -156 -216 -228 176 238 -147 152 20 -52 -66 -173 108 -130 -160 16 -205 239 -48 199 53 137 -19 -239 185 13 -236 145 215 173 -143 56 -188 73 194 -12 -124 -240 -145 -84 -25 87 -7 -174 10 -53 103 -9 -138 -167 -220 241 55 -215 -115 39 168 -117 -141 -114 243 211 -109 -131 100 246 -29 70 -224 -226 205 112 1 -86 75 193 -44 67 76 -144 232 -150 4 150 44 74 -76 114 43 -65 240 208 51 -35 222 220 18 -13 167 148 151 -244 105 14 -208 15 133 -222 37 -233 102 -26 -151 -179 93 149 154 -200 -213 248 -8 68 -11 94 -149 109 132 7 49 177 -100 0 81 -72 -162 -81 -33 -36 -135 -193 35 -158 -229 233 -45 -169 -237 139 -113 -148 69 207 138 -63 -41 17 80 147 113 -217 224 -77 -194 89 -242 -64 65 140 -168 -202 22 34 5 19 -32 -175 -165 158 123 -198 -95 -46 230 164 -201 -161 -185 11 -126 -5 6 127 -246 244 104 -214 196 12 -34 -91 -123 99 -60 -183 162 143 -159 -61 -146 -134 206 92 41 122 30 -10 -112 -245 197 -231 134 130 -187 -137 115 -3 63 -67 -74 -118 62 -207 203 95 -80 -99 219 -104 24 27 -221 -171 237 3 226 -181 38 110 61 -125 60 -139 159 172 -16 190 -40 209 144 -28 228 -116 217 23 78 188 180 -206 -54 -83 -96 -203 71 106 -234 29 59 -31 -2 -110 64 -92 -195 183 119 -79 131 -247 -184 210 -189 -157 86 -122 -15 -49 96 -14 -107 -243 -132 -37 -152 -128 184 8 236 -190 82 223 195 218 98 -177 -18 -209 45 -180 234 175 -73 -78 83 -21 -172 -142 85 -227 -249 202 245 -23 -238 -30 247 163 201 -136 -186 -197 181 -182 -155 -241 -103 42 -27 90 -108 -47 187 107 32 157 178 -119 -59 -82 165 191 214 -133 216 204 -51 192 -93 200 -75 -39 229 -106 -20 124 146 48 -153 160 242 169 -98 -170 -38 72 50 26 231 -223 -70 129 -199 182 -105 153 -90 -43 179 88 66 -163 -85 227 136 116 -89 118 -192 21 189 235 -4 
TEST 10 ARG:27 136 221 -121 226 -184 178 -102 -2 -185 80 42 172 225 -196 -116 -176 -35 180 131 239 -158 -149 -215 210 -94 -194 -152 188 -209 198 -13 -69 -17 -190 -138 -23 -100 149 104 165 58 -105 139 -33 246 229 -5 -140 -62 17 224 241 26 -210 3 15 79 161 202 -216 155 2 -88 -104 236 -47 40 -54 214 -202 -168 222 -229 245 -230 114 -166 195 68 -41 169 -72 48 -160 196 -204 109 -171 111 205 -208 -153 88 167 208 -187 137 216 201 -16 122 -76 -139 -165 -97 209 190 36 -4 147 -25 138 -68 25 -71 94 -109 223 46 142 -87 -234 192 56 -178 123 28 115 213 -50 -52 -169 85 -92 -65 185 -117 211 106 -96 154 -93 -21 66 11 -46 -125 96 78 -143 -113 -61 -10 -26 107 119 -75 12 194 -203 113 148 -110 -85 -206 73 -73 -141 248 -136 220 -214 218 7 -162 -170 -132 -156 77 -63 183 247 -173 -19 197 47 203 -80 97 44 -221 19 75 -27 -30 -7 -186 -248 72 -28 152 74 -106 -11 204 234 81 -1 -82 191 -123 150 -232 51 -225 59 -241 -53 -118 69 164 244 21 129 130 53 -103 157 -249 -111 127 -120 -167 -200 -142 34 92 -78 -66 35 -128 -18 5 39 -70 -177 -183 140 -174 231 -36 102 181 -130 -38 31 18 54 71 10 -31 -239 76 144 61 134 -207 -226 -164 84 237 -228 207 -195 -14 -223 135 -159 126 112 -172 29 -99 -157 212 228 177 -238 50 -188 103 125 168 24 6 8 215 -236 128 -60 -126 120 -89 -40 186 89 133 124 -133 82 -74 -107 91 49 -22 -244 -240 70 -231 -127 -150 219 151 232 187 -42 -77 -222 99 -58 199 14 243 -29 -115 -57 -3 110 175 182 -198 -147 193 -114 141 176 57 143 170 -224 -137 -220 163 -180 -108 108 -182 32 230 242 -181 238 -81 -79 0 166 105 87 60 -148 37 118 -237 67 240 -205 -84 184 86 -86 1 -179 -213 -24 200 217 -34 20 -48 -219 13 -247 -233 16 55 62 90 -145 38 206 100 -146 -175 160 33 -112 22 52 83 227 117 -199 156 -192 -189 63 98 121 -134 -39 9 -135 173 -155 153 -6 -56 64 -161 -91 -43 -49 -90 -8 -163 43 233 -55 -242 -119 -218 -64 116 -217 -212 -45 -122 -9 -59 189 -154 162 45 23 -191 249 -44 65 -250 -98 -197 -20 -227 235 -144 -83 4 -201 179 145 -211 132 30 41 -101 101 -95 -193 159 -37 171 158 -245 -12 93 -246 95 -124 -51 -243 -235 -131 -151 174 146 -129 -15 -32 -67 
TEST 10 ARG:27 136 221 -121 226 -184 178 -102 -2 -185 80 42 172 225 -196 -116 -176 -35 180 131 239 -158 -149 -215 210 -94 -194 -152 188 -209 198 -13 -69 -17 -190 -138 -23 -100 149 104 165 58 -105 139 -33 246 229 -5 -140 -62 17 224 241 26 -210 3 15 79 161 202 -216 155 2 -88 -104 236 -47 40 -54 214 -202 -168 222 -229 245 -230 114 -166 195 68 -41 169 -72 48 -160 196 -204 109 -171 111 205 -208 -153 88 167 208 -187 137 216 201 -16 122 -76 -139 -165 -97 209 190 36 -4 147 -25 138 -68 25 -71 94 -109 223 46 142 -87 -234 192 56 -178 123 28 115 213 -50 -52 -169 85 -92 -65 185 -117 211 106 -96 154 -93 -21 66 11 -46 -125 96 78 -143 -113 -61 -10 -26 107 119 -75 12 194 -203 113 148 -110 -85 -206 73 -73 -141 248 -136 220 -214 218 7 -162 -170 -132 -156 77 -63 183 247 -173 -19 197 47 203 -80 97 44 -221 19 75 -27 -30 -7 -186 -248 72 -28 152 74 -106 -11 204 234 81 -1 -82 191 -123 150 -232 51 -225 59 -241 -53 -118 69 164 244 21 129 130 53 -103 157 -249 -111 127 -120 -167 -200 -142 34 92 -78 -66 35 -128 -18 5 39 -70 -177 -183 140 -174 231 -36 102 181 -130 -38 31 18 54 71 10 -31 -239 76 144 61 134 -207 -226 -164 84 237 -228 207 -195 -14 -223 135 -159 126 112 -172 29 -99 -157 212 228 177 -238 50 -188 103 125 168 24 6 8 215 -236 128 -60 -126 120 -89 -40 186 89 133 124 -133 82 -74 -107 91 49 -22 -244 -240 70 -231 -127 -150 219 151 232 187 -42 -77 -222 99 -58 199 14 243 -29 -115 -57 -3 110 175 182 -198 -147 193 -114 141 176 57 143 170 -224 -137 -220 163 -180 -108 108 -182 32 230 242 -181 238 -81 -79 0 166 105 87 60 -148 37 118 -237 67 240 -205 -84 184 86 -86 1 -179 -213 -24 200 217 -34 20 -48 -219 13 -247 -233 16 55 62 90 -145 38 206 100 -146 -175 160 33 -112 22 52 83 227 117 -199 156 -192 -189 63 98 121 -134 -39 9 -135 173 -155 153 -6 -56 64 -161 -91 -43 -49 -90 -8 -163 43 233 -55 -242 -119 -218 -64 116 -217 -212 -45 -122 -9 -59 189 -154 162 45 23 -191 249 -44 65 -250 -98 -197 -20 -227 235 -144 -83 4 -201 179 145 -211 132 30 41 -101 101 -95 -193 159 -37 171 158 -245 -12 93 -246 95 -124 -51 -243 -235 -131 -151 174 146 -129 -15 -32 -67 
TEST 11 ARG:71 -143 137 -83 69 -45 -211 -84 228 248 -160 -31 171 -147 -94 -54 158 239 234 242 -230 -74 -202 62 116 -122 10 -68 25 -12 135 -212 -106 245 -152 -183 -38 -228 237 -167 -199 51 -198 72 181 99 22 89 102 -239 37 -171 -20 0 190 154 -87 -99 204 64 -224 -3 -154 -247 -25 -119 -166 236 -170 -116 -185 -233 58 -41 -216 -184 -195 92 222 219 183 -234 42 241 212 -52 -100 1 -51 -85 -107 -196 101 95 -135 -88 148 225 235 139 121 133 194 63 40 196 52 26 76 -69 -158 -139 3 233 -241 21 -1 17 24 244 170 74 -181 -165 -103 -22 100 -9 98 165 216 220 -30 113 31 -213 192 -176 -178 -130 227 61 -194 8 -19 -118 -44 -53 29 -49 -136 -157 -120 -91 -59 -206 -134 -96 -18 -17 188 -218 130 -112 -128 103 119 -10 -34 87 -204 -186 -79 215 65 -164 -242 221 213 195 56 14 -217 50 175 33 20 46 23 110 91 75 73 111 -215 -208 49 230 -57 94 217 164 162 79 -192 249 -231 -62 151 66 168 -117 149 126 -23 6 -250 199 -80 120 -140 107 157 19 -162 185 189 -163 125 68 -151 197 160 214 41 200 70 30 -236 -190 -11 -148 -26 184 240 -205 90 -246 -225 173 -200 218 -149 -214 18 -63 131 -133 153 115 -207 -193 -156 167 53 12 150 -56 -210 136 -222 202 -97 -142 191 -76 155 11 -36 -61 -21 45 -32 -249 13 -229 -108 -82 247 -248 67 229 -98 -175 128 163 -153 -70 211 35 78 142 -168 106 -125 134 -179 -93 223 -115 -180 44 -240 -177 97 -129 9 39 -95 -235 -104 96 176 -123 -105 54 -65 232 -58 109 117 43 60 124 28 -220 82 159 -121 147 4 201 -37 -47 -50 243 178 193 -27 -127 -182 145 7 132 -33 2 -187 105 205 -13 -109 -169 -86 -90 187 238 -146 -73 -141 -40 -145 -138 15 180 -72 118 -113 -237 -64 161 38 122 -189 32 114 34 140 -150 172 -48 16 80 224 -2 -39 -124 -209 127 -14 -223 -226 123 174 -89 -7 182 -244 -5 -114 203 -243 179 -188 146 -16 36 -172 -144 93 -221 -132 144 -66 169 -29 108 -101 55 -203 -137 81 -15 -111 -28 -174 226 166 -75 -110 156 -24 -155 104 48 -219 86 -81 198 88 -77 207 -6 112 143 85 -131 -197 186 -55 -71 -35 210 57 152 -4 209 206 208 -232 77 -173 -78 -201 84 27 -227 -238 177 246 -60 -8 83 141 -42 -161 -245 -92 -67 -46 -102 -126 -43 129 -191 47 59 5 -159 138 231 
TEST 11 ARG:71 -143 137 -83 69 -45 -211 -84 228 248 -160 -31 171 -147 -94 -54 158 239 234 242 -230 -74 -202 62 116 -122 10 -68 25 -12 135 -212 -106 245 -152 -183 -38 -228 237 -167 -199 51 -198 72 181 99 22 89 102 -239 37 -171 -20 0 190 154 -87 -99 204 64 -224 -3 -154 -247 -25 -119 -166 236 -170 -116 -185 -233 58 -41 -216 -184 -195 92 222 219 183 -234 42 241 212 -52 -100 1 -51 -85 -107 -196 101 95 -135 -88 148 225 235 139 121 133 194 63 40 196 52 26 76 -69 -158 -139 3 233 -241 21 -1 17 24 244 170 74 -181 -165 -103 -22 100 -9 98 165 216 220 -30 113 31 -213 192 -176 -178 -130 227 61 -194 8 -19 -118 -44 -53 29 -49 -136 -157 -120 -91 -59 -206 -134 -96 -18 -17 188 -218 130 -112 -128 103 119 -10 -34 87 -204 -186 -79 215 65 -164 -242 221 213 195 56 14 -217 50 175 33 20 46 23 110 91 75 73 111 -215 -208 49 230 -57 94 217 164 162 79 -192 249 -231 -62 151 66 168 -117 149 126 -23 6 -250 199 -80 120 -140 107 157 19 -162 185 189 -163 125 68 -151 197 160 214 41 200 70 30 -236 -190 -11 -148 -26 184 240 -205 90 -246 -225 173 -200 218 -149 -214 18 -63 131 -133 153 115 -207 -193 -156 167 53 12 150 -56 -210 136 -222 202 -97 -142 191 -76 155 11 -36 -61 -21 45 -32 -249 13 -229 -108 -82 247 -248 67 229 -98 -175 128 163 -153 -70 211 35 78 142 -168 106 -125 134 -179 -93 223 -115 -180 44 -240 -177 97 -129 9 39 -95 -235 -104 96 176 -123 -105 54 -65 232 -58 109 117 43 60 124 28 -220 82 159 -121 147 4 201 -37 -47 -50 243 178 193 -27 -127 -182 145 7 132 -33 2 -187 105 205 -13 -109 -169 -86 -90 187 238 -146 -73 -141 -40 -145 -138 15 180 -72 118 -113 -237 -64 161 38 122 -189 32 114 34 140 -150 172 -48 16 80 224 -2 -39 -124 -209 127 -14 -223 -226 123 174 -89 -7 182 -244 -5 -114 203 -243 179 -188 146 -16 36 -172 -144 93 -221 -132 144 -66 169 -29 108 -101 55 -203 -137 81 -15 -111 -28 -174 226 166 -75 -110 156 -24 -155 104 48 -219 86 -81 198 88 -77 207 -6 112 143 85 -131 -197 186 -55 -71 -35 210 57 152 -4 209 206 208 -232 77 -173 -78 -201 84 27 -227 -238 177 246 -60 -8 83 141 -42 -161 -245 -92 -67 -46 -102 -126 -43 129 -191 47 59 5 -159 138 231 
TEST 12 ARG:-125 141 -236 -71 115 -59 59 239 -220 163 25 -142 -136 210 124 -108 -232 116 60 -19 -84 -4 -65 -231 119 -85 -82 -54 154 157 27 -224 190 52 -34 -67 71 -104 -235 180 105 -234 203 26 -15 -203 249 49 -245 -172 106 67 150 191 121 -201 148 -31 -60 12 -2 22 160 117 100 125 -151 197 211 14 64 30 -66 -217 -35 178 -96 -118 144 -92 50 134 -52 -10 223 -78 20 -206 -176 -177 -7 218 94 196 -76 186 -70 -137 -45 192 11 126 51 209 -22 -33 -167 -205 17 0 -247 -69 -175 -106 34 138 -240 95 -160 -119 -199 24 -90 -81 13 -209 -191 208 -68 57 48 185 131 -218 219 -100 -61 140 6 -42 -161 -184 -23 -39 167 -157 236 36 -237 -152 42 136 240 -46 -216 3 -20 21 -187 -148 -173 -1 -24 -103 -122 -111 -93 174 151 -130 39 -29 -98 9 231 -141 169 75 142 -194 108 -44 -212 -41 -128 10 -249 118 -238 -210 -215 158 224 -169 -12 86 89 -124 87 -193 127 -5 79 112 164 -51 -244 -143 -40 184 -153 -64 -88 -179 28 230 -87 -95 -8 -97 -83 -58 226 -17 -159 162 -131 -63 46 56 -168 172 168 -117 -145 73 -178 -56 128 145 -164 114 143 133 -109 -62 101 58 147 -77 -185 82 81 41 53 170 132 246 99 -149 173 -189 -72 92 7 -226 -16 23 -86 -134 -246 -30 -139 -243 189 -150 -170 15 1 -248 187 65 -13 4 77 156 -156 -222 176 -107 -208 177 93 -43 63 76 109 -233 68 -188 204 216 -53 -229 161 8 -200 -102 -144 -135 247 -227 181 212 -123 188 90 -165 104 202 43 -241 -112 2 110 206 214 248 229 -116 69 199 -21 -6 -110 -80 72 -190 -89 -79 -214 -207 139 -26 -3 19 171 44 -228 113 193 -223 -181 159 61 227 -166 -25 -55 -154 47 16 97 123 -74 215 220 225 195 237 234 233 5 96 -162 40 -163 84 -14 -28 -213 -11 -105 120 -99 -121 -36 -48 -37 -147 -9 -18 -114 213 -174 -129 179 -126 111 -115 -250 66 135 98 -73 -195 129 88 -202 -49 -239 238 102 -211 -219 149 130 232 228 29 205 243 -196 -140 -182 80 -155 -221 -197 198 -225 200 18 222 165 -132 122 31 -146 137 175 -204 155 103 182 45 74 201 83 152 -27 -192 -38 33 242 55 70 235 -158 -57 -180 241 -242 -230 146 -133 38 35 153 -50 91 78 183 221 -47 -127 207 54 -113 217 -198 -186 194 107 -75 85 245 -32 -120 244 37 -138 32 -171 62 -183 -101 -91 166 -94 
TEST 12 ARG:-125 141 -236 -71 115 -59 59 239 -220 163 25 -142 -136 210 124 -108 -232 116 60 -19 -84 -4 -65 -231 119 -85 -82 -54 154 157 27 -224 190 52 -34 -67 71 -104 -235 180 105 -234 203 26 -15 -203 249 49 -245 -172 106 67 150 191 121 -201 148 -31 -60 12 -2 22 160 117 100 125 -151 197 211 14 64 30 -66 -217 -35 178 -96 -118 144 -92 50 134 -52 -10 223 -78 20 -206 -176 -177 -7 218 94 196 -76 186 -70 -137 -45 192 11 126 51 209 -22 -33 -167 -205 17 0 -247 -69 -175 -106 34 138 -240 95 -160 -119 -199 24 -90 -81 13 -209 -191 208 -68 57 48 185 131 -218 219 -100 -61 140 6 -42 -161 -184 -23 -39 167 -157 236 36 -237 -152 42 136 240 -46 -216 3 -20 21 -187 -148 -173 -1 -24 -103 -122 -111 -93 174 151 -130 39 -29 -98 9 231 -141 169 75 142 -194 108 -44 -212 -41 -128 10 -249 118 -238 -210 -215 158 224 -169 -12 86 89 -124 87 -193 127 -5 79 112 164 -51 -244 -143 -40 184 -153 -64 -88 -179 28 230 -87 -95 -8 -97 -83 -58 226 -17 -159 162 -131 -63 46 56 -168 172 168 -117 -145 73 -178 -56 128 145 -164 114 143 133 -109 -62 101 58 147 -77 -185 82 81 41 53 170 132 246 99 -149 173 -189 -72 92 7 -226 -16 23 -86 -134 -246 -30 -139 -243 189 -150 -170 15 1 -248 187 65 -13 4 77 156 -156 -222 176 -107 -208 177 93 -43 63 76 109 -233 68 -188 204 216 -53 -229 161 8 -200 -102 -144 -135 247 -227 181 212 -123 188 90 -165 104 202 43 -241 -112 2 110 206 214 248 229 -116 69 199 -21 -6 -110 -80 72 -190 -89 -79 -214 -207 139 -26 -3 19 171 44 -228 113 193 -223 -181 159 61 227 -166 -25 -55 -154 47 16 97 123 -74 215 220 225 195 237 234 233 5 96 -162 40 -163 84 -14 -28 -213 -11 -105 120 -99 -121 -36 -48 -37 -147 -9 -18 -114 213 -174 -129 179 -126 111 -115 -250 66 135 98 -73 -195 129 88 -202 -49 -239 238 102 -211 -219 149 130 232 228 29 205 243 -196 -140 -182 80 -155 -221 -197 198 -225 200 18 222 165 -132 122 31 -146 137 175 -204 155 103 182 45 74 201 83 152 -27 -192 -38 33 242 55 70 235 -158 -57 -180 241 -242 -230 146 -133 38 35 153 -50 91 78 183 221 -47 -127 207 54 -113 217 -198 -186 194 107 -75 85 245 -32 -120 244 37 -138 32 -171 62 -183 -101 -91 166 -94 
TEST 13 ARG:-176 46 -250 -14 247 32 -217 -240 160 -188 -10 2 -31 238 -123 -83 -178 -76 -45 161 -53 -46 113 -168 59 -174 -199 -161 -88 -74 220 165 -190 19 231 -112 -63 -234 -237 184 -200 -182 -25 207 10 -87 -125 -156 -227 108 93 -131 -239 190 75 -233 45 -81 155 -195 -122 -73 -104 31 -139 -124 -141 -153 225 173 -164 -59 -28 -142 143 -120 -143 52 182 -145 185 157 179 79 146 71 -47 158 -249 -64 -121 -179 104 -92 112 16 -8 -13 248 -52 201 42 -205 -236 22 -203 -218 151 -61 -39 198 -33 131 62 -60 -228 -128 223 -238 174 4 219 144 227 17 -245 114 -117 -196 -165 -85 -30 83 -77 -152 -126 28 -5 -116 -212 96 189 242 94 -15 -119 -186 56 -35 -248 -192 217 -22 -148 -44 229 -144 -146 85 172 -231 202 120 194 77 -246 132 -202 -193 -177 91 240 216 -198 66 -194 78 243 236 193 159 -80 133 -48 82 27 8 -206 -36 128 -78 187 237 0 137 125 -24 149 181 68 1 175 -12 76 72 -243 147 50 63 166 -67 210 -197 -110 -42 -58 -185 70 39 123 -41 -118 57 -3 -65 -160 -242 -69 233 73 25 211 177 -222 228 -20 235 163 86 -244 180 55 60 102 53 -21 186 -109 -183 -32 84 -96 -173 -93 -86 89 21 130 92 58 167 -171 51 5 -130 105 -71 -89 -54 -140 -50 -18 -214 40 -91 -102 -1 203 136 99 -220 -99 140 -167 -138 171 145 117 -82 43 -163 7 11 164 -106 -209 -229 103 -132 -84 195 14 -56 -94 215 176 -147 -9 230 20 -151 30 -204 206 87 162 9 232 74 -26 -72 -40 15 35 -75 -7 178 -158 -49 192 29 -169 -16 100 -115 199 67 54 48 142 81 -129 208 -149 107 122 212 -184 -105 18 -38 197 -162 3 222 244 65 170 -159 -55 224 109 218 205 -154 -207 239 -216 -108 -51 98 -97 -17 -224 -101 106 -134 234 -137 12 80 169 124 -241 111 -23 221 -211 -90 141 -219 119 37 -223 249 241 -62 135 118 -19 -225 -155 44 -127 -103 -133 -37 -157 41 214 153 156 64 36 -2 -230 -213 148 -232 -235 152 -107 -68 -170 23 -100 127 110 191 -11 26 -111 -187 90 6 -247 115 -79 138 49 -57 -34 -191 204 -221 121 209 -189 116 69 226 -172 126 -150 196 -135 -226 -98 -6 47 88 -175 13 -180 -181 -136 129 168 -70 -95 183 188 -27 38 139 -210 -215 213 -66 -4 97 -201 -113 -29 61 246 245 -43 200 95 150 101 33 24 154 34 134 -114 -208 -166 
TEST 13 ARG:-176 46 -250 -14 247 32 -217 -240 160 -188 -10 2 -31 238 -123 -83 -178 -76 -45 161 -53 -46 113 -168 59 -174 -199 -161 -88 -74 220 165 -190 19 231 -112 -63 -234 -237 184 -200 -182 -25 207 10 -87 -125 -156 -227 108 93 -131 -239 190 75 -233 45 -81 155 -195 -122 -73 -104 31 -139 -124 -141 -153 225 173 -164 -59 -28 -142 143 -120 -143 52 182 -145 185 157 179 79 146 71 -47 158 -249 -64 -121 -179 104 -92 112 16 -8 -13 248 -52 201 42 -205 -236 22 -203 -218 151 -61 -39 198 -33 131 62 -60 -228 -128 223 -238 174 4 219 144 227 17 -245 114 -117 -196 -165 -85 -30 83 -77 -152 -126 28 -5 -116 -212 96 189 242 94 -15 -119 -186 56 -35 -248 -192 217 -22 -148 -44 229 -144 -146 85 172 -231 202 120 194 77 -246 132 -202 -193 -177 91 240 216 -198 66 -194 78 243 236 193 159 -80 133 -48 82 27 8 -206 -36 128 -78 187 237 0 137 125 -24 149 181 68 1 175 -12 76 72 -243 147 50 63 166 -67 210 -197 -110 -42 -58 -185 70 39 123 -41 -118 57 -3 -65 -160 -242 -69 233 73 25 211 177 -222 228 -20 235 163 86 -244 180 55 60 102 53 -21 186 -109 -183 -32 84 -96 -173 -93 -86 89 21 130 92 58 167 -171 51 5 -130 105 -71 -89 -54 -140 -50 -18 -214 40 -91 -102 -1 203 136 99 -220 -99 140 -167 -138 171 145 117 -82 43 -163 7 11 164 -106 -209 -229 103 -132 -84 195 14 -56 -94 215 176 -147 -9 230 20 -151 30 -204 206 87 162 9 232 74 -26 -72 -40 15 35 -75 -7 178 -158 -49 192 29 -169 -16 100 -115 199 67 54 48 142 81 -129 208 -149 107 122 212 -184 -105 18 -38 197 -162 3 222 244 65 170 -159 -55 224 109 218 205 -154 -207 239 -216 -108 -51 98 -97 -17 -224 -101 106 -134 234 -137 12 80 169 124 -241 111 -23 221 -211 -90 141 -219 119 37 -223 249 241 -62 135 118 -19 -225 -155 44 -127 -103 -133 -37 -157 41 214 153 156 64 36 -2 -230 -213 148 -232 -235 152 -107 -68 -170 23 -100 127 110 191 -11 26 -111 -187 90 6 -247 115 -79 138 49 -57 -34 -191 204 -221 121 209 -189 116 69 226 -172 126 -150 196 -135 -226 -98 -6 47 88 -175 13 -180 -181 -136 129 168 -70 -95 183 188 -27 38 139 -210 -215 213 -66 -4 97 -201 -113 -29 61 246 245 -43 200 95 150 101 33 24 154 34 134 -114 -208 -166 
TEST 14 ARG:-226 -193 103 -154 -102 29 190 110 111 198 41 122 -100 -91 -81 134 230 22 -173 87 -163 -208 -164 188 -182 54 142 182 86 71 -6 -11 25 -92 -127 -247 227 -79 18 -227 -145 2 55 -168 78 204 -125 -67 143 -249 -101 165 229 -96 131 -147 -248 167 -179 52 241 210 -33 211 -162 -240 84 102 247 215 221 -120 -107 239 6 69 12 36 -230 244 -1 218 141 238 -214 172 -228 235 -237 184 139 -56 26 124 183 -53 -113 -209 74 15 -200 99 -85 140 -17 107 -166 44 223 91 -40 -210 -52 248 186 -201 -219 242 162 -24 57 -178 1 101 246 96 -128 7 214 216 -206 112 173 196 -51 119 75 -142 -149 -242 156 -48 -198 -169 -141 114 65 -44 97 -123 23 -118 200 -103 -148 -241 132 -171 -57 136 42 -153 115 -62 -46 151 -16 -194 -177 -23 -82 70 -99 -89 125 89 21 166 -65 177 208 -4 147 -49 159 -225 95 -129 -124 37 -203 -71 -8 138 66 -87 195 -217 222 217 8 -72 14 219 -18 193 169 -211 -5 -165 81 50 -188 212 220 189 -180 34 -12 -199 181 -80 79 106 -221 109 77 -172 145 128 -136 240 -192 -122 113 168 90 -155 117 -22 -42 192 144 -152 108 -26 -70 -157 -218 -119 -175 -116 234 149 -28 -195 -161 -60 -207 27 152 100 5 160 -223 -76 -215 137 -14 176 -95 -84 -132 174 228 243 -43 -144 -73 -117 4 -133 146 -34 80 60 180 -59 46 -131 -3 -15 -31 226 -75 -244 73 31 164 -19 -143 -229 -246 98 -112 116 -190 -37 11 202 245 47 67 -204 231 61 92 -7 -130 62 85 -197 249 -13 -97 -121 -234 -233 -2 -176 -69 -205 76 -55 -231 150 -88 -236 -134 207 129 178 121 197 -9 33 63 -222 185 -160 -158 126 153 13 -151 237 203 -196 148 205 59 -187 -212 28 24 -10 -106 40 58 206 -239 -140 48 -27 118 236 93 -191 10 -108 -63 51 0 -135 45 83 170 -232 20 127 -104 32 194 -184 -54 64 -94 -98 -170 158 -159 -30 120 -110 -38 163 104 105 -183 -250 -216 155 -77 135 -213 -167 -137 -156 35 -189 43 -41 -202 39 157 -220 171 -35 -58 17 -66 -243 -186 -146 72 -90 -21 38 3 -36 -138 179 19 49 233 130 82 175 53 -50 -105 -93 -29 123 -68 -111 -139 -224 56 191 -114 213 68 224 -245 94 -39 -150 -20 -174 -109 161 -115 -83 -64 -32 232 30 88 187 -126 209 -61 -181 -45 -86 154 -238 -74 -47 -185 -235 -25 201 16 199 133 9 225 -78 
TEST 14 ARG:-226 -193 103 -154 -102 29 190 110 111 198 41 122 -100 -91 -81 134 230 22 -173 87 -163 -208 -164 188 -182 54 142 182 86 71 -6 -11 25 -92 -127 -247 227 -79 18 -227 -145 2 55 -168 78 204 -125 -67 143 -249 -101 165 229 -96 131 -147 -248 167 -179 52 241 210 -33 211 -162 -240 84 102 247 215 221 -120 -107 239 6 69 12 36 -230 244 -1 218 141 238 -214 172 -228 235 -237 184 139 -56 26 124 183 -53 -113 -209 74 15 -200 99 -85 140 -17 107 -166 44 223 91 -40 -210 -52 248 186 -201 -219 242 162 -24 57 -178 1 101 246 96 -128 7 214 216 -206 112 173 196 -51 119 75 -142 -149 -242 156 -48 -198 -169 -141 114 65 -44 97 -123 23 -118 200 -103 -148 -241 132 -171 -57 136 42 -153 115 -62 -46 151 -16 -194 -177 -23 -82 70 -99 -89 125 89 21 166 -65 177 208 -4 147 -49 159 -225 95 -129 -124 37 -203 -71 -8 138 66 -87 195 -217 222 217 8 -72 14 219 -18 193 169 -211 -5 -165 81 50 -188 212 220 189 -180 34 -12 -199 181 -80 79 106 -221 109 77 -172 145 128 -136 240 -192 -122 113 168 90 -155 117 -22 -42 192 144 -152 108 -26 -70 -157 -218 -119 -175 -116 234 149 -28 -195 -161 -60 -207 27 152 100 5 160 -223 -76 -215 137 -14 176 -95 -84 -132 174 228 243 -43 -144 -73 -117 4 -133 146 -34 80 60 180 -59 46 -131 -3 -15 -31 226 -75 -244 73 31 164 -19 -143 -229 -246 98 -112 116 -190 -37 11 202 245 47 67 -204 231 61 92 -7 -130 62 85 -197 249 -13 -97 -121 -234 -233 -2 -176 -69 -205 76 -55 -231 150 -88 -236 -134 207 129 178 121 197 -9 33 63 -222 185 -160 -158 126 153 13 -151 237 203 -196 148 205 59 -187 -212 28 24 -10 -106 40 58 206 -239 -140 48 -27 118 236 93 -191 10 -108 -63 51 0 -135 45 83 170 -232 20 127 -104 32 194 -184 -54 64 -94 -98 -170 158 -159 -30 120 -110 -38 163 104 105 -183 -250 -216 155 -77 135 -213 -167 -137 -156 35 -189 43 -41 -202 39 157 -220 171 -35 -58 17 -66 -243 -186 -146 72 -90 -21 38 3 -36 -138 179 19 49 233 130 82 175 53 -50 -105 -93 -29 123 -68 -111 -139 -224 56 191 -114 213 68 224 -245 94 -39 -150 -20 -174 -109 161 -115 -83 -64 -32 232 30 88 187 -126 209 -61 -181 -45 -86 154 -238 -74 -47 -185 -235 -25 201 16 199 133 9 225 -78 
TEST 15 ARG:-201 123 -22 74 125 -10 34 21 -155 82 -193 -34 -224 149 221 20 -219 -249 7 4 79 -39 -133 58 -57 -140 77 -214 91 163 -184 -203 200 37 154 139 106 135 -123 -102 -30 40 223 -6 83 93 -181 -250 -165 -177 231 172 43 -189 -78 215 98 89 167 -81 -1 49 185 13 -65 -116 -237 -186 198 25 -157 -178 -46 245 -207 -163 48 -45 159 -246 -223 35 -199 -83 206 162 32 -212 51 178 156 50 -72 -175 65 -84 38 -147 70 -182 -180 -31 -79 115 -238 16 -35 -97 -108 190 -74 233 -220 169 170 102 -51 75 243 -9 -91 -183 238 -4 219 -48 30 220 -218 -241 196 184 197 94 -87 132 -44 -40 -144 -15 72 28 64 76 -128 165 81 24 152 -55 157 -233 -230 -13 23 145 122 127 2 -211 -202 225 -11 180 -248 173 -36 153 42 -166 -99 -106 54 -213 108 131 -50 239 96 148 -56 -53 -161 -86 71 181 -92 107 85 -150 -107 69 -98 150 -173 109 -243 57 -205 203 36 -82 228 -208 -5 -198 -127 -37 142 -154 -118 144 187 1 56 63 -226 80 -3 141 -58 -158 -190 -216 -153 -131 -227 -85 171 216 -135 78 212 -2 191 -125 29 90 92 164 -101 -242 -54 -191 242 -69 -136 -188 -27 -200 -62 18 114 120 217 -162 213 67 -134 61 -240 45 17 -195 -23 -71 -75 -89 -138 126 237 236 201 86 -192 -20 -229 -105 -67 -94 10 -70 44 116 214 105 -176 210 -109 -231 -141 -210 158 99 6 124 -139 -49 -88 -232 -152 -146 -236 -26 189 8 -206 -174 -14 66 218 -76 128 248 -114 -111 -149 9 -247 -132 -66 246 -239 160 -63 31 -171 205 -215 -80 0 134 110 192 -170 147 -77 227 249 -93 222 182 186 -59 97 -204 -164 84 176 -194 12 -100 -33 15 226 -122 -156 -245 5 129 -130 -179 -167 -142 55 -73 47 -42 111 88 103 202 -25 232 151 118 -18 137 -41 -95 33 -104 -47 -209 247 -124 -151 60 136 161 -129 -228 95 22 235 211 -103 179 240 166 174 11 -61 101 -29 -60 -121 -120 207 -196 -119 175 204 -185 -217 209 -172 59 117 -235 143 194 -117 27 177 -234 -8 52 208 -16 -137 -126 -52 199 121 146 140 -17 119 100 224 -168 -21 -43 244 87 229 112 -145 104 -222 -113 -12 26 -32 113 53 41 130 241 168 -68 -187 -110 -112 -160 -148 -169 14 183 46 -38 -221 -24 -64 -197 62 68 234 138 230 -143 188 133 -225 -19 -244 -28 -96 3 19 -90 193 -7 -159 195 155 73 -115 39 
TEST 15 ARG:-201 123 -22 74 125 -10 34 21 -155 82 -193 -34 -224 149 221 20 -219 -249 7 4 79 -39 -133 58 -57 -140 77 -214 91 163 -184 -203 200 37 154 139 106 135 -123 -102 -30 40 223 -6 83 93 -181 -250 -165 -177 231 172 43 -189 -78 215 98 89 167 -81 -1 49 185 13 -65 -116 -237 -186 198 25 -157 -178 -46 245 -207 -163 48 -45 159 -246 -223 35 -199 -83 206 162 32 -212 51 178 156 50 -72 -175 65 -84 38 -147 70 -182 -180 -31 -79 115 -238 16 -35 -97 -108 190 -74 233 -220 169 170 102 -51 75 243 -9 -91 -183 238 -4 219 -48 30 220 -218 -241 196 184 197 94 -87 132 -44 -40 -144 -15 72 28 64 76 -128 165 81 24 152 -55 157 -233 -230 -13 23 145 122 127 2 -211 -202 225 -11 180 -248 173 -36 153 42 -166 -99 -106 54 -213 108 131 -50 239 96 148 -56 -53 -161 -86 71 181 -92 107 85 -150 -107 69 -98 150 -173 109 -243 57 -205 203 36 -82 228 -208 -5 -198 -127 -37 142 -154 -118 144 187 1 56 63 -226 80 -3 141 -58 -158 -190 -216 -153 -131 -227 -85 171 216 -135 78 212 -2 191 -125 29 90 92 164 -101 -242 -54 -191 242 -69 -136 -188 -27 -200 -62 18 114 120 217 -162 213 67 -134 61 -240 45 17 -195 -23 -71 -75 -89 -138 126 237 236 201 86 -192 -20 -229 -105 -67 -94 10 -70 44 116 214 105 -176 210 -109 -231 -141 -210 158 99 6 124 -139 -49 -88 -232 -152 -146 -236 -26 189 8 -206 -174 -14 66 218 -76 128 248 -114 -111 -149 9 -247 -132 -66 246 -239 160 -63 31 -171 205 -215 -80 0 134 110 192 -170 147 -77 227 249 -93 222 182 186 -59 97 -204 -164 84 176 -194 12 -100 -33 15 226 -122 -156 -245 5 129 -130 -179 -167 -142 55 -73 47 -42 111 88 103 202 -25 232 151 118 -18 137 -41 -95 33 -104 -47 -209 247 -124 -151 60 136 161 -129 -228 95 22 235 211 -103 179 240 166 174 11 -61 101 -29 -60 -121 -120 207 -196 -119 175 204 -185 -217 209 -172 59 117 -235 143 194 -117 27 177 -234 -8 52 208 -16 -137 -126 -52 199 121 146 140 -17 119 100 224 -168 -21 -43 244 87 229 112 -145 104 -222 -113 -12 26 -32 113 53 41 130 241 168 -68 -187 -110 -112 -160 -148 -169 14 183 46 -38 -221 -24 -64 -197 62 68 234 138 230 -143 188 133 -225 -19 -244 -28 -96 3 19 -90 193 -7 -159 195 155 73 -115 39 
TEST 16 ARG:-169 -44 36 66 177 -33 244 50 -1 -8 201 -123 76 172 -164 -143 48 -141 -25 -152 223 -50 97 27 123 -200 -191 151 82 -7 142 -48 34 -28 91 73 -203 249 232 71 -47 69 -43 45 -236 46 -23 95 -124 9 53 -207 83 -158 -156 40 41 -170 116 138 210 102 245 189 80 -162 215 218 -186 -20 14 -120 -78 -19 101 -39 133 226 233 -127 186 193 -16 -18 38 -213 204 180 -212 160 -126 -94 98 -133 178 240 26 -163 -55 -75 -115 161 18 72 227 64 13 -137 229 195 242 -221 -92 -67 -24 28 -77 206 -99 184 191 7 -40 -105 209 -215 -98 -148 190 21 228 104 -220 -243 85 -107 47 -146 -91 -210 -134 -218 148 49 11 -231 114 -95 15 -249 -82 213 205 -63 122 -27 88 -22 22 -87 16 183 55 -222 -247 -32 -187 217 -51 -122 144 87 -230 -61 -227 -112 -149 -194 241 92 -34 131 -2 152 -188 129 211 118 194 -90 -153 -240 -37 236 238 60 -136 -12 -229 -205 -121 -167 127 68 -14 149 96 -233 -225 -118 113 -116 -245 139 -180 56 1 -108 239 126 74 202 78 17 -65 -161 -175 -216 130 -165 -211 182 -139 -117 134 -176 137 65 94 124 -38 -241 0 90 -66 107 -209 89 30 -214 -60 -181 -69 81 -71 -29 -56 216 100 52 119 111 -131 44 243 208 207 -239 19 167 -17 187 136 99 -248 128 42 37 125 -199 145 150 196 -73 -72 200 -135 -204 -192 -178 -198 156 214 5 -185 -189 246 -140 -21 -171 181 -106 -166 165 -111 -103 67 33 29 10 3 59 -70 57 -101 -84 221 -86 70 155 188 140 197 -54 198 -46 86 31 -11 115 6 231 -196 132 -97 117 147 -42 23 164 -145 -58 24 220 -183 -26 230 -190 158 219 -155 -41 -79 154 -125 32 -159 143 61 110 8 -59 12 -52 225 174 -113 -168 121 234 -232 54 -193 106 -3 -109 -57 79 25 -142 77 -6 -197 -49 -93 235 212 163 -157 -114 -174 -76 -83 -9 -234 157 105 20 -36 -237 -206 -177 -182 169 -172 168 185 93 -173 -154 -62 135 -35 -228 175 247 -31 -89 166 -224 -184 -85 -202 -45 -68 -217 2 109 -10 63 -226 103 -242 -13 35 176 -238 -74 58 -15 4 -138 -201 -110 -80 84 51 -219 -88 173 -147 -250 -100 -208 -4 -132 -246 199 159 -5 171 179 108 -130 248 224 -195 -81 146 203 -119 -128 -223 39 -30 -144 153 141 -104 162 -96 75 -102 237 -160 -179 120 112 -150 -53 62 43 -129 -244 192 222 170 -151 -235 -64 
TEST 16 ARG:-169 -44 36 66 177 -33 244 50 -1 -8 201 -123 76 172 -164 -143 48 -141 -25 -152 223 -50 97 27 123 -200 -191 151 82 -7 142 -48 34 -28 91 73 -203 249 232 71 -47 69 -43 45 -236 46 -23 95 -124 9 53 -207 83 -158 -156 40 41 -170 116 138 210 102 245 189 80 -162 215 218 -186 -20 14 -120 -78 -19 101 -39 133 226 233 -127 186 193 -16 -18 38 -213 204 180 -212 160 -126 -94 98 -133 178 240 26 -163 -55 -75 -115 161 18 72 227 64 13 -137 229 195 242 -221 -92 -67 -24 28 -77 206 -99 184 191 7 -40 -105 209 -215 -98 -148 190 21 228 104 -220 -243 85 -107 47 -146 -91 -210 -134 -218 148 49 11 -231 114 -95 15 -249 -82 213 205 -63 122 -27 88 -22 22 -87 16 183 55 -222 -247 -32 -187 217 -51 -122 144 87 -230 -61 -227 -112 -149 -194 241 92 -34 131 -2 152 -188 129 211 118 194 -90 -153 -240 -37 236 238 60 -136 -12 -229 -205 -121 -167 127 68 -14 149 96 -233 -225 -118 113 -116 -245 139 -180 56 1 -108 239 126 74 202 78 17 -65 -161 -175 -216 130 -165 -211 182 -139 -117 134 -176 137 65 94 124 -38 -241 0 90 -66 107 -209 89 30 -214 -60 -181 -69 81 -71 -29 -56 216 100 52 119 111 -131 44 243 208 207 -239 19 167 -17 187 136 99 -248 128 42 37 125 -199 145 150 196 -73 -72 200 -135 -204 -192 -178 -198 156 214 5 -185 -189 246 -140 -21 -171 181 -106 -166 165 -111 -103 67 33 29 10 3 59 -70 57 -101 -84 221 -86 70 155 188 140 197 -54 198 -46 86 31 -11 115 6 231 -196 132 -97 117 147 -42 23 164 -145 -58 24 220 -183 -26 230 -190 158 219 -155 -41 -79 154 -125 32 -159 143 61 110 8 -59 12 -52 225 174 -113 -168 121 234 -232 54 -193 106 -3 -109 -57 79 25 -142 77 -6 -197 -49 -93 235 212 163 -157 -114 -174 -76 -83 -9 -234 157 105 20 -36 -237 -206 -177 -182 169 -172 168 185 93 -173 -154 -62 135 -35 -228 175 247 -31 -89 166 -224 -184 -85 -202 -45 -68 -217 2 109 -10 63 -226 103 -242 -13 35 176 -238 -74 58 -15 4 -138 -201 -110 -80 84 51 -219 -88 173 -147 -250 -100 -208 -4 -132 -246 199 159 -5 171 179 108 -130 248 224 -195 -81 146 203 -119 -128 -223 39 -30 -144 153 141 -104 162 -96 75 -102 237 -160 -179 120 112 -150 -53 62 43 -129 -244 192 222 170 -151 -235 -64 
TEST 17 ARG:136 20 120 -84 52 145 -147 -143 197 188 129 -99 165 200 31 46 -88 -211 -133 -50 -204 -120 144 -142 176 74 138 -19 -16 215 -45 116 244 -180 -125 -231 -172 -63 -96 -146 23 44 -217 63 9 -219 -139 -35 240 172 61 -109 -216 119 -198 167 -68 -44 -153 37 77 131 121 -222 156 62 -22 126 -155 -14 -149 30 158 39 -23 231 92 -250 4 -51 247 -15 118 210 -111 80 59 -145 81 229 243 160 189 235 -79 -8 177 -58 82 91 8 155 238 58 -247 -186 90 152 -69 -98 128 42 186 157 -97 139 237 -245 221 248 149 -59 127 232 -157 -26 -234 -183 173 -238 -152 -94 12 133 108 124 -232 -197 110 -70 -78 -182 140 -93 112 47 106 -168 57 -189 -151 239 -171 201 50 49 -80 -226 -90 217 -20 76 28 187 216 2 102 168 45 54 -21 -29 207 98 148 -164 -25 73 -159 171 -115 143 -166 -74 7 -154 147 -188 -187 -102 -141 -127 219 -193 86 29 -178 -215 -203 103 -175 100 -233 101 -18 67 -208 10 -130 1 -38 122 -73 222 199 -110 211 6 -118 -201 -43 38 -239 153 -174 -236 -209 -206 104 -162 -52 -240 -126 -105 84 -31 194 65 -177 -1 226 -150 130 -81 -47 -161 -106 178 -82 94 113 79 5 32 15 -200 -184 -156 196 -71 -91 -228 -196 -7 -194 204 21 -67 -243 -60 105 -212 71 -144 202 180 107 -185 184 -121 -137 209 -192 78 64 -62 159 -117 228 -173 208 190 -135 223 242 -210 198 227 48 -176 -72 -181 -77 -5 -49 -34 69 -75 179 93 234 99 19 -221 -225 -86 114 3 -167 96 89 164 -55 -123 132 203 -46 233 212 -40 -205 -249 -169 -132 -89 -165 25 24 -163 66 -131 26 -3 146 33 214 -248 142 241 162 166 -41 -27 191 218 151 11 181 183 18 -64 -241 -104 -220 -122 225 34 -199 -61 -190 161 53 -56 -207 -17 -32 236 68 -242 -113 205 -129 -116 246 -179 -85 115 -6 -223 192 -92 -148 109 -37 13 -66 206 169 -36 -114 193 163 -11 150 -100 -191 -108 83 55 195 0 -13 154 35 -124 -4 85 -65 135 88 60 -83 175 -170 230 -237 -128 -33 -107 -246 -10 -103 249 182 -42 -218 17 -235 -2 -244 43 125 -57 36 -24 134 -28 -160 224 72 -214 245 -138 -134 -230 -53 -54 220 -76 -101 213 -227 -48 185 -158 70 -202 27 174 -213 111 95 -224 137 141 22 14 117 -87 56 -12 -119 16 75 123 -39 -140 -229 170 -195 97 -95 -112 -136 40 -30 41 51 -9 87 
TEST 17 ARG:136 20 120 -84 52 145 -147 -143 197 188 129 -99 165 200 31 46 -88 -211 -133 -50 -204 -120 144 -142 176 74 138 -19 -16 215 -45 116 244 -180 -125 -231 -172 -63 -96 -146 23 44 -217 63 9 -219 -139 -35 240 172 61 -109 -216 119 -198 167 -68 -44 -153 37 77 131 121 -222 156 62 -22 126 -155 -14 -149 30 158 39 -23 231 92 -250 4 -51 247 -15 118 210 -111 80 59 -145 81 229 243 160 189 235 -79 -8 177 -58 82 91 8 155 238 58 -247 -186 90 152 -69 -98 128 42 186 157 -97 139 237 -245 221 248 149 -59 127 232 -157 -26 -234 -183 173 -238 -152 -94 12 133 108 124 -232 -197 110 -70 -78 -182 140 -93 112 47 106 -168 57 -189 -151 239 -171 201 50 49 -80 -226 -90 217 -20 76 28 187 216 2 102 168 45 54 -21 -29 207 98 148 -164 -25 73 -159 171 -115 143 -166 -74 7 -154 147 -188 -187 -102 -141 -127 219 -193 86 29 -178 -215 -203 103 -175 100 -233 101 -18 67 -208 10 -130 1 -38 122 -73 222 199 -110 211 6 -118 -201 -43 38 -239 153 -174 -236 -209 -206 104 -162 -52 -240 -126 -105 84 -31 194 65 -177 -1 226 -150 130 -81 -47 -161 -106 178 -82 94 113 79 5 32 15 -200 -184 -156 196 -71 -91 -228 -196 -7 -194 204 21 -67 -243 -60 105 -212 71 -144 202 180 107 -185 184 -121 -137 209 -192 78 64 -62 159 -117 228 -173 208 190 -135 223 242 -210 198 227 48 -176 -72 -181 -77 -5 -49 -34 69 -75 179 93 234 99 19 -221 -225 -86 114 3 -167 96 89 164 -55 -123 132 203 -46 233 212 -40 -205 -249 -169 -132 -89 -165 25 24 -163 66 -131 26 -3 146 33 214 -248 142 241 162 166 -41 -27 191 218 151 11 181 183 18 -64 -241 -104 -220 -122 225 34 -199 -61 -190 161 53 -56 -207 -17 -32 236 68 -242 -113 205 -129 -116 246 -179 -85 115 -6 -223 192 -92 -148 109 -37 13 -66 206 169 -36 -114 193 163 -11 150 -100 -191 -108 83 55 195 0 -13 154 35 -124 -4 85 -65 135 88 60 -83 175 -170 230 -237 -128 -33 -107 -246 -10 -103 249 182 -42 -218 17 -235 -2 -244 43 125 -57 36 -24 134 -28 -160 224 72 -214 245 -138 -134 -230 -53 -54 220 -76 -101 213 -227 -48 185 -158 70 -202 27 174 -213 111 95 -224 137 141 22 14 117 -87 56 -12 -119 16 75 123 -39 -140 -229 170 -195 97 -95 -112 -136 40 -30 41 51 -9 87 
TEST 18 ARG:125 133 -178 225 29 -210 -147 -159 -75 117 -166 -50 -238 156 -101 99 -116 -96 138 136 228 -110 -125 194 38 -104 195 177 151 -160 -9 -149 -51 -3 -15 114 220 -240 224 47 -183 -46 -71 35 15 -18 -202 26 -98 -24 211 23 -165 -8 -91 83 -225 119 106 -78 -136 -64 -148 -188 52 -175 -198 167 207 89 -243 182 115 -72 171 51 90 -16 -154 -14 201 -192 -68 135 21 -117 3 -217 -239 -158 -87 -106 2 -182 -31 113 45 198 -54 -228 102 -201 -177 -108 -162 -107 192 -88 -213 19 92 -131 -102 -199 127 214 -84 -205 105 -11 -57 -189 -95 -203 137 5 -191 -92 -216 219 -19 121 65 -119 163 229 -74 168 85 32 -174 78 -25 -85 -4 -161 -212 -152 188 249 93 208 196 -146 140 -220 158 129 -222 63 104 236 -41 -40 -6 200 16 166 -56 139 247 160 -61 -33 60 28 -34 109 42 74 146 108 -30 -58 54 -73 59 162 -83 -244 72 96 -53 -211 10 -48 176 -142 203 170 165 -44 -196 -151 -36 148 244 37 -193 -52 128 -42 202 199 -38 -114 -123 62 -171 24 -163 71 180 -215 -27 -32 230 -21 -214 217 -66 -134 -35 55 215 -206 -127 221 143 -172 142 -109 206 53 -2 181 232 131 -242 87 -195 246 -82 -248 -45 -70 -208 -194 -20 -197 172 -250 -186 40 9 31 95 -227 -167 -221 56 -103 34 86 -224 248 174 -207 -164 -157 7 -63 -79 -23 123 189 -1 0 -181 175 -140 -204 -118 126 -67 223 111 169 -219 239 -169 231 -94 -17 -76 -190 -120 150 -170 -236 25 154 -90 -65 -55 48 -241 77 49 98 -179 190 -130 79 -99 185 -139 -176 173 73 4 132 216 -232 -7 -93 41 -129 238 197 11 -43 245 222 -135 242 -12 -105 94 17 -26 70 -124 110 122 8 88 159 184 -230 1 81 -113 -153 -168 44 13 205 187 218 -233 -133 91 149 -132 -29 193 -69 82 -138 130 237 -77 -185 213 6 -180 -13 -10 120 -145 -245 18 43 234 -184 -89 -126 -128 191 147 -141 204 -231 -223 33 58 -209 76 243 -218 57 69 112 12 -62 -249 75 80 -5 226 100 -111 134 -86 -28 22 -187 20 -121 -112 179 -97 233 39 46 116 -144 155 -173 153 -100 141 183 50 124 67 -235 -237 -143 118 144 -47 186 -229 101 -226 -37 -137 178 -246 -156 61 -81 -80 -39 36 227 161 -22 -247 152 -150 240 103 -122 164 30 27 209 -49 157 210 212 84 241 14 145 107 66 -155 -200 235 -115 -59 -234 97 68 -60 64 
TEST 18 ARG:125 133 -178 225 29 -210 -147 -159 -75 117 -166 -50 -238 156 -101 99 -116 -96 138 136 228 -110 -125 194 38 -104 195 177 151 -160 -9 -149 -51 -3 -15 114 220 -240 224 47 -183 -46 -71 35 15 -18 -202 26 -98 -24 211 23 -165 -8 -91 83 -225 119 106 -78 -136 -64 -148 -188 52 -175 -198 167 207 89 -243 182 115 -72 171 51 90 -16 -154 -14 201 -192 -68 135 21 -117 3 -217 -239 -158 -87 -106 2 -182 -31 113 45 198 -54 -228 102 -201 -177 -108 -162 -107 192 -88 -213 19 92 -131 -102 -199 127 214 -84 -205 105 -11 -57 -189 -95 -203 137 5 -191 -92 -216 219 -19 121 65 -119 163 229 -74 168 85 32 -174 78 -25 -85 -4 -161 -212 -152 188 249 93 208 196 -146 140 -220 158 129 -222 63 104 236 -41 -40 -6 200 16 166 -56 139 247 160 -61 -33 60 28 -34 109 42 74 146 108 -30 -58 54 -73 59 162 -83 -244 72 96 -53 -211 10 -48 176 -142 203 170 165 -44 -196 -151 -36 148 244 37 -193 -52 128 -42 202 199 -38 -114 -123 62 -171 24 -163 71 180 -215 -27 -32 230 -21 -214 217 -66 -134 -35 55 215 -206 -127 221 143 -172 142 -109 206 53 -2 181 232 131 -242 87 -195 246 -82 -248 -45 -70 -208 -194 -20 -197 172 -250 -186 40 9 31 95 -227 -167 -221 56 -103 34 86 -224 248 174 -207 -164 -157 7 -63 -79 -23 123 189 -1 0 -181 175 -140 -204 -118 126 -67 223 111 169 -219 239 -169 231 -94 -17 -76 -190 -120 150 -170 -236 25 154 -90 -65 -55 48 -241 77 49 98 -179 190 -130 79 -99 185 -139 -176 173 73 4 132 216 -232 -7 -93 41 -129 238 197 11 -43 245 222 -135 242 -12 -105 94 17 -26 70 -124 110 122 8 88 159 184 -230 1 81 -113 -153 -168 44 13 205 187 218 -233 -133 91 149 -132 -29 193 -69 82 -138 130 237 -77 -185 213 6 -180 -13 -10 120 -145 -245 18 43 234 -184 -89 -126 -128 191 147 -141 204 -231 -223 33 58 -209 76 243 -218 57 69 112 12 -62 -249 75 80 -5 226 100 -111 134 -86 -28 22 -187 20 -121 -112 179 -97 233 39 46 116 -144 155 -173 153 -100 141 183 50 124 67 -235 -237 -143 118 144 -47 186 -229 101 -226 -37 -137 178 -246 -156 61 -81 -80 -39 36 227 161 -22 -247 152 -150 240 103 -122 164 30 27 209 -49 157 210 212 84 241 14 145 107 66 -155 -200 235 -115 -59 -234 97 68 -60 64 
TEST 19 ARG:113 72 70 -12 -100 -79 90 161 -89 82 -201 44 -236 -84 76 -186 233 173 138 114 110 -5 71 125 -9 -217 -98 120 -73 229 133 165 -222 25 170 191 -140 -92 239 201 -80 235 -169 22 146 -205 249 62 -78 -207 27 121 -221 29 -242 -15 186 80 -87 207 -62 152 118 149 -224 194 -107 119 124 206 112 179 154 198 -22 -42 78 -216 -213 0 187 -160 -83 -41 -161 7 52 -133 59 107 -198 219 -40 202 46 196 -132 230 -8 176 33 32 19 15 -121 193 61 -230 204 2 96 168 -167 164 236 28 -55 -168 237 131 34 -195 20 99 -50 -142 199 -138 -153 -125 -14 -119 -88 81 -238 -116 -154 -114 -38 -26 93 47 -24 -237 -7 -141 -248 83 -137 -61 60 87 157 -146 232 203 145 197 -203 -57 129 -247 137 97 -13 -47 -193 -148 185 -162 -197 65 -109 -184 -104 -112 -231 69 -211 51 -106 95 222 -246 -101 -188 160 -28 49 243 18 -30 -122 231 244 -123 195 39 -156 63 -233 167 -20 -130 -249 -135 67 128 -86 11 136 147 9 174 -223 -77 50 -164 -53 -36 -219 17 98 100 89 -204 140 -49 -70 -69 -127 200 58 -187 122 213 166 -17 -171 169 -48 105 -244 -220 66 -173 -170 68 -152 -59 -218 117 178 226 224 209 5 -43 -212 -182 241 155 -226 16 -129 -111 88 79 -144 -71 106 -139 -194 215 181 -214 248 132 92 148 -200 -232 127 -33 -66 116 188 163 108 -65 -189 35 -102 38 -145 42 -11 -68 21 -81 -250 36 223 -16 -134 -76 247 158 -45 -181 10 -191 -166 -63 -105 175 40 217 -64 -208 -97 189 -91 45 234 48 43 74 111 -190 -179 -56 134 -60 -37 14 -175 -32 242 153 -10 3 -118 64 -157 151 -180 -185 208 -163 75 30 177 225 -46 57 12 31 54 -21 139 77 156 -143 -147 -35 86 -27 212 -234 -90 -149 -174 -240 -72 -44 144 -113 109 210 -202 -94 -229 -51 126 6 26 -67 -31 -151 73 -177 4 227 -4 -131 -108 -150 104 142 -25 214 -19 -103 91 -115 162 245 -52 -210 -99 -23 184 53 -124 -34 -120 -117 -155 -39 221 1 192 24 -239 -75 -6 -192 41 115 141 -96 143 228 220 -209 -241 101 -225 -95 -1 85 -2 56 -3 -196 -54 -183 -235 135 -243 -85 84 -18 -126 -93 -215 37 8 -82 183 240 205 182 159 -128 172 246 123 23 55 -158 -176 13 -136 -178 -165 -159 218 103 -228 -172 94 -199 -227 180 -206 171 130 211 -58 190 -29 -74 102 238 216 -110 150 -245 
TEST 19 ARG:113 72 70 -12 -100 -79 90 161 -89 82 -201 44 -236 -84 76 -186 233 173 138 114 110 -5 71 125 -9 -217 -98 120 -73 229 133 165 -222 25 170 191 -140 -92 239 201 -80 235 -169 22 146 -205 249 62 -78 -207 27 121 -221 29 -242 -15 186 80 -87 207 -62 152 118 149 -224 194 -107 119 124 206 112 179 154 198 -22 -42 78 -216 -213 0 187 -160 -83 -41 -161 7 52 -133 59 107 -198 219 -40 202 46 196 -132 230 -8 176 33 32 19 15 -121 193 61 -230 204 2 96 168 -167 164 236 28 -55 -168 237 131 34 -195 20 99 -50 -142 199 -138 -153 -125 -14 -119 -88 81 -238 -116 -154 -114 -38 -26 93 47 -24 -237 -7 -141 -248 83 -137 -61 60 87 157 -146 232 203 145 197 -203 -57 129 -247 137 97 -13 -47 -193 -148 185 -162 -197 65 -109 -184 -104 -112 -231 69 -211 51 -106 95 222 -246 -101 -188 160 -28 49 243 18 -30 -122 231 244 -123 195 39 -156 63 -233 167 -20 -130 -249 -135 67 128 -86 11 136 147 9 174 -223 -77 50 -164 -53 -36 -219 17 98 100 89 -204 140 -49 -70 -69 -127 200 58 -187 122 213 166 -17 -171 169 -48 105 -244 -220 66 -173 -170 68 -152 -59 -218 117 178 226 224 209 5 -43 -212 -182 241 155 -226 16 -129 -111 88 79 -144 -71 106 -139 -194 215 181 -214 248 132 92 148 -200 -232 127 -33 -66 116 188 163 108 -65 -189 35 -102 38 -145 42 -11 -68 21 -81 -250 36 223 -16 -134 -76 247 158 -45 -181 10 -191 -166 -63 -105 175 40 217 -64 -208 -97 189 -91 45 234 48 43 74 111 -190 -179 -56 134 -60 -37 14 -175 -32 242 153 -10 3 -118 64 -157 151 -180 -185 208 -163 75 30 177 225 -46 57 12 31 54 -21 139 77 156 -143 -147 -35 86 -27 212 -234 -90 -149 -174 -240 -72 -44 144 -113 109 210 -202 -94 -229 -51 126 6 26 -67 -31 -151 73 -177 4 227 -4 -131 -108 -150 104 142 -25 214 -19 -103 91 -115 162 245 -52 -210 -99 -23 184 53 -124 -34 -120 -117 -155 -39 221 1 192 24 -239 -75 -6 -192 41 115 141 -96 143 228 220 -209 -241 101 -225 -95 -1 85 -2 56 -3 -196 -54 -183 -235 135 -243 -85 84 -18 -126 -93 -215 37 8 -82 183 240 205 182 159 -128 172 246 123 23 55 -158 -176 13 -136 -178 -165 -159 218 103 -228 -172 94 -199 -227 180 -206 171 130 211 -58 190 -29 -74 102 238 216 -110 150 -245 
TEST 20 ARG:163 52 238 -236 -86 17 46 75 -108 47 210 179 49 -161 54 -148 51 142 -173 -205 205 143 -113 78 247 69 -243 -76 30 4 -53 187 -210 38 39 -166 -180 -23 -127 -154 1 197 20 77 115 129 213 76 45 58 -125 201 -25 64 -54 240 -162 -197 -65 26 215 149 106 -90 99 225 0 190 -71 28 -142 -99 -44 198 -52 119 -172 -234 102 -203 34 -153 117 230 -135 100 123 -64 145 -129 -213 -28 105 -221 -212 24 207 9 248 -9 -39 -141 74 -149 -134 152 -16 170 -17 208 -13 -111 66 169 -131 144 110 83 -4 173 -47 158 70 -37 35 40 -178 141 -185 -183 -138 150 137 -222 131 -78 224 -211 138 -77 243 -248 166 -169 -195 44 157 209 151 160 -58 140 246 -184 -118 -2 -245 -63 -164 -232 -109 231 -202 14 55 -225 -246 -69 86 214 84 -93 -45 168 148 -94 135 42 -240 -152 237 -177 13 -168 -242 -224 -61 6 182 -145 122 -73 12 101 -55 -81 184 229 130 -238 218 98 18 125 127 -198 -36 -106 -121 203 165 178 202 -22 132 67 -92 -38 -140 57 -105 114 -223 -84 -5 7 108 -80 195 175 23 -189 -66 -110 -193 116 53 -33 71 -159 -115 -27 37 233 134 -11 -10 216 183 120 -119 -235 193 -12 -165 188 -82 -20 -128 139 -116 85 112 91 -250 180 -206 -32 -226 -51 -194 -6 -179 241 -181 59 -117 -83 -114 -158 -70 245 232 242 -133 -35 172 -176 -147 79 10 60 223 -182 -157 219 2 -190 16 -208 -21 -175 111 -120 -102 -200 154 -143 174 -204 118 -87 -167 87 -18 155 -209 196 25 -160 15 -41 222 -74 226 11 -214 103 -151 217 -216 199 136 3 -233 -144 -85 128 -43 43 -91 -132 -67 186 73 176 171 -237 -136 126 -187 -150 -229 167 72 22 192 239 -170 109 -230 -50 161 82 121 5 -56 -15 -207 68 -68 95 19 -31 181 -75 -201 48 96 228 -239 -8 -57 -139 185 90 -199 147 61 191 -3 -220 81 -59 -72 -155 -97 -156 124 200 31 -79 -217 177 -101 65 56 244 236 204 153 92 -48 211 162 -88 -123 -231 -122 41 -30 -14 146 -186 249 -1 -244 -191 32 234 21 -112 212 -241 -100 227 -46 -104 -107 113 -215 33 -228 220 8 -42 -247 -26 104 -49 156 -171 133 -40 97 -249 107 50 -218 -95 29 194 -103 94 -60 89 235 -98 36 -89 93 -174 159 221 -227 -124 -126 -146 -130 -188 -19 -163 62 -7 88 -219 -196 206 27 -34 63 80 189 -24 -137 -29 -96 -62 -192 164 
TEST 20 ARG:163 52 238 -236 -86 17 46 75 -108 47 210 179 49 -161 54 -148 51 142 -173 -205 205 143 -113 78 247 69 -243 -76 30 4 -53 187 -210 38 39 -166 -180 -23 -127 -154 1 197 20 77 115 129 213 76 45 58 -125 201 -25 64 -54 240 -162 -197 -65 26 215 149 106 -90 99 225 0 190 -71 28 -142 -99 -44 198 -52 119 -172 -234 102 -203 34 -153 117 230 -135 100 123 -64 145 -129 -213 -28 105 -221 -212 24 207 9 248 -9 -39 -141 74 -149 -134 152 -16 170 -17 208 -13 -111 66 169 -131 144 110 83 -4 173 -47 158 70 -37 35 40 -178 141 -185 -183 -138 150 137 -222 131 -78 224 -211 138 -77 243 -248 166 -169 -195 44 157 209 151 160 -58 140 246 -184 -118 -2 -245 -63 -164 -232 -109 231 -202 14 55 -225 -246 -69 86 214 84 -93 -45 168 148 -94 135 42 -240 -152 237 -177 13 -168 -242 -224 -61 6 182 -145 122 -73 12 101 -55 -81 184 229 130 -238 218 98 18 125 127 -198 -36 -106 -121 203 165 178 202 -22 132 67 -92 -38 -140 57 -105 114 -223 -84 -5 7 108 -80 195 175 23 -189 -66 -110 -193 116 53 -33 71 -159 -115 -27 37 233 134 -11 -10 216 183 120 -119 -235 193 -12 -165 188 -82 -20 -128 139 -116 85 112 91 -250 180 -206 -32 -226 -51 -194 -6 -179 241 -181 59 -117 -83 -114 -158 -70 245 232 242 -133 -35 172 -176 -147 79 10 60 223 -182 -157 219 2 -190 16 -208 -21 -175 111 -120 -102 -200 154 -143 174 -204 118 -87 -167 87 -18 155 -209 196 25 -160 15 -41 222 -74 226 11 -214 103 -151 217 -216 199 136 3 -233 -144 -85 128 -43 43 -91 -132 -67 186 73 176 171 -237 -136 126 -187 -150 -229 167 72 22 192 239 -170 109 -230 -50 161 82 121 5 -56 -15 -207 68 -68 95 19 -31 181 -75 -201 48 96 228 -239 -8 -57 -139 185 90 -199 147 61 191 -3 -220 81 -59 -72 -155 -97 -156 124 200 31 -79 -217 177 -101 65 56 244 236 204 153 92 -48 211 162 -88 -123 -231 -122 41 -30 -14 146 -186 249 -1 -244 -191 32 234 21 -112 212 -241 -100 227 -46 -104 -107 113 -215 33 -228 220 8 -42 -247 -26 104 -49 156 -171 133 -40 97 -249 107 50 -218 -95 29 194 -103 94 -60 89 235 -98 36 -89 93 -174 159 221 -227 -124 -126 -146 -130 -188 -19 -163 62 -7 88 -219 -196 206 27 -34 63 80 189 -24 -137 -29 -96 -62 -192 164 
TEST 21 ARG:-132 197 150 -4 -16 -171 99 -230 69 214 -96 19 115 36 34 124 -23 -107 -87 -29 89 -119 240 -206 -5 -233 -182 42 -205 217 -181 186 67 212 -177 160 -232 231 175 5 109 -238 -151 -172 84 155 204 -94 -108 153 -44 169 133 -78 206 -122 -53 -208 -45 28 -161 243 45 171 -175 -200 -242 -82 -76 230 -212 244 98 165 203 130 -214 50 -9 -207 -231 227 201 -194 -22 -84 3 -127 226 -234 -99 -51 184 210 -199 -187 139 -8 -72 -7 -109 -68 106 -38 233 -158 -105 93 113 -139 229 -80 -41 56 208 22 -204 156 -235 100 70 88 -11 127 140 -12 -36 176 -19 -70 105 183 20 103 193 77 52 116 -162 181 -21 -15 -165 -227 -90 16 55 -190 -213 25 -17 13 -98 -179 90 238 60 108 24 44 -147 11 163 -160 72 -97 -69 9 220 -93 -10 246 187 -131 4 95 148 -130 166 -203 -228 -247 32 61 -104 -170 -2 91 179 185 188 -110 -57 178 -95 -101 -184 -196 -222 -226 162 237 -112 23 151 79 249 218 92 -189 -193 126 -140 -3 18 -63 -14 -116 12 -154 144 152 81 -191 83 -46 132 -31 -89 -215 66 -102 104 59 -135 136 177 107 228 112 97 -137 242 -245 -35 68 157 -150 -148 -28 -156 0 143 94 -133 -192 117 196 -243 134 96 -197 -54 211 38 -26 202 -217 64 195 -77 -210 236 -50 125 -146 46 -220 190 -66 74 -185 146 31 173 71 -183 174 110 -136 -52 -103 207 -169 164 -40 -25 -118 -42 221 -81 10 -236 222 -59 -65 -141 -27 232 -229 -211 122 -173 128 57 200 -125 -60 -209 80 6 224 -143 -164 137 215 -1 213 -178 -174 -114 -47 -201 114 82 -55 -202 -71 -13 182 63 -225 245 -61 131 49 51 209 17 -186 -64 -126 247 -56 248 58 189 53 15 -221 234 102 -111 123 145 40 -106 -237 119 -43 62 154 172 -168 -241 33 194 180 -74 205 120 158 -30 -49 -128 54 -216 -198 199 -224 14 -123 -239 -115 29 -246 219 129 170 8 27 65 -6 -67 161 37 -39 1 135 -75 -91 239 -129 141 -249 -124 -34 -152 30 86 2 35 -240 147 235 -37 -134 198 118 225 -113 -32 241 216 -188 78 -195 -62 -92 142 75 138 223 -163 -58 -145 -159 -83 101 121 -48 191 41 -248 -73 47 85 -155 -149 48 -142 73 -180 43 -88 21 -219 -120 -157 111 -117 -20 -85 149 159 167 -144 -121 26 -244 -138 -176 -33 -250 192 -24 -79 -166 -86 -153 -100 168 39 -218 -223 -167 7 87 76 -18 
TEST 21 ARG:-132 197 150 -4 -16 -171 99 -230 69 214 -96 19 115 36 34 124 -23 -107 -87 -29 89 -119 240 -206 -5 -233 -182 42 -205 217 -181 186 67 212 -177 160 -232 231 175 5 109 -238 -151 -172 84 155 204 -94 -108 153 -44 169 133 -78 206 -122 -53 -208 -45 28 -161 243 45 171 -175 -200 -242 -82 -76 230 -212 244 98 165 203 130 -214 50 -9 -207 -231 227 201 -194 -22 -84 3 -127 226 -234 -99 -51 184 210 -199 -187 139 -8 -72 -7 -109 -68 106 -38 233 -158 -105 93 113 -139 229 -80 -41 56 208 22 -204 156 -235 100 70 88 -11 127 140 -12 -36 176 -19 -70 105 183 20 103 193 77 52 116 -162 181 -21 -15 -165 -227 -90 16 55 -190 -213 25 -17 13 -98 -179 90 238 60 108 24 44 -147 11 163 -160 72 -97 -69 9 220 -93 -10 246 187 -131 4 95 148 -130 166 -203 -228 -247 32 61 -104 -170 -2 91 179 185 188 -110 -57 178 -95 -101 -184 -196 -222 -226 162 237 -112 23 151 79 249 218 92 -189 -193 126 -140 -3 18 -63 -14 -116 12 -154 144 152 81 -191 83 -46 132 -31 -89 -215 66 -102 104 59 -135 136 177 107 228 112 97 -137 242 -245 -35 68 157 -150 -148 -28 -156 0 143 94 -133 -192 117 196 -243 134 96 -197 -54 211 38 -26 202 -217 64 195 -77 -210 236 -50 125 -146 46 -220 190 -66 74 -185 146 31 173 71 -183 174 110 -136 -52 -103 207 -169 164 -40 -25 -118 -42 221 -81 10 -236 222 -59 -65 -141 -27 232 -229 -211 122 -173 128 57 200 -125 -60 -209 80 6 224 -143 -164 137 215 -1 213 -178 -174 -114 -47 -201 114 82 -55 -202 -71 -13 182 63 -225 245 -61 131 49 51 209 17 -186 -64 -126 247 -56 248 58 189 53 15 -221 234 102 -111 123 145 40 -106 -237 119 -43 62 154 172 -168 -241 33 194 180 -74 205 120 158 -30 -49 -128 54 -216 -198 199 -224 14 -123 -239 -115 29 -246 219 129 170 8 27 65 -6 -67 161 37 -39 1 135 -75 -91 239 -129 141 -249 -124 -34 -152 30 86 2 35 -240 147 235 -37 -134 198 118 225 -113 -32 241 216 -188 78 -195 -62 -92 142 75 138 223 -163 -58 -145 -159 -83 101 121 -48 191 41 -248 -73 47 85 -155 -149 48 -142 73 -180 43 -88 21 -219 -120 -157 111 -117 -20 -85 149 159 167 -144 -121 26 -244 -138 -176 -33 -250 192 -24 -79 -166 -86 -153 -100 168 39 -218 -223 -167 7 87 76 -18 
TEST 22 ARG:-220 -242 95 175 128 29 48 198 237 155 235 158 -224 56 -227 -225 -13 -141 105 19 171 141 -120 -146 202 -229 -12 -195 -43 -32 -62 -139 157 -94 169 -17 63 -200 -158 135 82 102 24 -2 -29 -113 -124 -240 217 -81 234 -112 -182 143 79 241 -109 134 210 115 -230 232 -241 108 -163 -89 -117 208 -161 -140 -159 -162 -236 -239 -106 -133 -222 -74 54 91 37 -144 -157 -205 245 -152 -219 40 75 -248 -137 -44 -181 -238 -108 192 -196 130 43 -173 49 -174 159 -56 -16 218 189 -99 -35 -164 -19 -48 -198 165 7 -46 61 -215 78 219 -221 68 -77 242 -14 -41 144 -214 100 153 -10 -45 -244 -79 -151 182 -176 -201 44 -171 -83 193 168 -49 -149 45 -165 33 248 230 20 -134 222 -105 -104 170 -30 152 203 -24 -65 -187 -39 22 -202 -121 -128 -160 -193 41 124 -85 118 -23 150 -153 -194 73 -78 206 -129 94 55 -8 -55 -92 -212 -50 231 116 -135 93 -184 13 -188 146 244 -180 240 -103 5 34 247 -71 -190 227 -51 -179 239 -123 127 -130 84 -80 67 74 11 96 83 59 -147 121 -86 196 14 223 72 -204 145 -178 28 -88 52 -38 -58 224 -199 23 -115 32 6 207 211 -28 -142 -207 209 228 36 -40 195 204 205 -72 64 58 201 185 166 221 99 9 -223 200 -26 187 -122 -226 -73 107 -243 173 -250 -37 113 18 35 215 12 -59 -9 -127 162 -191 65 -42 -138 76 164 -27 71 25 246 156 88 4 181 180 -131 -155 249 119 77 -82 -249 -114 -93 243 178 177 -3 80 81 87 -5 112 27 125 -111 -7 -68 199 -6 -172 -168 86 -15 2 -1 -156 -87 163 -154 129 -136 -67 -75 -203 42 97 188 -118 140 -232 -189 51 3 -69 216 114 131 -70 89 -218 -90 149 46 161 -101 21 -210 -166 139 190 30 238 -95 184 -18 -237 -100 53 142 85 111 -132 -183 -66 -247 154 8 109 60 17 197 122 236 -4 -245 69 -211 -208 -11 16 62 160 -233 1 -53 133 -76 -22 -31 103 -148 -97 186 -102 -34 70 -206 31 -228 -169 0 -21 -96 104 226 10 110 -110 -119 229 -185 123 39 137 138 191 -57 -143 -64 -52 57 -61 92 117 132 147 -213 -177 47 -186 -192 -235 -197 -20 151 194 98 148 -25 126 -33 -84 -246 179 172 -91 212 -217 -47 174 101 120 -209 -98 -60 233 225 -150 136 -170 220 -125 -216 176 -126 38 -145 26 -167 167 -231 15 -116 50 213 -107 214 183 90 -234 106 -36 -54 -175 66 -63 
TEST 22 ARG:-220 -242 95 175 128 29 48 198 237 155 235 158 -224 56 -227 -225 -13 -141 105 19 171 141 -120 -146 202 -229 -12 -195 -43 -32 -62 -139 157 -94 169 -17 63 -200 -158 135 82 102 24 -2 -29 -113 -124 -240 217 -81 234 -112 -182 143 79 241 -109 134 210 115 -230 232 -241 108 -163 -89 -117 208 -161 -140 -159 -162 -236 -239 -106 -133 -222 -74 54 91 37 -144 -157 -205 245 -152 -219 40 75 -248 -137 -44 -181 -238 -108 192 -196 130 43 -173 49 -174 159 -56 -16 218 189 -99 -35 -164 -19 -48 -198 165 7 -46 61 -215 78 219 -221 68 -77 242 -14 -41 144 -214 100 153 -10 -45 -244 -79 -151 182 -176 -201 44 -171 -83 193 168 -49 -149 45 -165 33 248 230 20 -134 222 -105 -104 170 -30 152 203 -24 -65 -187 -39 22 -202 -121 -128 -160 -193 41 124 -85 118 -23 150 -153 -194 73 -78 206 -129 94 55 -8 -55 -92 -212 -50 231 116 -135 93 -184 13 -188 146 244 -180 240 -103 5 34 247 -71 -190 227 -51 -179 239 -123 127 -130 84 -80 67 74 11 96 83 59 -147 121 -86 196 14 223 72 -204 145 -178 28 -88 52 -38 -58 224 -199 23 -115 32 6 207 211 -28 -142 -207 209 228 36 -40 195 204 205 -72 64 58 201 185 166 221 99 9 -223 200 -26 187 -122 -226 -73 107 -243 173 -250 -37 113 18 35 215 12 -59 -9 -127 162 -191 65 -42 -138 76 164 -27 71 25 246 156 88 4 181 180 -131 -155 249 119 77 -82 -249 -114 -93 243 178 177 -3 80 81 87 -5 112 27 125 -111 -7 -68 199 -6 -172 -168 86 -15 2 -1 -156 -87 163 -154 129 -136 -67 -75 -203 42 97 188 -118 140 -232 -189 51 3 -69 216 114 131 -70 89 -218 -90 149 46 161 -101 21 -210 -166 139 190 30 238 -95 184 -18 -237 -100 53 142 85 111 -132 -183 -66 -247 154 8 109 60 17 197 122 236 -4 -245 69 -211 -208 -11 16 62 160 -233 1 -53 133 -76 -22 -31 103 -148 -97 186 -102 -34 70 -206 31 -228 -169 0 -21 -96 104 226 10 110 -110 -119 229 -185 123 39 137 138 191 -57 -143 -64 -52 57 -61 92 117 132 147 -213 -177 47 -186 -192 -235 -197 -20 151 194 98 148 -25 126 -33 -84 -246 179 172 -91 212 -217 -47 174 101 120 -209 -98 -60 233 225 -150 136 -170 220 -125 -216 176 -126 38 -145 26 -167 167 -231 15 -116 50 213 -107 214 183 90 -234 106 -36 -54 -175 66 -63 
TEST 23 ARG:215 3 -146 143 -41 186 60 -47 -130 -19 118 -243 190 112 223 -18 -121 -191 248 -112 -71 -157 -202 114 240 243 -87 156 -222 53 -57 100 158 96 -209 -81 86 -186 46 205 4 -161 93 -14 -56 148 145 173 134 -234 -45 -61 167 202 221 207 119 -136 -125 -33 -3 -60 -165 -10 188 175 -237 -212 184 33 -227 -105 179 220 -217 214 -197 73 80 -230 -98 -101 0 -204 -82 -177 38 20 -65 230 -216 -193 231 -51 -152 90 169 -66 67 135 81 68 -246 -46 -72 -37 -163 225 -4 61 63 57 -244 155 138 160 94 -2 153 113 238 27 -67 51 -40 -249 -90 -140 174 -218 159 -84 232 6 -199 12 213 -142 -69 -137 193 76 -123 -25 203 1 226 34 -108 166 58 32 195 -174 -190 -50 165 -32 216 -28 91 -232 233 147 -182 -194 -214 -15 201 122 -149 8 59 -200 -247 5 -164 -126 -24 -184 49 -156 -226 -109 177 -92 -213 -205 -70 141 146 -180 235 -208 -118 142 17 139 178 -147 -131 -77 31 40 55 128 210 -127 47 95 -228 -120 -102 -171 121 -55 150 88 69 -44 -75 -97 -114 152 78 29 154 -119 -13 -64 50 191 103 241 -88 101 -96 120 -58 246 132 -229 -68 -138 -7 176 -94 196 -80 -110 -107 -31 64 -239 -106 -43 199 92 97 -211 -8 206 172 99 -210 217 -215 124 -49 37 204 -170 127 -235 149 24 102 -26 14 131 -42 123 104 83 13 247 197 171 117 198 72 -219 236 157 26 -132 -22 -93 164 -148 181 -133 44 -16 -83 -27 -168 -151 -153 70 -99 65 185 140 -176 2 22 39 23 -113 194 -196 -245 -154 -38 -9 170 133 -187 -223 -1 -206 126 -39 -166 -74 25 45 -181 -115 71 30 209 237 16 -53 -11 227 -207 66 -116 -103 110 -36 137 18 48 136 -129 -201 107 -111 -76 75 168 -179 224 108 -231 183 208 -91 -63 249 15 244 -233 -143 -183 163 21 82 -162 -104 -124 219 -73 -198 62 151 109 192 -20 144 -155 85 -34 43 -23 234 -89 -95 -17 -225 74 -175 189 -100 -62 7 -134 -48 162 54 -178 245 -141 -79 -167 -29 239 -242 -192 222 -21 125 36 -159 211 89 -12 130 -185 -169 -203 -54 42 -128 41 229 -158 79 -135 105 -241 182 242 187 -35 35 -173 -150 84 180 -85 -236 98 -238 -195 -248 -145 -30 -52 -122 28 -220 -240 56 -6 228 200 -250 -160 -221 52 116 87 -5 129 -144 106 161 19 -86 -172 212 -78 -189 -117 77 -224 -59 11 -139 9 111 218 10 -188 115 
TEST 23 ARG:215 3 -146 143 -41 186 60 -47 -130 -19 118 -243 190 112 223 -18 -121 -191 248 -112 -71 -157 -202 114 240 243 -87 156 -222 53 -57 100 158 96 -209 -81 86 -186 46 205 4 -161 93 -14 -56 148 145 173 134 -234 -45 -61 167 202 221 207 119 -136 -125 -33 -3 -60 -165 -10 188 175 -237 -212 184 33 -227 -105 179 220 -217 214 -197 73 80 -230 -98 -101 0 -204 -82 -177 38 20 -65 230 -216 -193 231 -51 -152 90 169 -66 67 135 81 68 -246 -46 -72 -37 -163 225 -4 61 63 57 -244 155 138 160 94 -2 153 113 238 27 -67 51 -40 -249 -90 -140 174 -218 159 -84 232 6 -199 12 213 -142 -69 -137 193 76 -123 -25 203 1 226 34 -108 166 58 32 195 -174 -190 -50 165 -32 216 -28 91 -232 233 147 -182 -194 -214 -15 201 122 -149 8 59 -200 -247 5 -164 -126 -24 -184 49 -156 -226 -109 177 -92 -213 -205 -70 141 146 -180 235 -208 -118 142 17 139 178 -147 -131 -77 31 40 55 128 210 -127 47 95 -228 -120 -102 -171 121 -55 150 88 69 -44 -75 -97 -114 152 78 29 154 -119 -13 -64 50 191 103 241 -88 101 -96 120 -58 246 132 -229 -68 -138 -7 176 -94 196 -80 -110 -107 -31 64 -239 -106 -43 199 92 97 -211 -8 206 172 99 -210 217 -215 124 -49 37 204 -170 127 -235 149 24 102 -26 14 131 -42 123 104 83 13 247 197 171 117 198 72 -219 236 157 26 -132 -22 -93 164 -148 181 -133 44 -16 -83 -27 -168 -151 -153 70 -99 65 185 140 -176 2 22 39 23 -113 194 -196 -245 -154 -38 -9 170 133 -187 -223 -1 -206 126 -39 -166 -74 25 45 -181 -115 71 30 209 237 16 -53 -11 227 -207 66 -116 -103 110 -36 137 18 48 136 -129 -201 107 -111 -76 75 168 -179 224 108 -231 183 208 -91 -63 249 15 244 -233 -143 -183 163 21 82 -162 -104 -124 219 -73 -198 62 151 109 192 -20 144 -155 85 -34 43 -23 234 -89 -95 -17 -225 74 -175 189 -100 -62 7 -134 -48 162 54 -178 245 -141 -79 -167 -29 239 -242 -192 222 -21 125 36 -159 211 89 -12 130 -185 -169 -203 -54 42 -128 41 229 -158 79 -135 105 -241 182 242 187 -35 35 -173 -150 84 180 -85 -236 98 -238 -195 -248 -145 -30 -52 -122 28 -220 -240 56 -6 228 200 -250 -160 -221 52 116 87 -5 129 -144 106 161 19 -86 -172 212 -78 -189 -117 77 -224 -59 11 -139 9 111 218 10 -188 115 
TEST 24 ARG:-136 -46 48 -117 -172 39 -142 -211 105 33 31 198 246 -151 184 66 -85 -159 94 -36 -160 158 127 247 206 -166 17 175 -143 107 99 63 -112 129 139 68 155 55 145 174 116 117 -72 -47 -248 -204 10 -86 51 209 -129 -105 172 -244 185 15 217 -104 -153 1 89 -132 -64 163 -84 -10 -2 -218 183 151 -78 -69 -53 -32 -137 231 -20 -220 193 166 -235 -23 -4 73 182 82 -120 -175 -167 104 41 -103 -90 -233 226 -149 -57 -198 124 -203 -83 -111 -234 -249 -157 -200 113 132 -169 -109 -60 20 -122 199 93 -205 54 227 -42 -150 212 -189 -3 74 77 190 -62 13 -162 -246 -6 -102 -185 236 -8 -18 -197 25 191 110 56 43 79 -59 35 -70 -98 -65 70 169 192 135 244 232 -45 -180 128 59 -41 245 -229 229 -224 -191 208 106 156 45 -66 26 8 30 11 -147 -232 240 122 -195 -106 154 189 -168 249 75 -123 9 -91 160 -31 234 36 28 -228 34 142 -179 241 7 -44 -144 -210 -100 165 -212 103 179 114 -89 58 101 -16 -174 -80 195 -135 -187 -96 170 87 92 167 -222 202 67 -39 -9 -183 109 -206 21 80 -190 84 -181 -93 215 176 22 -92 -141 -178 -1 -95 19 -48 -226 -115 131 0 -208 -146 -158 -171 161 239 50 125 -43 38 150 -26 211 -213 -201 27 37 -214 242 -67 118 -77 65 -125 -114 -17 144 -11 -75 -250 146 -243 -196 157 248 -131 -81 -152 -126 121 -188 -138 -215 218 220 -101 -219 -27 108 -177 -7 197 47 23 223 214 210 133 95 -161 -22 -38 164 138 -54 -107 181 71 83 235 243 -37 69 -170 -173 126 91 14 -225 86 178 -163 -134 -133 200 111 -49 -79 -24 -94 -13 2 6 -202 98 -227 88 100 147 201 -34 61 -140 159 -242 -30 5 -121 18 52 -99 -241 152 57 177 78 187 -108 162 12 -139 72 -127 -239 207 205 40 49 -118 224 141 -56 112 -164 204 60 102 130 -52 81 44 -14 134 85 96 153 3 -12 -87 -51 -40 -186 237 -88 143 -148 -156 -238 64 -165 -29 -128 -113 29 -216 194 -130 171 120 137 -237 -35 -76 -33 222 119 -74 -236 -240 97 238 173 -19 196 -192 90 -155 -21 -61 -116 136 -124 148 -217 -119 186 46 228 -58 140 -50 -231 -97 32 213 -247 180 -154 -230 62 149 -68 -5 -184 -28 168 -55 216 225 4 203 -145 -194 -207 24 233 -193 -223 123 -110 16 219 -209 76 188 115 -15 221 -182 53 -221 -71 -63 -25 -73 -82 -245 230 -199 -176 42 
TEST 24 ARG:-136 -46 48 -117 -172 39 -142 -211 105 33 31 198 246 -151 184 66 -85 -159 94 -36 -160 158 127 247 206 -166 17 175 -143 107 99 63 -112 129 139 68 155 55 145 174 116 117 -72 -47 -248 -204 10 -86 51 209 -129 -105 172 -244 185 15 217 -104 -153 1 89 -132 -64 163 -84 -10 -2 -218 183 151 -78 -69 -53 -32 -137 231 -20 -220 193 166 -235 -23 -4 73 182 82 -120 -175 -167 104 41 -103 -90 -233 226 -149 -57 -198 124 -203 -83 -111 -234 -249 -157 -200 113 132 -169 -109 -60 20 -122 199 93 -205 54 227 -42 -150 212 -189 -3 74 77 190 -62 13 -162 -246 -6 -102 -185 236 -8 -18 -197 25 191 110 56 43 79 -59 35 -70 -98 -65 70 169 192 135 244 232 -45 -180 128 59 -41 245 -229 229 -224 -191 208 106 156 45 -66 26 8 30 11 -147 -232 240 122 -195 -106 154 189 -168 249 75 -123 9 -91 160 -31 234 36 28 -228 34 142 -179 241 7 -44 -144 -210 -100 165 -212 103 179 114 -89 58 101 -16 -174 -80 195 -135 -187 -96 170 87 92 167 -222 202 67 -39 -9 -183 109 -206 21 80 -190 84 -181 -93 215 176 22 -92 -141 -178 -1 -95 19 -48 -226 -115 131 0 -208 -146 -158 -171 161 239 50 125 -43 38 150 -26 211 -213 -201 27 37 -214 242 -67 118 -77 65 -125 -114 -17 144 -11 -75 -250 146 -243 -196 157 248 -131 -81 -152 -126 121 -188 -138 -215 218 220 -101 -219 -27 108 -177 -7 197 47 23 223 214 210 133 95 -161 -22 -38 164 138 -54 -107 181 71 83 235 243 -37 69 -170 -173 126 91 14 -225 86 178 -163 -134 -133 200 111 -49 -79 -24 -94 -13 2 6 -202 98 -227 88 100 147 201 -34 61 -140 159 -242 -30 5 -121 18 52 -99 -241 152 57 177 78 187 -108 162 12 -139 72 -127 -239 207 205 40 49 -118 224 141 -56 112 -164 204 60 102 130 -52 81 44 -14 134 85 96 153 3 -12 -87 -51 -40 -186 237 -88 143 -148 -156 -238 64 -165 -29 -128 -113 29 -216 194 -130 171 120 137 -237 -35 -76 -33 222 119 -74 -236 -240 97 238 173 -19 196 -192 90 -155 -21 -61 -116 136 -124 148 -217 -119 186 46 228 -58 140 -50 -231 -97 32 213 -247 180 -154 -230 62 149 -68 -5 -184 -28 168 -55 216 225 4 203 -145 -194 -207 24 233 -193 -223 123 -110 16 219 -209 76 188 115 -15 221 -182 53 -221 -71 -63 -25 -73 -82 -245 230 -199 -176 42 
TEST 25 ARG:127 -124 110 -166 166 -151 34 -182 -84 -132 96 187 98 -133 104 -206 95 31 -65 69 -209 -137 -191 -163 92 4 21 -34 -154 30 -100 -200 -197 -31 -130 -245 -16 237 -29 80 140 -115 23 198 -250 -113 -102 -231 -92 160 9 -199 -204 40 -156 124 178 -55 -155 68 -72 38 159 -8 -12 -216 87 51 -153 -201 165 -220 164 49 238 -237 90 -223 186 15 -134 75 189 -68 -208 -103 35 -53 -49 79 -207 1 -228 217 235 233 134 -99 -229 -122 -118 125 219 234 -170 -79 137 236 -194 -10 -135 86 94 -85 247 229 -50 -111 -193 -165 157 147 -74 71 188 -164 -244 -142 -60 168 -185 -75 -175 118 -202 197 81 249 227 56 -33 -188 162 221 -141 -41 -203 -56 50 -13 -248 201 -232 -195 -108 -121 206 223 76 65 97 -210 67 -3 109 243 -11 -52 -70 -227 73 48 -180 180 -214 88 27 129 -6 184 -109 18 -27 -89 -177 -192 -88 -25 -21 -196 121 -105 208 239 13 -221 -58 169 89 143 138 47 114 -59 -129 -42 2 41 -28 -240 -150 141 -147 85 -215 120 3 61 213 78 17 -93 -219 -101 -116 45 -64 101 174 158 8 112 24 -128 -69 -71 -26 -161 173 172 -131 -159 195 -54 -95 59 103 -172 77 -189 148 -235 102 -145 -40 240 -9 91 -44 36 225 153 -114 84 -139 -66 -238 32 -162 -205 150 -98 171 -73 -91 111 -241 26 29 244 -247 203 66 -82 -218 14 126 210 -5 -61 -174 142 -18 22 -1 54 -107 196 70 -104 33 -106 -239 7 -35 108 53 -126 -186 245 152 115 122 220 161 10 -24 191 204 -57 -236 214 44 63 60 -123 -76 -22 170 -217 -187 113 43 -148 -23 218 -67 0 149 -20 -226 -222 -47 177 182 -149 128 176 -179 241 190 -167 100 -169 39 74 52 -112 -225 25 46 64 6 -152 42 119 194 -90 -190 135 -144 -110 -39 83 144 181 -198 -157 -45 -15 -43 -234 72 -181 -171 -242 -80 -19 -146 99 -77 -97 136 107 -183 106 130 -4 -83 133 117 211 123 19 5 167 -176 62 105 57 226 -178 -51 248 -233 -87 -117 192 151 93 199 -211 -2 207 228 -230 -136 -30 20 -36 156 -213 -48 -32 -62 155 -173 -143 58 82 215 -158 -78 -138 179 -120 175 132 28 163 209 -46 16 -224 222 -63 183 -168 146 -7 232 216 11 205 131 -127 -212 185 139 -140 242 230 246 -14 -160 145 -17 -184 116 -249 -119 200 -246 -81 -96 55 202 224 12 193 37 231 -125 -38 212 -86 154 -243 -37 -94 
TEST 25 ARG:127 -124 110 -166 166 -151 34 -182 -84 -132 96 187 98 -133 104 -206 95 31 -65 69 -209 -137 -191 -163 92 4 21 -34 -154 30 -100 -200 -197 -31 -130 -245 -16 237 -29 80 140 -115 23 198 -250 -113 -102 -231 -92 160 9 -199 -204 40 -156 124 178 -55 -155 68 -72 38 159 -8 -12 -216 87 51 -153 -201 165 -220 164 49 238 -237 90 -223 186 15 -134 75 189 -68 -208 -103 35 -53 -49 79 -207 1 -228 217 235 233 134 -99 -229 -122 -118 125 219 234 -170 -79 137 236 -194 -10 -135 86 94 -85 247 229 -50 -111 -193 -165 157 147 -74 71 188 -164 -244 -142 -60 168 -185 -75 -175 118 -202 197 81 249 227 56 -33 -188 162 221 -141 -41 -203 -56 50 -13 -248 201 -232 -195 -108 -121 206 223 76 65 97 -210 67 -3 109 243 -11 -52 -70 -227 73 48 -180 180 -214 88 27 129 -6 184 -109 18 -27 -89 -177 -192 -88 -25 -21 -196 121 -105 208 239 13 -221 -58 169 89 143 138 47 114 -59 -129 -42 2 41 -28 -240 -150 141 -147 85 -215 120 3 61 213 78 17 -93 -219 -101 -116 45 -64 101 174 158 8 112 24 -128 -69 -71 -26 -161 173 172 -131 -159 195 -54 -95 59 103 -172 77 -189 148 -235 102 -145 -40 240 -9 91 -44 36 225 153 -114 84 -139 -66 -238 32 -162 -205 150 -98 171 -73 -91 111 -241 26 29 244 -247 203 66 -82 -218 14 126 210 -5 -61 -174 142 -18 22 -1 54 -107 196 70 -104 33 -106 -239 7 -35 108 53 -126 -186 245 152 115 122 220 161 10 -24 191 204 -57 -236 214 44 63 60 -123 -76 -22 170 -217 -187 113 43 -148 -23 218 -67 0 149 -20 -226 -222 -47 177 182 -149 128 176 -179 241 190 -167 100 -169 39 74 52 -112 -225 25 46 64 6 -152 42 119 194 -90 -190 135 -144 -110 -39 83 144 181 -198 -157 -45 -15 -43 -234 72 -181 -171 -242 -80 -19 -146 99 -77 -97 136 107 -183 106 130 -4 -83 133 117 211 123 19 5 167 -176 62 105 57 226 -178 -51 248 -233 -87 -117 192 151 93 199 -211 -2 207 228 -230 -136 -30 20 -36 156 -213 -48 -32 -62 155 -173 -143 58 82 215 -158 -78 -138 179 -120 175 132 28 163 209 -46 16 -224 222 -63 183 -168 146 -7 232 216 11 205 131 -127 -212 185 139 -140 242 230 246 -14 -160 145 -17 -184 116 -249 -119 200 -246 -81 -96 55 202 224 12 193 37 231 -125 -38 212 -86 154 -243 -37 -94 
TEST 26 ARG:64 -212 -140 118 -185 15 -227 242 -17 -242 -161 102 165 106 166 -162 -207 -82 234 -213 -166 180 -197 191 -178 -154 -143 -165 -127 220 -239 38 233 -247 -198 29 -219 -210 175 63 -245 104 -1 156 25 -135 182 149 0 128 -57 -44 207 219 228 155 -146 -92 -93 -25 76 -137 210 171 101 -238 -120 218 94 -200 82 204 136 163 196 -107 248 -38 -46 -139 192 -106 -116 40 -121 53 71 42 -211 70 -88 177 24 35 -202 183 62 77 178 -55 208 91 89 232 -56 56 -94 98 159 -138 -189 236 157 16 -41 -37 -84 214 -62 145 176 124 238 -110 -89 -204 -99 -164 -163 147 -173 240 -221 -192 -169 186 -83 37 -18 143 -187 -225 135 -36 109 -33 184 -191 137 -153 -75 129 -27 -22 -29 -232 222 43 138 -13 -103 85 108 -158 97 -209 148 -47 -53 205 -87 141 -115 152 36 69 -193 -231 13 -95 -205 -246 -184 80 158 32 -72 -174 -42 -68 -218 -11 -216 18 -160 126 7 -175 55 -147 -73 -104 -112 -188 90 -226 -4 153 81 229 226 5 48 115 -250 87 105 116 -206 -77 -21 -168 195 -243 -48 28 201 -6 27 188 23 162 -167 88 -19 -241 -15 193 -81 200 170 -123 241 -217 117 -50 -109 249 4 167 31 224 -133 -152 120 -186 19 78 -108 46 -111 -101 194 -136 65 221 54 134 144 -45 -157 110 -60 -30 -9 -54 51 -113 -208 189 -67 -90 20 179 -39 -201 -74 -61 -49 -58 -181 -150 50 -79 -51 168 -8 -203 -233 -114 -16 103 245 142 14 3 -222 -24 96 231 154 -171 -91 125 21 -248 -86 -119 206 -124 -32 140 211 -80 -172 83 -31 202 164 -244 -40 198 216 68 217 -69 -183 -170 73 246 84 -64 -10 -125 99 247 -149 139 -14 -228 -85 60 -234 33 -100 -195 123 -26 209 17 -12 174 225 112 -66 22 -2 -220 -215 -134 127 9 45 -7 -144 230 121 12 227 -3 -23 173 66 -129 34 -159 -229 -20 30 72 -237 133 244 100 215 169 67 44 151 203 213 95 52 -249 243 -128 -179 93 79 -180 59 235 119 -35 -236 -34 190 111 -70 -214 172 -52 -235 -59 -151 237 -63 8 114 150 -5 -65 187 -132 107 146 131 49 -78 -122 -117 75 132 -194 -145 -182 -224 130 92 -148 10 6 26 -177 181 -230 -126 -131 -176 -102 74 -199 -28 185 58 86 -130 57 1 -190 11 -105 -97 61 -118 47 -196 -155 -71 113 -76 -98 -96 197 41 239 39 -240 -142 212 223 -156 2 -141 122 -43 160 161 199 -223 
TEST 26 ARG:64 -212 -140 118 -185 15 -227 242 -17 -242 -161 102 165 106 166 -162 -207 -82 234 -213 -166 180 -197 191 -178 -154 -143 -165 -127 220 -239 38 233 -247 -198 29 -219 -210 175 63 -245 104 -1 156 25 -135 182 149 0 128 -57 -44 207 219 228 155 -146 -92 -93 -25 76 -137 210 171 101 -238 -120 218 94 -200 82 204 136 163 196 -107 248 -38 -46 -139 192 -106 -116 40 -121 53 71 42 -211 70 -88 177 24 35 -202 183 62 77 178 -55 208 91 89 232 -56 56 -94 98 159 -138 -189 236 157 16 -41 -37 -84 214 -62 145 176 124 238 -110 -89 -204 -99 -164 -163 147 -173 240 -221 -192 -169 186 -83 37 -18 143 -187 -225 135 -36 109 -33 184 -191 137 -153 -75 129 -27 -22 -29 -232 222 43 138 -13 -103 85 108 -158 97 -209 148 -47 -53 205 -87 141 -115 152 36 69 -193 -231 13 -95 -205 -246 -184 80 158 32 -72 -174 -42 -68 -218 -11 -216 18 -160 126 7 -175 55 -147 -73 -104 -112 -188 90 -226 -4 153 81 229 226 5 48 115 -250 87 105 116 -206 -77 -21 -168 195 -243 -48 28 201 -6 27 188 23 162 -167 88 -19 -241 -15 193 -81 200 170 -123 241 -217 117 -50 -109 249 4 167 31 224 -133 -152 120 -186 19 78 -108 46 -111 -101 194 -136 65 221 54 134 144 -45 -157 110 -60 -30 -9 -54 51 -113 -208 189 -67 -90 20 179 -39 -201 -74 -61 -49 -58 -181 -150 50 -79 -51 168 -8 -203 -233 -114 -16 103 245 142 14 3 -222 -24 96 231 154 -171 -91 125 21 -248 -86 -119 206 -124 -32 140 211 -80 -172 83 -31 202 164 -244 -40 198 216 68 217 -69 -183 -170 73 246 84 -64 -10 -125 99 247 -149 139 -14 -228 -85 60 -234 33 -100 -195 123 -26 209 17 -12 174 225 112 -66 22 -2 -220 -215 -134 127 9 45 -7 -144 230 121 12 227 -3 -23 173 66 -129 34 -159 -229 -20 30 72 -237 133 244 100 215 169 67 44 151 203 213 95 52 -249 243 -128 -179 93 79 -180 59 235 119 -35 -236 -34 190 111 -70 -214 172 -52 -235 -59 -151 237 -63 8 114 150 -5 -65 187 -132 107 146 131 49 -78 -122 -117 75 132 -194 -145 -182 -224 130 92 -148 10 6 26 -177 181 -230 -126 -131 -176 -102 74 -199 -28 185 58 86 -130 57 1 -190 11 -105 -97 61 -118 47 -196 -155 -71 113 -76 -98 -96 197 41 239 39 -240 -142 212 223 -156 2 -141 122 -43 160 161 199 -223 
TEST 27 ARG:247 -192 -206 -89 31 -33 -14 3 32 164 94 -39 -190 233 71 -82 -117 106 -191 181 42 147 -152 1 41 123 -74 -54 152 -125 248 -46 -40 60 -170 206 145 -250 70 -1 -94 121 222 230 40 -77 -52 -148 114 249 59 49 -114 -131 -208 -137 -204 171 96 -238 -145 201 -214 -37 -21 -174 101 -194 -73 47 136 135 -227 -235 -168 103 -222 -134 -132 28 -166 85 -189 100 156 140 18 -183 -87 38 157 89 183 -88 198 -193 52 -223 45 214 72 -121 -167 -44 -19 130 148 99 -78 200 -67 -91 161 -29 33 98 170 133 -130 68 44 35 -149 240 -241 -150 -141 21 144 197 -86 2 139 -213 189 -84 -133 218 239 -7 194 158 207 -90 -199 -219 -236 61 55 13 108 -36 80 -127 -49 17 -64 175 -202 77 -61 63 224 -105 -175 -48 -27 -239 128 149 -56 69 56 192 -161 179 102 235 176 -195 205 -143 -15 -68 185 -66 173 73 -200 -124 118 228 -12 -246 112 -11 169 -51 -92 97 -104 154 -103 -157 131 116 -41 115 -22 -196 67 -18 -126 -63 90 178 163 51 242 -138 196 246 105 -70 -57 -164 -216 -79 223 43 -212 15 -25 -109 -186 113 -180 -205 -244 4 8 -3 53 -10 -160 -201 -144 -181 0 -62 -232 93 243 159 64 -197 -240 -226 208 -203 210 75 -169 -120 172 -228 203 187 -111 -224 -69 -80 119 -123 209 -83 160 215 146 -156 65 58 193 -179 -101 -53 122 46 191 -135 -248 -30 86 -93 -81 -146 -242 -136 78 76 22 162 -65 126 111 -112 132 -147 167 -47 -129 88 177 -163 54 127 48 91 232 241 229 -209 -225 236 -97 -171 104 221 129 238 216 -173 -184 -211 -231 -185 -6 168 -4 125 50 25 16 27 29 -198 -154 -140 120 -60 237 -100 226 23 142 -221 -23 -107 -20 -207 -110 151 5 -122 -42 -187 -96 -247 244 231 -162 -218 165 -71 11 -28 -115 87 -106 -31 -119 220 -72 107 -108 -230 -13 -85 -75 150 -178 -237 138 -155 -176 -102 24 141 124 -172 -245 117 219 -34 166 -151 212 180 9 10 57 7 -26 -158 245 -113 -243 19 37 -45 217 182 -159 -249 110 227 186 -76 211 81 -43 74 225 -24 -153 6 83 -50 -188 174 153 -2 -215 -139 -233 -9 30 -128 79 -98 14 39 62 -116 -118 199 -95 -220 204 -182 188 36 66 143 134 195 -165 26 190 -177 -38 -234 -16 -35 184 -55 -210 -17 -58 109 -32 34 -99 -59 12 84 -8 82 92 95 234 202 -217 155 -229 137 -5 213 20 -142 
TEST 27 ARG:247 -192 -206 -89 31 -33 -14 3 32 164 94 -39 -190 233 71 -82 -117 106 -191 181 42 147 -152 1 41 123 -74 -54 152 -125 248 -46 -40 60 -170 206 145 -250 70 -1 -94 121 222 230 40 -77 -52 -148 114 249 59 49 -114 -131 -208 -137 -204 171 96 -238 -145 201 -214 -37 -21 -174 101 -194 -73 47 136 135 -227 -235 -168 103 -222 -134 -132 28 -166 85 -189 100 156 140 18 -183 -87 38 157 89 183 -88 198 -193 52 -223 45 214 72 -121 -167 -44 -19 130 148 99 -78 200 -67 -91 161 -29 33 98 170 133 -130 68 44 35 -149 240 -241 -150 -141 21 144 197 -86 2 139 -213 189 -84 -133 218 239 -7 194 158 207 -90 -199 -219 -236 61 55 13 108 -36 80 -127 -49 17 -64 175 -202 77 -61 63 224 -105 -175 -48 -27 -239 128 149 -56 69 56 192 -161 179 102 235 176 -195 205 -143 -15 -68 185 -66 173 73 -200 -124 118 228 -12 -246 112 -11 169 -51 -92 97 -104 154 -103 -157 131 116 -41 115 -22 -196 67 -18 -126 -63 90 178 163 51 242 -138 196 246 105 -70 -57 -164 -216 -79 223 43 -212 15 -25 -109 -186 113 -180 -205 -244 4 8 -3 53 -10 -160 -201 -144 -181 0 -62 -232 93 243 159 64 -197 -240 -226 208 -203 210 75 -169 -120 172 -228 203 187 -111 -224 -69 -80 119 -123 209 -83 160 215 146 -156 65 58 193 -179 -101 -53 122 46 191 -135 -248 -30 86 -93 -81 -146 -242 -136 78 76 22 162 -65 126 111 -112 132 -147 167 -47 -129 88 177 -163 54 127 48 91 232 241 229 -209 -225 236 -97 -171 104 221 129 238 216 -173 -184 -211 -231 -185 -6 168 -4 125 50 25 16 27 29 -198 -154 -140 120 -60 237 -100 226 23 142 -221 -23 -107 -20 -207 -110 151 5 -122 -42 -187 -96 -247 244 231 -162 -218 165 -71 11 -28 -115 87 -106 -31 -119 220 -72 107 -108 -230 -13 -85 -75 150 -178 -237 138 -155 -176 -102 24 141 124 -172 -245 117 219 -34 166 -151 212 180 9 10 57 7 -26 -158 245 -113 -243 19 37 -45 217 182 -159 -249 110 227 186 -76 211 81 -43 74 225 -24 -153 6 83 -50 -188 174 153 -2 -215 -139 -233 -9 30 -128 79 -98 14 39 62 -116 -118 199 -95 -220 204 -182 188 36 66 143 134 195 -165 26 190 -177 -38 -234 -16 -35 184 -55 -210 -17 -58 109 -32 34 -99 -59 12 84 -8 82 92 95 234 202 -217 155 -229 137 -5 213 20 -142 
TEST 28 ARG:48 -2 -154 -11 -50 50 -19 -84 107 -98 -137 -212 134 247 -72 7 1 -210 86 -46 178 -5 103 -236 94 81 32 -59 -91 196 17 212 216 -47 -177 -67 239 138 -22 63 -208 -121 137 -152 -206 -96 80 -130 -195 209 -161 -173 -218 -10 19 101 223 -185 -40 148 69 206 60 -244 -239 -151 -243 -48 90 -202 -24 14 -29 -199 -88 29 120 218 132 52 34 -17 122 12 -242 -75 -104 164 -232 177 117 193 183 21 57 227 233 -250 153 242 225 -203 214 82 182 -106 67 -138 92 25 194 68 -125 -230 49 -116 -4 -139 133 108 -53 -36 31 169 151 -55 189 139 -86 221 -204 168 16 -30 -247 -57 -238 66 -241 238 154 211 -197 -223 -186 198 -144 215 87 -237 140 -117 74 18 208 -118 -193 222 -69 -245 5 77 30 61 192 -103 -78 -246 -27 144 213 65 234 -73 -159 -60 113 -169 -52 241 -150 75 33 83 27 -249 -233 -180 56 -102 -191 -211 72 -198 152 -158 248 -28 -163 161 -248 -129 -43 232 -111 -114 175 40 219 197 41 62 -213 156 -94 -146 84 95 -95 -61 -66 43 39 -148 28 -44 217 -120 166 -207 -33 -124 143 -160 3 163 -113 199 -128 228 89 -15 -181 59 -156 141 -51 -122 205 -42 -108 -155 125 204 15 -132 160 -189 -216 54 170 -112 -178 -126 26 8 -6 -182 -13 -7 172 -168 210 58 116 111 93 150 88 121 159 -38 -89 -170 -123 245 158 73 126 -200 110 142 70 -192 100 -8 -83 187 64 -224 -16 71 -142 -172 -149 -62 165 76 -184 -157 -136 181 -187 129 24 249 180 167 112 -171 -63 220 146 -228 -90 -153 -219 -26 -226 -39 -194 -25 -165 -140 190 35 195 -56 -176 -222 -9 -215 -162 -64 -23 145 157 -231 -229 -49 118 -109 104 -205 -20 22 -174 -135 -74 224 -133 -79 91 -101 98 -145 -3 55 -134 207 -240 -65 -21 13 4 -183 37 124 -82 -131 231 9 47 130 -225 6 179 -14 97 -68 23 -81 53 20 -77 -58 -235 -35 -110 -97 -164 10 109 243 -105 176 229 -100 79 0 171 -31 246 230 185 -167 105 -196 -92 236 -115 45 -221 128 -107 188 -119 96 -201 119 -147 -32 11 131 155 38 -80 -227 184 -37 -70 44 237 -76 2 51 46 136 191 149 -220 -175 -143 -1 -45 -18 202 123 135 -188 -41 42 -209 -214 85 -141 -190 36 -87 -85 -217 -71 173 115 226 174 -93 99 200 -12 -54 -34 -166 78 102 244 240 147 -234 114 162 127 -179 235 201 203 -127 -99 186 106 
TEST 28 ARG:48 -2 -154 -11 -50 50 -19 -84 107 -98 -137 -212 134 247 -72 7 1 -210 86 -46 178 -5 103 -236 94 81 32 -59 -91 196 17 212 216 -47 -177 -67 239 138 -22 63 -208 -121 137 -152 -206 -96 80 -130 -195 209 -161 -173 -218 -10 19 101 223 -185 -40 148 69 206 60 -244 -239 -151 -243 -48 90 -202 -24 14 -29 -199 -88 29 120 218 132 52 34 -17 122 12 -242 -75 -104 164 -232 177 117 193 183 21 57 227 233 -250 153 242 225 -203 214 82 182 -106 67 -138 92 25 194 68 -125 -230 49 -116 -4 -139 133 108 -53 -36 31 169 151 -55 189 139 -86 221 -204 168 16 -30 -247 -57 -238 66 -241 238 154 211 -197 -223 -186 198 -144 215 87 -237 140 -117 74 18 208 -118 -193 222 -69 -245 5 77 30 61 192 -103 -78 -246 -27 144 213 65 234 -73 -159 -60 113 -169 -52 241 -150 75 33 83 27 -249 -233 -180 56 -102 -191 -211 72 -198 152 -158 248 -28 -163 161 -248 -129 -43 232 -111 -114 175 40 219 197 41 62 -213 156 -94 -146 84 95 -95 -61 -66 43 39 -148 28 -44 217 -120 166 -207 -33 -124 143 -160 3 163 -113 199 -128 228 89 -15 -181 59 -156 141 -51 -122 205 -42 -108 -155 125 204 15 -132 160 -189 -216 54 170 -112 -178 -126 26 8 -6 -182 -13 -7 172 -168 210 58 116 111 93 150 88 121 159 -38 -89 -170 -123 245 158 73 126 -200 110 142 70 -192 100 -8 -83 187 64 -224 -16 71 -142 -172 -149 -62 165 76 -184 -157 -136 181 -187 129 24 249 180 167 112 -171 -63 220 146 -228 -90 -153 -219 -26 -226 -39 -194 -25 -165 -140 190 35 195 -56 -176 -222 -9 -215 -162 -64 -23 145 157 -231 -229 -49 118 -109 104 -205 -20 22 -174 -135 -74 224 -133 -79 91 -101 98 -145 -3 55 -134 207 -240 -65 -21 13 4 -183 37 124 -82 -131 231 9 47 130 -225 6 179 -14 97 -68 23 -81 53 20 -77 -58 -235 -35 -110 -97 -164 10 109 243 -105 176 229 -100 79 0 171 -31 246 230 185 -167 105 -196 -92 236 -115 45 -221 128 -107 188 -119 96 -201 119 -147 -32 11 131 155 38 -80 -227 184 -37 -70 44 237 -76 2 51 46 136 191 149 -220 -175 -143 -1 -45 -18 202 123 135 -188 -41 42 -209 -214 85 -141 -190 36 -87 -85 -217 -71 173 115 226 174 -93 99 200 -12 -54 -34 -166 78 102 244 240 147 -234 114 162 127 -179 235 201 203 -127 -99 186 106 
TEST 29 ARG:198 230 -238 -15 -214 -178 49 166 -16 -184 -128 219 -185 -8 -123 -91 147 40 -196 -35 -152 23 87 208 228 -25 27 146 -177 -57 -197 192 128 100 225 178 -106 -181 74 25 -20 -186 45 -46 11 -133 -70 187 -14 75 71 -143 137 -135 73 -85 214 77 140 -146 -42 -173 -55 106 -33 48 -34 117 -109 167 2 148 -75 29 235 54 204 68 -218 158 -68 121 3 -54 -248 183 -136 244 -149 -155 -132 78 205 -120 -82 -17 143 168 149 58 -121 -150 60 224 -80 70 52 -113 -236 216 82 41 92 -203 10 -221 -160 133 119 -4 -220 180 -48 -231 -102 -179 -162 -10 195 109 151 -63 -213 215 -182 -37 -188 223 -142 -31 163 -180 -223 18 174 39 -194 12 -230 85 157 -125 -78 -110 -97 -175 113 -21 141 -60 161 126 129 -147 17 -183 212 -89 156 -107 203 83 -229 -112 153 -187 -114 -67 -137 -211 -219 30 13 89 61 -131 -65 242 -88 247 220 -45 -84 -172 164 -174 -56 -95 -23 -168 19 42 246 63 -199 130 35 -159 194 -11 -130 -153 218 201 -189 -103 -227 -209 -235 -226 -83 -202 -241 -145 21 188 243 46 -28 64 -79 -93 160 191 104 238 72 125 200 -51 135 -38 232 -62 -192 184 179 226 211 -71 -207 176 -29 -53 94 -40 36 38 233 -232 239 -101 136 -94 -5 103 165 -92 95 -6 -239 96 177 -61 -1 8 -249 110 -139 90 234 79 -141 105 122 159 114 240 -104 108 -41 -167 217 -108 150 138 -217 -169 173 -208 81 -243 221 -215 190 -154 43 -200 185 -222 181 -195 124 -193 -210 189 210 131 55 80 28 34 53 32 67 -212 6 -49 142 97 -73 69 -129 -245 -124 186 86 37 -105 14 -74 123 169 229 76 20 0 -138 -148 -27 118 -87 -170 5 127 -36 182 16 -140 -156 193 236 249 237 65 -161 93 24 -86 -22 -3 -134 -244 -98 31 -240 26 -2 213 -216 50 -58 -47 199 -64 -242 248 -111 59 172 9 47 -190 206 84 -19 209 -165 120 -246 -99 116 -171 144 -157 -163 -96 -13 175 231 227 102 7 91 66 -81 -201 222 -127 51 62 112 -100 162 -76 101 56 -39 139 -115 -32 -9 -224 -24 -12 -44 -30 44 145 99 -117 202 -228 196 -204 -119 98 -233 -116 134 -237 155 -126 -50 -198 57 -66 -205 88 -164 -247 -59 -250 171 241 -77 -69 4 -144 22 -26 33 -72 -166 111 -118 1 -191 154 -176 197 132 170 245 -43 107 -90 -122 -52 -151 207 -7 -234 -225 15 -18 -206 152 -158 115 
TEST 29 ARG:198 230 -238 -15 -214 -178 49 166 -16 -184 -128 219 -185 -8 -123 -91 147 40 -196 -35 -152 23 87 208 228 -25 27 146 -177 -57 -197 192 128 100 225 178 -106 -181 74 25 -20 -186 45 -46 11 -133 -70 187 -14 75 71 -143 137 -135 73 -85 214 77 140 -146 -42 -173 -55 106 -33 48 -34 117 -109 167 2 148 -75 29 235 54 204 68 -218 158 -68 121 3 -54 -248 183 -136 244 -149 -155 -132 78 205 -120 -82 -17 143 168 149 58 -121 -150 60 224 -80 70 52 -113 -236 216 82 41 92 -203 10 -221 -160 133 119 -4 -220 180 -48 -231 -102 -179 -162 -10 195 109 151 -63 -213 215 -182 -37 -188 223 -142 -31 163 -180 -223 18 174 39 -194 12 -230 85 157 -125 -78 -110 -97 -175 113 -21 141 -60 161 126 129 -147 17 -183 212 -89 156 -107 203 83 -229 -112 153 -187 -114 -67 -137 -211 -219 30 13 89 61 -131 -65 242 -88 247 220 -45 -84 -172 164 -174 -56 -95 -23 -168 19 42 246 63 -199 130 35 -159 194 -11 -130 -153 218 201 -189 -103 -227 -209 -235 -226 -83 -202 -241 -145 21 188 243 46 -28 64 -79 -93 160 191 104 238 72 125 200 -51 135 -38 232 -62 -192 184 179 226 211 -71 -207 176 -29 -53 94 -40 36 38 233 -232 239 -101 136 -94 -5 103 165 -92 95 -6 -239 96 177 -61 -1 8 -249 110 -139 90 234 79 -141 105 122 159 114 240 -104 108 -41 -167 217 -108 150 138 -217 -169 173 -208 81 -243 221 -215 190 -154 43 -200 185 -222 181 -195 124 -193 -210 189 210 131 55 80 28 34 53 32 67 -212 6 -49 142 97 -73 69 -129 -245 -124 186 86 37 -105 14 -74 123 169 229 76 20 0 -138 -148 -27 118 -87 -170 5 127 -36 182 16 -140 -156 193 236 249 237 65 -161 93 24 -86 -22 -3 -134 -244 -98 31 -240 26 -2 213 -216 50 -58 -47 199 -64 -242 248 -111 59 172 9 47 -190 206 84 -19 209 -165 120 -246 -99 116 -171 144 -157 -163 -96 -13 175 231 227 102 7 91 66 -81 -201 222 -127 51 62 112 -100 162 -76 101 56 -39 139 -115 -32 -9 -224 -24 -12 -44 -30 44 145 99 -117 202 -228 196 -204 -119 98 -233 -116 134 -237 155 -126 -50 -198 57 -66 -205 88 -164 -247 -59 -250 171 241 -77 -69 4 -144 22 -26 33 -72 -166 111 -118 1 -191 154 -176 197 132 170 245 -43 107 -90 -122 -52 -151 207 -7 -234 -225 15 -18 -206 152 -158 115 
TEST 30 ARG:138 -149 -135 -3 -87 41 160 -111 12 -33 -188 -167 242 -13 188 97 -134 -145 -153 -250 -126 201 -69 145 51 72 161 -80 -68 -102 -237 -119 -46 179 -89 187 -11 -78 -130 52 220 229 -128 147 37 -152 -70 -202 209 -190 -72 195 -183 126 162 -47 -241 -114 -186 -185 2 -131 213 114 -218 -216 -212 88 -30 -101 -177 -217 81 26 -82 169 -15 77 -66 129 -49 -6 24 102 -209 27 -234 -94 123 -172 -150 47 71 61 -127 -115 -142 -117 -244 -143 -32 141 -195 55 194 206 132 -157 96 -84 -55 -121 29 -8 113 13 -58 91 -249 -99 -184 -81 42 109 192 238 69 -240 -104 87 31 59 -187 200 0 94 -163 18 -90 198 122 -50 182 -12 -54 17 6 -192 -106 202 45 111 23 -238 163 -197 -125 -39 -59 -166 -220 28 -29 -57 -25 53 249 143 -180 -221 245 -24 -242 -129 -18 -235 -226 127 228 98 -154 148 -34 244 150 -44 -175 -214 -14 136 -53 -124 216 -179 -225 -148 -7 -138 75 7 -107 -65 -211 178 211 40 -137 -245 -1 89 203 -28 105 -136 -116 121 210 -27 -191 124 120 56 205 -96 -194 159 33 175 93 -75 -62 -83 119 -38 -132 186 54 -182 -223 95 84 3 -35 189 107 -231 235 -207 131 79 50 60 193 236 246 -42 38 164 -63 64 -31 36 -22 247 118 233 -144 151 -246 222 -19 -103 125 15 -189 -86 -98 -141 223 85 1 -168 -204 181 -91 -10 128 146 -139 -123 191 16 57 180 -45 214 -176 -120 239 -17 -228 86 -21 76 14 62 217 66 140 184 208 -205 9 190 197 67 -215 -196 106 248 -64 -224 116 218 104 73 -23 -160 204 49 177 -171 112 -248 230 -79 -155 -20 154 -122 70 -227 22 134 -105 -113 -41 83 90 108 -170 207 100 215 -206 74 -243 78 35 167 -118 8 -5 -95 -40 25 -239 -151 58 199 -208 -85 -236 -159 21 226 43 101 212 92 -219 166 -222 63 80 10 165 5 153 173 48 156 -213 -112 117 -74 -93 172 231 103 -26 20 137 -161 4 130 -67 -210 -201 -71 221 240 234 185 -16 170 196 227 19 -109 -60 176 46 168 237 183 225 -162 -232 44 65 241 -73 -200 149 -77 -140 -108 -110 110 -173 -9 32 -133 158 224 -97 -247 -4 115 -158 -229 -61 139 -92 243 -178 -48 171 232 174 -164 219 155 -36 -230 -198 -76 -174 68 157 99 -146 39 144 -56 -203 -199 -2 -100 -169 -147 -52 -193 -51 -156 11 34 -181 152 -37 133 135 -233 -43 30 82 -88 -165 142 
TEST 30 ARG:138 -149 -135 -3 -87 41 160 -111 12 -33 -188 -167 242 -13 188 97 -134 -145 -153 -250 -126 201 -69 145 51 72 161 -80 -68 -102 -237 -119 -46 179 -89 187 -11 -78 -130 52 220 229 -128 147 37 -152 -70 -202 209 -190 -72 195 -183 126 162 -47 -241 -114 -186 -185 2 -131 213 114 -218 -216 -212 88 -30 -101 -177 -217 81 26 -82 169 -15 77 -66 129 -49 -6 24 102 -209 27 -234 -94 123 -172 -150 47 71 61 -127 -115 -142 -117 -244 -143 -32 141 -195 55 194 206 132 -157 96 -84 -55 -121 29 -8 113 13 -58 91 -249 -99 -184 -81 42 109 192 238 69 -240 -104 87 31 59 -187 200 0 94 -163 18 -90 198 122 -50 182 -12 -54 17 6 -192 -106 202 45 111 23 -238 163 -197 -125 -39 -59 -166 -220 28 -29 -57 -25 53 249 143 -180 -221 245 -24 -242 -129 -18 -235 -226 127 228 98 -154 148 -34 244 150 -44 -175 -214 -14 136 -53 -124 216 -179 -225 -148 -7 -138 75 7 -107 -65 -211 178 211 40 -137 -245 -1 89 203 -28 105 -136 -116 121 210 -27 -191 124 120 56 205 -96 -194 159 33 175 93 -75 -62 -83 119 -38 -132 186 54 -182 -223 95 84 3 -35 189 107 -231 235 -207 131 79 50 60 193 236 246 -42 38 164 -63 64 -31 36 -22 247 118 233 -144 151 -246 222 -19 -103 125 15 -189 -86 -98 -141 223 85 1 -168 -204 181 -91 -10 128 146 -139 -123 191 16 57 180 -45 214 -176 -120 239 -17 -228 86 -21 76 14 62 217 66 140 184 208 -205 9 190 197 67 -215 -196 106 248 -64 -224 116 218 104 73 -23 -160 204 49 177 -171 112 -248 230 -79 -155 -20 154 -122 70 -227 22 134 -105 -113 -41 83 90 108 -170 207 100 215 -206 74 -243 78 35 167 -118 8 -5 -95 -40 25 -239 -151 58 199 -208 -85 -236 -159 21 226 43 101 212 92 -219 166 -222 63 80 10 165 5 153 173 48 156 -213 -112 117 -74 -93 172 231 103 -26 20 137 -161 4 130 -67 -210 -201 -71 221 240 234 185 -16 170 196 227 19 -109 -60 176 46 168 237 183 225 -162 -232 44 65 241 -73 -200 149 -77 -140 -108 -110 110 -173 -9 32 -133 158 224 -97 -247 -4 115 -158 -229 -61 139 -92 243 -178 -48 171 232 174 -164 219 155 -36 -230 -198 -76 -174 68 157 99 -146 39 144 -56 -203 -199 -2 -100 -169 -147 -52 -193 -51 -156 11 34 -181 152 -37 133 135 -233 -43 30 82 -88 -165 142 
TEST 31 ARG:119 139 -147 -87 -34 51 2 209 -179 -14 166 -210 21 160 -130 -177 -182 -89 62 226 216 -250 151 91 -247 18 -49 -239 -236 33 -161 -145 -169 31 179 -29 67 -230 101 -137 -201 9 48 4 -135 -172 -9 -141 96 -71 46 150 8 -22 116 195 105 85 -92 202 69 56 -50 35 -125 153 -152 -190 -200 -173 20 -158 -203 -248 196 -212 210 183 60 164 185 -197 -35 229 11 -187 -246 6 -12 -98 178 74 -16 234 175 53 177 -47 -163 -30 -23 -102 207 -207 49 -79 -55 -3 12 0 134 -209 -37 237 -2 -38 -132 -129 -159 194 232 59 -104 78 110 -244 -122 -90 154 -114 -54 93 -221 -168 -101 19 42 44 -165 54 -167 -237 124 84 214 122 61 133 83 -115 -119 36 -213 -46 27 -68 -204 77 16 -157 162 -56 -188 -234 -228 -53 242 -73 114 90 -123 -198 45 -91 157 -166 25 112 -106 28 -5 141 -59 172 -108 108 152 -88 97 -171 -11 29 143 -7 -26 55 98 130 180 171 -227 -241 -100 -76 -118 37 -153 -202 -51 -156 -218 102 217 247 52 -196 -41 -199 -225 40 239 208 -139 -36 -164 -136 -142 -181 190 -19 113 7 -151 -10 47 -99 39 -243 -6 -67 -120 -44 70 -138 -60 63 -103 191 126 -189 -82 131 80 10 231 140 -21 221 244 203 136 34 -128 -206 -175 212 -1 38 -178 -31 -116 200 81 64 -194 -133 -214 -150 88 41 248 -48 181 17 227 -57 197 187 129 115 -15 -143 106 146 3 -112 243 -148 86 43 -58 -24 -220 241 -20 -140 188 144 199 -121 30 87 -186 -72 94 225 218 -78 -94 -215 -65 213 174 -66 238 -144 -224 233 -96 -107 111 -4 100 72 -217 58 121 -174 184 57 -160 5 159 -231 -238 170 -109 -183 -117 228 -25 -222 -80 118 -205 205 222 156 -124 92 -63 155 -149 235 -245 -235 204 123 -74 -193 132 -240 -242 168 -77 138 99 103 26 -223 104 -45 201 145 137 -131 -180 13 -134 -219 120 167 206 161 147 220 -249 -229 -176 -146 -18 230 109 -111 245 176 -216 173 -232 -185 95 117 -127 240 -191 215 -208 -83 -211 -184 125 50 -95 14 -97 -105 148 -13 -226 24 66 -70 165 -81 1 -162 22 68 82 128 -8 149 107 -62 -93 193 -85 219 249 142 -126 192 -27 71 135 32 189 -84 -155 -52 -170 -43 -86 -32 -69 15 -33 169 158 -42 182 -113 224 23 -28 -233 -195 211 246 163 -75 -110 186 76 -64 198 75 223 127 79 89 -40 65 -17 73 -192 -39 -61 -154 236 
TEST 31 ARG:119 139 -147 -87 -34 51 2 209 -179 -14 166 -210 21 160 -130 -177 -182 -89 62 226 216 -250 151 91 -247 18 -49 -239 -236 33 -161 -145 -169 31 179 -29 67 -230 101 -137 -201 9 48 4 -135 -172 -9 -141 96 -71 46 150 8 -22 116 195 105 85 -92 202 69 56 -50 35 -125 153 -152 -190 -200 -173 20 -158 -203 -248 196 -212 210 183 60 164 185 -197 -35 229 11 -187 -246 6 -12 -98 178 74 -16 234 175 53 177 -47 -163 -30 -23 -102 207 -207 49 -79 -55 -3 12 0 134 -209 -37 237 -2 -38 -132 -129 -159 194 232 59 -104 78 110 -244 -122 -90 154 -114 -54 93 -221 -168 -101 19 42 44 -165 54 -167 -237 124 84 214 122 61 133 83 -115 -119 36 -213 -46 27 -68 -204 77 16 -157 162 -56 -188 -234 -228 -53 242 -73 114 90 -123 -198 45 -91 157 -166 25 112 -106 28 -5 141 -59 172 -108 108 152 -88 97 -171 -11 29 143 -7 -26 55 98 130 180 171 -227 -241 -100 -76 -118 37 -153 -202 -51 -156 -218 102 217 247 52 -196 -41 -199 -225 40 239 208 -139 -36 -164 -136 -142 -181 190 -19 113 7 -151 -10 47 -99 39 -243 -6 -67 -120 -44 70 -138 -60 63 -103 191 126 -189 -82 131 80 10 231 140 -21 221 244 203 136 34 -128 -206 -175 212 -1 38 -178 -31 -116 200 81 64 -194 -133 -214 -150 88 41 248 -48 181 17 227 -57 197 187 129 115 -15 -143 106 146 3 -112 243 -148 86 43 -58 -24 -220 241 -20 -140 188 144 199 -121 30 87 -186 -72 94 225 218 -78 -94 -215 -65 213 174 -66 238 -144 -224 233 -96 -107 111 -4 100 72 -217 58 121 -174 184 57 -160 5 159 -231 -238 170 -109 -183 -117 228 -25 -222 -80 118 -205 205 222 156 -124 92 -63 155 -149 235 -245 -235 204 123 -74 -193 132 -240 -242 168 -77 138 99 103 26 -223 104 -45 201 145 137 -131 -180 13 -134 -219 120 167 206 161 147 220 -249 -229 -176 -146 -18 230 109 -111 245 176 -216 173 -232 -185 95 117 -127 240 -191 215 -208 -83 -211 -184 125 50 -95 14 -97 -105 148 -13 -226 24 66 -70 165 -81 1 -162 22 68 82 128 -8 149 107 -62 -93 193 -85 219 249 142 -126 192 -27 71 135 32 189 -84 -155 -52 -170 -43 -86 -32 -69 15 -33 169 158 -42 182 -113 224 23 -28 -233 -195 211 246 163 -75 -110 186 76 -64 198 75 223 127 79 89 -40 65 -17 73 -192 -39 -61 -154 236 
TEST 32 ARG:14 127 -14 -234 -97 -78 -113 143 178 -116 -4 110 -127 134 214 -214 -148 245 94 154 -188 247 123 179 -180 98 -11 185 -165 -126 -142 -158 160 -13 -94 -12 166 246 -226 105 82 -8 83 -238 -242 -231 217 -17 -48 169 36 237 213 248 18 228 -207 6 -177 243 -164 209 244 -182 -62 -67 23 20 24 -136 70 -168 157 -218 54 -27 174 39 -15 142 -151 -140 -88 -212 29 -239 -143 41 4 -137 80 -206 7 -220 188 -175 -241 -65 -161 -201 -125 19 -80 -82 35 163 -200 124 189 -145 109 -121 -66 181 -132 -228 164 -10 -169 81 182 -99 95 -103 -154 15 -100 158 1 77 -22 33 230 -50 -189 -196 38 183 238 76 60 -29 168 27 -153 48 199 58 32 227 96 233 -55 234 125 25 225 -216 91 159 -49 -3 -172 -84 -135 -147 -23 90 -112 -163 -111 170 -198 232 -160 -63 172 220 0 -245 -54 -144 -1 -115 200 71 17 106 31 -93 87 -191 11 -181 52 175 -194 141 -122 -138 -210 155 131 -233 211 205 -41 -107 74 242 -5 136 -183 -250 -185 224 -98 137 148 249 -91 69 63 107 -162 -124 -9 21 108 152 -190 -44 114 -178 153 37 132 -38 -69 -35 -53 59 100 -73 -229 75 165 -131 138 -64 -224 195 -141 -202 -170 -155 -6 49 190 104 -248 -71 -128 -28 -109 135 -70 197 -129 218 -152 -213 51 -57 -232 -209 47 149 88 66 78 -92 -24 -87 -81 8 140 -85 -197 206 -18 221 -77 144 145 -156 99 -60 34 216 180 -34 -173 115 -134 -193 -16 -61 -240 -120 186 10 65 -243 -2 -215 16 -26 -40 -51 240 -199 -236 -75 -72 -150 173 -149 226 203 -249 241 -106 64 -230 -110 -123 229 103 204 -118 -221 -219 -244 9 -89 -208 167 -101 191 -31 26 -176 150 -37 -76 184 -179 -56 113 -192 -32 79 147 139 102 -167 -184 2 -174 93 156 85 -33 57 -42 84 68 133 -117 92 45 -45 239 72 126 -74 171 53 -20 -159 -146 -36 -237 -171 196 -43 219 62 -225 -21 128 151 -86 73 3 -222 -58 -227 231 40 -25 -211 193 -79 236 89 67 101 -217 5 -39 86 187 55 198 -52 129 -104 -133 -102 192 176 -47 -205 -203 -223 122 -166 -95 212 22 130 13 -186 -235 43 -19 -157 -59 61 30 118 111 -96 -68 -119 146 -204 -246 50 222 -105 116 194 210 46 161 -90 162 -7 215 112 12 -187 177 -46 207 44 202 -30 -195 97 -130 120 223 -114 56 208 -83 121 -108 119 117 201 -139 28 -247 235 42 
TEST 32 ARG:14 127 -14 -234 -97 -78 -113 143 178 -116 -4 110 -127 134 214 -214 -148 245 94 154 -188 247 123 179 -180 98 -11 185 -165 -126 -142 -158 160 -13 -94 -12 166 246 -226 105 82 -8 83 -238 -242 -231 217 -17 -48 169 36 237 213 248 18 228 -207 6 -177 243 -164 209 244 -182 -62 -67 23 20 24 -136 70 -168 157 -218 54 -27 174 39 -15 142 -151 -140 -88 -212 29 -239 -143 41 4 -137 80 -206 7 -220 188 -175 -241 -65 -161 -201 -125 19 -80 -82 35 163 -200 124 189 -145 109 -121 -66 181 -132 -228 164 -10 -169 81 182 -99 95 -103 -154 15 -100 158 1 77 -22 33 230 -50 -189 -196 38 183 238 76 60 -29 168 27 -153 48 199 58 32 227 96 233 -55 234 125 25 225 -216 91 159 -49 -3 -172 -84 -135 -147 -23 90 -112 -163 -111 170 -198 232 -160 -63 172 220 0 -245 -54 -144 -1 -115 200 71 17 106 31 -93 87 -191 11 -181 52 175 -194 141 -122 -138 -210 155 131 -233 211 205 -41 -107 74 242 -5 136 -183 -250 -185 224 -98 137 148 249 -91 69 63 107 -162 -124 -9 21 108 152 -190 -44 114 -178 153 37 132 -38 -69 -35 -53 59 100 -73 -229 75 165 -131 138 -64 -224 195 -141 -202 -170 -155 -6 49 190 104 -248 -71 -128 -28 -109 135 -70 197 -129 218 -152 -213 51 -57 -232 -209 47 149 88 66 78 -92 -24 -87 -81 8 140 -85 -197 206 -18 221 -77 144 145 -156 99 -60 34 216 180 -34 -173 115 -134 -193 -16 -61 -240 -120 186 10 65 -243 -2 -215 16 -26 -40 -51 240 -199 -236 -75 -72 -150 173 -149 226 203 -249 241 -106 64 -230 -110 -123 229 103 204 -118 -221 -219 -244 9 -89 -208 167 -101 191 -31 26 -176 150 -37 -76 184 -179 -56 113 -192 -32 79 147 139 102 -167 -184 2 -174 93 156 85 -33 57 -42 84 68 133 -117 92 45 -45 239 72 126 -74 171 53 -20 -159 -146 -36 -237 -171 196 -43 219 62 -225 -21 128 151 -86 73 3 -222 -58 -227 231 40 -25 -211 193 -79 236 89 67 101 -217 5 -39 86 187 55 198 -52 129 -104 -133 -102 192 176 -47 -205 -203 -223 122 -166 -95 212 22 130 13 -186 -235 43 -19 -157 -59 61 30 118 111 -96 -68 -119 146 -204 -246 50 222 -105 116 194 210 46 161 -90 162 -7 215 112 12 -187 177 -46 207 44 202 -30 -195 97 -130 120 223 -114 56 208 -83 121 -108 119 117 201 -139 28 -247 235 42 
TEST 33 ARG:-67 -162 -144 -201 -204 -175 -112 -232 -243 63 -47 75 -75 -126 91 241 129 100 -224 -223 -78 177 -181 119 32 192 203 226 -248 -35 69 -155 155 -113 -212 -80 -18 113 -59 188 -104 194 99 -174 62 159 169 97 -121 -22 -249 -4 223 -28 221 104 240 20 207 -164 -168 -165 12 111 -8 83 16 -118 147 38 -86 81 -92 -93 56 -231 -50 196 182 -226 236 9 66 -178 -138 230 172 139 -157 11 103 -207 41 201 6 65 -21 141 -135 108 -239 123 42 -110 -170 14 109 -116 214 122 -159 175 -238 -179 -42 35 -171 143 87 180 -209 228 -217 -133 206 110 190 -23 -87 17 200 137 -245 244 70 -109 0 -146 -63 -136 -200 -130 -127 95 -74 -152 -210 21 36 237 -142 -16 115 40 -89 134 90 239 -114 -193 74 -97 183 51 -125 28 -225 -182 -151 220 157 125 -99 2 79 53 -83 -79 30 249 -222 -218 -154 -29 50 37 -69 19 -13 -32 130 -41 72 138 173 246 -11 -26 -190 43 187 140 234 202 166 193 -34 -107 -5 27 -96 -77 -1 -94 47 -62 -58 -250 85 242 224 77 -51 64 -9 -72 82 191 57 -48 -242 -172 -71 -188 114 52 -39 -103 5 212 248 204 -202 98 31 78 80 -185 -46 10 -98 -128 -6 67 88 209 -199 -36 133 -147 -198 8 93 128 -106 -120 136 165 243 -117 -219 -235 -2 1 -160 -84 -206 22 149 163 -14 -145 -3 46 153 219 -156 25 -173 216 -129 -233 152 -70 55 195 24 -205 -15 -161 13 235 208 178 150 112 -108 197 107 164 146 -194 185 -31 211 -214 -111 -64 116 181 -240 102 7 142 -65 -177 -236 -119 145 186 174 -158 101 199 96 131 71 -38 -139 -195 61 106 -102 -124 -33 -246 144 49 -12 117 -191 -122 -81 -100 -220 -208 -140 -73 -40 -216 229 45 -234 -30 58 -189 160 -132 26 44 225 48 -163 -241 54 -105 92 94 -88 -95 205 176 222 -203 -149 -184 60 -186 -24 179 -123 148 -176 189 -27 -52 151 -57 -66 33 -228 15 127 -115 -43 73 120 -227 -17 126 -137 59 -169 184 3 217 34 158 -61 76 132 -229 68 86 -213 -90 29 121 -91 -183 -56 -153 233 23 -45 -25 210 167 105 -55 -141 -221 -215 238 -247 -44 -20 -10 -230 -166 4 -54 245 84 124 18 -211 118 171 -187 -180 -244 -7 218 247 -101 -76 215 -167 -53 161 232 -148 170 -237 -19 39 213 162 -143 168 135 -37 -82 154 156 198 -192 -197 89 -85 -49 -134 -196 -131 227 231 -60 -150 -68 
TEST 33 ARG:-67 -162 -144 -201 -204 -175 -112 -232 -243 63 -47 75 -75 -126 91 241 129 100 -224 -223 -78 177 -181 119 32 192 203 226 -248 -35 69 -155 155 -113 -212 -80 -18 113 -59 188 -104 194 99 -174 62 159 169 97 -121 -22 -249 -4 223 -28 221 104 240 20 207 -164 -168 -165 12 111 -8 83 16 -118 147 38 -86 81 -92 -93 56 -231 -50 196 182 -226 236 9 66 -178 -138 230 172 139 -157 11 103 -207 41 201 6 65 -21 141 -135 108 -239 123 42 -110 -170 14 109 -116 214 122 -159 175 -238 -179 -42 35 -171 143 87 180 -209 228 -217 -133 206 110 190 -23 -87 17 200 137 -245 244 70 -109 0 -146 -63 -136 -200 -130 -127 95 -74 -152 -210 21 36 237 -142 -16 115 40 -89 134 90 239 -114 -193 74 -97 183 51 -125 28 -225 -182 -151 220 157 125 -99 2 79 53 -83 -79 30 249 -222 -218 -154 -29 50 37 -69 19 -13 -32 130 -41 72 138 173 246 -11 -26 -190 43 187 140 234 202 166 193 -34 -107 -5 27 -96 -77 -1 -94 47 -62 -58 -250 85 242 224 77 -51 64 -9 -72 82 191 57 -48 -242 -172 -71 -188 114 52 -39 -103 5 212 248 204 -202 98 31 78 80 -185 -46 10 -98 -128 -6 67 88 209 -199 -36 133 -147 -198 8 93 128 -106 -120 136 165 243 -117 -219 -235 -2 1 -160 -84 -206 22 149 163 -14 -145 -3 46 153 219 -156 25 -173 216 -129 -233 152 -70 55 195 24 -205 -15 -161 13 235 208 178 150 112 -108 197 107 164 146 -194 185 -31 211 -214 -111 -64 116 181 -240 102 7 142 -65 -177 -236 -119 145 186 174 -158 101 199 96 131 71 -38 -139 -195 61 106 -102 -124 -33 -246 144 49 -12 117 -191 -122 -81 -100 -220 -208 -140 -73 -40 -216 229 45 -234 -30 58 -189 160 -132 26 44 225 48 -163 -241 54 -105 92 94 -88 -95 205 176 222 -203 -149 -184 60 -186 -24 179 -123 148 -176 189 -27 -52 151 -57 -66 33 -228 15 127 -115 -43 73 120 -227 -17 126 -137 59 -169 184 3 217 34 158 -61 76 132 -229 68 86 -213 -90 29 121 -91 -183 -56 -153 233 23 -45 -25 210 167 105 -55 -141 -221 -215 238 -247 -44 -20 -10 -230 -166 4 -54 245 84 124 18 -211 118 171 -187 -180 -244 -7 218 247 -101 -76 215 -167 -53 161 232 -148 170 -237 -19 39 213 162 -143 168 135 -37 -82 154 156 198 -192 -197 89 -85 -49 -134 -196 -131 227 231 -60 -150 -68 
TEST 34 ARG:244 -248 -168 -55 -250 -174 134 -172 192 -99 -239 104 -218 -137 206 -237 155 -95 150 119 208 -171 -227 243 38 -209 -79 132 33 205 224 -80 -20 -144 -8 69 10 -83 25 65 -164 -89 15 126 -181 0 -127 141 185 -118 144 231 -36 -85 1 227 -54 -143 234 -50 228 223 -38 44 198 -241 3 103 138 26 -128 -30 -186 34 88 -76 201 4 233 -17 229 180 235 -242 -219 -15 -23 -60 -53 -102 -161 195 -230 102 37 193 -221 62 61 -158 -13 191 123 207 239 -10 -180 -149 -68 105 203 177 -16 84 40 -160 59 242 93 146 139 11 -65 95 -78 -139 171 -190 -84 -24 92 222 45 -57 -212 -223 -18 -98 -48 -178 -113 156 -162 57 -175 153 194 160 -183 71 189 39 -249 46 -114 197 -191 214 -233 -117 18 -148 -4 51 -201 82 -173 -40 -150 76 -45 -156 -163 237 -152 -146 68 115 -37 -2 73 -199 80 -14 -243 -62 211 -19 -192 159 75 158 -70 -165 247 -206 -64 42 -71 -104 200 -159 -215 32 172 210 188 -220 216 164 -96 106 240 190 -222 -120 -115 74 -247 170 85 67 154 -138 -93 -77 83 28 131 215 -224 196 129 -229 -125 -132 58 -177 -154 -63 -119 64 167 -51 174 -100 -87 124 52 114 89 -246 162 -240 125 209 204 -216 -28 245 19 -7 23 -42 -72 -22 56 72 87 107 -90 -112 -141 -34 -109 -197 -202 -147 116 -21 -155 63 127 -123 -91 122 140 20 6 -94 117 -135 152 12 -86 -204 70 -129 169 -59 -110 -122 230 147 -46 166 17 -228 96 2 -193 -185 178 -196 -167 -1 -131 175 -182 149 9 -44 246 5 186 -39 -9 -157 43 -203 13 -25 -244 36 113 165 232 199 49 86 99 -41 14 -245 -184 -73 -88 -189 225 202 54 -238 130 -11 -194 101 48 -12 220 143 -47 187 212 -43 -97 -198 151 -213 161 81 24 248 -106 241 -69 -235 -105 -210 -5 100 -169 182 -121 -153 181 226 110 -29 98 91 -111 109 -126 -116 -179 -176 163 -82 47 -217 -67 -136 -170 -58 -232 -107 -101 249 -208 111 7 221 21 16 -207 90 -61 94 35 -188 -142 60 133 31 -211 27 -187 50 -75 -145 -52 41 66 -6 -32 -103 -134 -151 183 79 -81 -92 22 -33 219 173 -195 97 118 8 -130 -225 179 -133 148 112 -66 -236 -49 136 -124 128 142 236 -26 213 -166 77 -74 -226 -214 -31 218 -234 -200 -108 108 -56 168 238 121 78 -3 30 120 184 53 29 55 157 217 -27 -231 137 -35 176 135 -140 145 -205 
TEST 34 ARG:244 -248 -168 -55 -250 -174 134 -172 192 -99 -239 104 -218 -137 206 -237 155 -95 150 119 208 -171 -227 243 38 -209 -79 132 33 205 224 -80 -20 -144 -8 69 10 -83 25 65 -164 -89 15 126 -181 0 -127 141 185 -118 144 231 -36 -85 1 227 -54 -143 234 -50 228 223 -38 44 198 -241 3 103 138 26 -128 -30 -186 34 88 -76 201 4 233 -17 229 180 235 -242 -219 -15 -23 -60 -53 -102 -161 195 -230 102 37 193 -221 62 61 -158 -13 191 123 207 239 -10 -180 -149 -68 105 203 177 -16 84 40 -160 59 242 93 146 139 11 -65 95 -78 -139 171 -190 -84 -24 92 222 45 -57 -212 -223 -18 -98 -48 -178 -113 156 -162 57 -175 153 194 160 -183 71 189 39 -249 46 -114 197 -191 214 -233 -117 18 -148 -4 51 -201 82 -173 -40 -150 76 -45 -156 -163 237 -152 -146 68 115 -37 -2 73 -199 80 -14 -243 -62 211 -19 -192 159 75 158 -70 -165 247 -206 -64 42 -71 -104 200 -159 -215 32 172 210 188 -220 216 164 -96 106 240 190 -222 -120 -115 74 -247 170 85 67 154 -138 -93 -77 83 28 131 215 -224 196 129 -229 -125 -132 58 -177 -154 -63 -119 64 167 -51 174 -100 -87 124 52 114 89 -246 162 -240 125 209 204 -216 -28 245 19 -7 23 -42 -72 -22 56 72 87 107 -90 -112 -141 -34 -109 -197 -202 -147 116 -21 -155 63 127 -123 -91 122 140 20 6 -94 117 -135 152 12 -86 -204 70 -129 169 -59 -110 -122 230 147 -46 166 17 -228 96 2 -193 -185 178 -196 -167 -1 -131 175 -182 149 9 -44 246 5 186 -39 -9 -157 43 -203 13 -25 -244 36 113 165 232 199 49 86 99 -41 14 -245 -184 -73 -88 -189 225 202 54 -238 130 -11 -194 101 48 -12 220 143 -47 187 212 -43 -97 -198 151 -213 161 81 24 248 -106 241 -69 -235 -105 -210 -5 100 -169 182 -121 -153 181 226 110 -29 98 91 -111 109 -126 -116 -179 -176 163 -82 47 -217 -67 -136 -170 -58 -232 -107 -101 249 -208 111 7 221 21 16 -207 90 -61 94 35 -188 -142 60 133 31 -211 27 -187 50 -75 -145 -52 41 66 -6 -32 -103 -134 -151 183 79 -81 -92 22 -33 219 173 -195 97 118 8 -130 -225 179 -133 148 112 -66 -236 -49 136 -124 128 142 236 -26 213 -166 77 -74 -226 -214 -31 218 -234 -200 -108 108 -56 168 238 121 78 -3 30 120 184 53 29 55 157 217 -27 -231 137 -35 176 135 -140 145 -205 
TEST 35 ARG:-203 -46 -122 -236 16 -25 -88 161 248 49 -108 -92 -65 140 245 -147 -17 116 -167 110 238 88 -40 -163 170 137 -48 190 -161 78 195 -59 246 1 7 91 134 227 159 -198 237 -142 66 243 -175 211 -197 114 -154 -213 219 -151 228 -19 236 139 -134 225 214 82 108 79 -143 -85 11 -13 -20 27 -52 -227 -103 149 121 -146 81 138 -96 -156 184 -78 136 186 37 76 109 30 -64 189 -224 57 15 153 175 -57 -214 -157 101 -126 -208 158 77 -66 167 -77 -26 8 -133 -76 234 -242 145 133 99 208 -71 12 -109 -32 132 -18 177 -43 20 -114 -115 41 218 102 -216 -195 61 198 35 -68 111 203 -93 17 -166 205 -206 150 135 -83 -229 4 141 217 51 -98 90 -160 -30 -186 -181 -165 -63 -22 -139 -248 -205 183 -69 -225 -118 196 215 -209 -24 169 247 -202 86 46 -55 100 178 -60 131 -129 187 188 142 -233 -172 154 67 55 -155 -240 -237 -223 206 174 -219 -249 -200 9 212 -159 230 -23 -113 -220 -111 122 160 239 98 107 -94 -145 50 71 48 -49 -106 38 -34 -232 62 -239 -3 -61 23 42 220 29 5 -58 163 105 -221 166 -121 -207 -241 -42 89 58 -116 112 -174 -235 -244 25 -110 -184 40 117 -212 -190 32 83 172 -79 26 39 -158 -105 97 213 -245 59 151 -153 -101 202 -192 -36 -53 -189 -37 70 94 -141 -179 126 -218 -125 -97 92 -16 -5 -140 -180 201 -131 125 65 -90 -44 -99 -191 229 129 84 176 -87 -35 -45 72 -150 -86 75 -243 240 -130 -38 -188 -8 210 123 -177 164 148 -47 -124 -100 156 -51 -50 223 119 18 244 104 -247 249 -238 31 -173 181 -11 128 87 242 224 -193 192 -62 63 241 -199 -169 209 -127 207 222 -102 -4 85 204 -84 -138 34 -135 -215 47 171 191 106 -228 -123 -171 -41 157 124 194 45 53 -70 -15 -128 193 113 69 -112 22 -250 162 179 -73 155 -95 -54 -178 93 -75 -1 43 -149 -148 44 -6 146 74 2 -137 -81 -194 -136 226 -132 -14 233 -119 -39 52 64 -210 -72 28 6 130 0 -230 197 -104 -246 -196 118 235 -12 152 147 -10 36 165 -168 120 60 95 216 -9 80 24 13 68 115 200 -152 -201 -74 54 14 182 -144 -234 -2 -185 -91 -29 143 168 -176 -107 -31 -211 -80 -231 -117 33 -170 -217 144 -67 19 3 199 -164 -182 -120 73 -21 -56 -187 231 -7 185 127 221 -183 -27 56 96 -89 232 -226 -82 103 10 -162 180 -222 21 -204 -33 173 -28 
TEST 35 ARG:-203 -46 -122 -236 16 -25 -88 161 248 49 -108 -92 -65 140 245 -147 -17 116 -167 110 238 88 -40 -163 170 137 -48 190 -161 78 195 -59 246 1 7 91 134 227 159 -198 237 -142 66 243 -175 211 -197 114 -154 -213 219 -151 228 -19 236 139 -134 225 214 82 108 79 -143 -85 11 -13 -20 27 -52 -227 -103 149 121 -146 81 138 -96 -156 184 -78 136 186 37 76 109 30 -64 189 -224 57 15 153 175 -57 -214 -157 101 -126 -208 158 77 -66 167 -77 -26 8 -133 -76 234 -242 145 133 99 208 -71 12 -109 -32 132 -18 177 -43 20 -114 -115 41 218 102 -216 -195 61 198 35 -68 111 203 -93 17 -166 205 -206 150 135 -83 -229 4 141 217 51 -98 90 -160 -30 -186 -181 -165 -63 -22 -139 -248 -205 183 -69 -225 -118 196 215 -209 -24 169 247 -202 86 46 -55 100 178 -60 131 -129 187 188 142 -233 -172 154 67 55 -155 -240 -237 -223 206 174 -219 -249 -200 9 212 -159 230 -23 -113 -220 -111 122 160 239 98 107 -94 -145 50 71 48 -49 -106 38 -34 -232 62 -239 -3 -61 23 42 220 29 5 -58 163 105 -221 166 -121 -207 -241 -42 89 58 -116 112 -174 -235 -244 25 -110 -184 40 117 -212 -190 32 83 172 -79 26 39 -158 -105 97 213 -245 59 151 -153 -101 202 -192 -36 -53 -189 -37 70 94 -141 -179 126 -218 -125 -97 92 -16 -5 -140 -180 201 -131 125 65 -90 -44 -99 -191 229 129 84 176 -87 -35 -45 72 -150 -86 75 -243 240 -130 -38 -188 -8 210 123 -177 164 148 -47 -124 -100 156 -51 -50 223 119 18 244 104 -247 249 -238 31 -173 181 -11 128 87 242 224 -193 192 -62 63 241 -199 -169 209 -127 207 222 -102 -4 85 204 -84 -138 34 -135 -215 47 171 191 106 -228 -123 -171 -41 157 124 194 45 53 -70 -15 -128 193 113 69 -112 22 -250 162 179 -73 155 -95 -54 -178 93 -75 -1 43 -149 -148 44 -6 146 74 2 -137 -81 -194 -136 226 -132 -14 233 -119 -39 52 64 -210 -72 28 6 130 0 -230 197 -104 -246 -196 118 235 -12 152 147 -10 36 165 -168 120 60 95 216 -9 80 24 13 68 115 200 -152 -201 -74 54 14 182 -144 -234 -2 -185 -91 -29 143 168 -176 -107 -31 -211 -80 -231 -117 33 -170 -217 144 -67 19 3 199 -164 -182 -120 73 -21 -56 -187 231 -7 185 127 221 -183 -27 56 96 -89 232 -226 -82 103 10 -162 180 -222 21 -204 -33 173 -28 
TEST 36 ARG:211 59 -204 -35 -153 99 19 199 109 48 127 105 -27 153 -148 -151 -127 152 116 -190 15 -234 236 -79 130 183 -134 -222 0 -80 182 -242 -104 38 131 147 215 122 -167 -53 2 -170 201 -31 -59 235 -219 8 -249 -218 161 205 -173 -76 21 141 226 94 136 217 112 -65 155 192 206 9 240 228 244 32 221 -73 -229 143 76 133 142 75 124 -16 137 -75 -166 83 -235 -201 51 175 -237 26 -121 101 197 149 6 -97 100 -125 163 -25 159 -106 115 104 -248 -10 49 -33 -154 -36 30 -17 46 -99 -107 -14 97 -63 177 216 -54 238 -162 73 -149 220 34 -245 103 -171 74 -161 29 7 210 157 -223 62 -131 -55 -52 -92 93 13 33 169 12 -20 77 24 -66 209 -50 -224 45 178 -196 191 179 -124 -72 -182 -213 95 -24 218 242 -88 108 72 1 144 212 -212 -164 -84 -86 187 -18 39 -240 -60 -5 -94 -108 -206 -90 -83 194 10 -3 166 188 -120 96 -215 154 -146 -142 170 54 134 120 -193 -32 241 -211 -85 165 -118 248 -230 67 -95 -37 -34 -13 -29 -7 247 -244 -19 -30 -46 57 -163 -68 60 237 132 -160 185 -6 -22 249 -28 -216 -243 -78 -194 -62 -130 16 -105 -217 -191 -128 -238 -8 40 219 -185 230 25 167 196 -187 -168 -231 -200 4 203 246 145 125 189 22 -57 223 -250 80 -135 234 139 -226 58 -82 3 71 -169 -156 52 86 -246 243 64 -1 -227 148 -228 79 -138 -186 102 -110 -180 -178 172 227 -150 -117 -172 -123 231 -174 135 -208 -81 -143 -184 -132 65 90 233 92 -91 -113 121 200 113 190 -9 41 -241 -176 -111 98 195 208 -220 229 -155 225 -175 -4 -41 -137 -102 -136 -183 56 28 128 27 -61 -129 -58 -48 63 213 193 -225 -158 17 35 -214 176 -181 138 198 -179 181 -152 174 -209 43 232 -101 -189 42 -71 106 -103 156 -126 150 78 -188 224 81 239 -44 -197 -42 -112 207 117 -119 -12 -21 -159 53 -39 -93 -77 -133 -114 -89 -49 61 -100 -96 -64 36 -70 -43 222 -199 -232 -2 -205 -11 -56 123 -210 -116 186 173 44 91 -40 110 -233 -67 -15 129 126 -51 -69 162 -207 70 118 50 -145 -192 160 -165 -144 89 82 -45 204 20 -239 -147 146 -247 -177 37 -26 168 140 -139 55 111 68 84 -38 11 5 69 -23 87 47 -141 66 85 184 158 -198 164 -236 -74 23 88 214 31 -140 107 -122 171 14 -195 119 -157 202 114 -203 -109 -221 180 -87 -98 151 -202 245 -115 18 -47 
TEST 36 ARG:211 59 -204 -35 -153 99 19 199 109 48 127 105 -27 153 -148 -151 -127 152 116 -190 15 -234 236 -79 130 183 -134 -222 0 -80 182 -242 -104 38 131 147 215 122 -167 -53 2 -170 201 -31 -59 235 -219 8 -249 -218 161 205 -173 -76 21 141 226 94 136 217 112 -65 155 192 206 9 240 228 244 32 221 -73 -229 143 76 133 142 75 124 -16 137 -75 -166 83 -235 -201 51 175 -237 26 -121 101 197 149 6 -97 100 -125 163 -25 159 -106 115 104 -248 -10 49 -33 -154 -36 30 -17 46 -99 -107 -14 97 -63 177 216 -54 238 -162 73 -149 220 34 -245 103 -171 74 -161 29 7 210 157 -223 62 -131 -55 -52 -92 93 13 33 169 12 -20 77 24 -66 209 -50 -224 45 178 -196 191 179 -124 -72 -182 -213 95 -24 218 242 -88 108 72 1 144 212 -212 -164 -84 -86 187 -18 39 -240 -60 -5 -94 -108 -206 -90 -83 194 10 -3 166 188 -120 96 -215 154 -146 -142 170 54 134 120 -193 -32 241 -211 -85 165 -118 248 -230 67 -95 -37 -34 -13 -29 -7 247 -244 -19 -30 -46 57 -163 -68 60 237 132 -160 185 -6 -22 249 -28 -216 -243 -78 -194 -62 -130 16 -105 -217 -191 -128 -238 -8 40 219 -185 230 25 167 196 -187 -168 -231 -200 4 203 246 145 125 189 22 -57 223 -250 80 -135 234 139 -226 58 -82 3 71 -169 -156 52 86 -246 243 64 -1 -227 148 -228 79 -138 -186 102 -110 -180 -178 172 227 -150 -117 -172 -123 231 -174 135 -208 -81 -143 -184 -132 65 90 233 92 -91 -113 121 200 113 190 -9 41 -241 -176 -111 98 195 208 -220 229 -155 225 -175 -4 -41 -137 -102 -136 -183 56 28 128 27 -61 -129 -58 -48 63 213 193 -225 -158 17 35 -214 176 -181 138 198 -179 181 -152 174 -209 43 232 -101 -189 42 -71 106 -103 156 -126 150 78 -188 224 81 239 -44 -197 -42 -112 207 117 -119 -12 -21 -159 53 -39 -93 -77 -133 -114 -89 -49 61 -100 -96 -64 36 -70 -43 222 -199 -232 -2 -205 -11 -56 123 -210 -116 186 173 44 91 -40 110 -233 -67 -15 129 126 -51 -69 162 -207 70 118 50 -145 -192 160 -165 -144 89 82 -45 204 20 -239 -147 146 -247 -177 37 -26 168 140 -139 55 111 68 84 -38 11 5 69 -23 87 47 -141 66 85 184 158 -198 164 -236 -74 23 88 214 31 -140 107 -122 171 14 -195 119 -157 202 114 -203 -109 -221 180 -87 -98 151 -202 245 -115 18 -47 
TEST 37 ARG:-53 -102 -200 56 133 62 -16 -165 6 -9 152 198 104 8 114 95 245 -93 -42 157 183 166 81 -119 32 171 -51 -131 -15 101 -191 -105 85 -228 -198 192 -73 106 237 -211 180 121 -160 155 -134 163 186 -192 -207 26 -109 -245 -136 126 65 -147 -204 23 -30 -186 241 69 -104 33 -227 91 -221 -140 88 -77 119 -182 156 147 -231 5 -153 71 232 -48 -237 -175 12 109 127 -225 -95 -244 45 194 -55 72 107 -11 27 -238 -24 184 -210 162 -31 -34 -179 20 153 29 -13 18 -14 63 -137 -150 -233 -236 -235 223 -74 247 53 -161 -178 205 213 90 -180 -206 -6 -52 189 16 231 -169 99 -148 -185 -176 -128 -20 199 21 -35 68 212 35 -41 -50 -151 -25 66 141 -135 28 -22 111 -39 219 -158 216 148 115 34 59 75 -122 -226 -115 0 93 211 209 92 178 238 -5 -1 -70 -249 73 -68 1 159 185 78 -116 124 58 181 -195 172 -205 -114 -75 230 -19 97 61 215 132 -162 169 197 140 -223 -203 -193 -152 -240 100 113 -60 -37 177 -250 2 -71 -61 131 -232 43 -219 158 -139 182 -108 -129 -166 -80 207 -3 3 -112 165 -243 -189 195 89 70 202 220 55 7 82 -188 174 217 -181 25 -23 233 138 -79 -222 -149 118 17 -144 14 161 -83 60 -8 -54 77 176 -66 -21 175 -92 -10 102 -157 -220 -187 76 94 24 -209 -36 -132 135 129 204 117 -2 -168 50 151 -248 96 134 248 149 144 190 120 -194 228 -99 -82 -177 -100 -141 -91 103 -224 -43 242 -172 -212 200 -96 235 -90 -120 47 -173 -159 80 -67 52 -98 -63 218 -113 -145 37 128 -184 -190 -17 142 112 -46 -143 225 226 38 -197 221 -130 -38 -138 -69 64 22 187 206 -28 -196 49 -202 -40 130 -59 116 -208 193 249 -33 -246 44 -218 196 -214 30 57 -27 -57 -44 -247 -133 -85 -97 -239 201 -171 -32 74 -230 188 -81 -47 -4 11 -45 105 -107 239 210 -229 160 -110 40 143 -164 -56 -241 87 -49 145 36 86 136 -78 -118 19 84 46 -64 125 -86 31 -7 222 -154 -126 -72 -125 -117 179 -199 -121 146 229 -76 -216 -123 244 -88 -101 42 123 -18 -89 173 -26 -62 -146 10 203 -29 227 -213 -163 -242 41 79 67 -87 -170 -215 -124 224 -106 170 15 -201 236 4 51 98 240 154 13 -183 214 -58 -167 -111 -103 -234 -142 39 -12 139 9 -84 83 -127 164 168 48 -155 246 167 243 54 -156 191 122 -94 -174 108 208 137 150 110 -217 -65 234 
TEST 37 ARG:-53 -102 -200 56 133 62 -16 -165 6 -9 152 198 104 8 114 95 245 -93 -42 157 183 166 81 -119 32 171 -51 -131 -15 101 -191 -105 85 -228 -198 192 -73 106 237 -211 180 121 -160 155 -134 163 186 -192 -207 26 -109 -245 -136 126 65 -147 -204 23 -30 -186 241 69 -104 33 -227 91 -221 -140 88 -77 119 -182 156 147 -231 5 -153 71 232 -48 -237 -175 12 109 127 -225 -95 -244 45 194 -55 72 107 -11 27 -238 -24 184 -210 162 -31 -34 -179 20 153 29 -13 18 -14 63 -137 -150 -233 -236 -235 223 -74 247 53 -161 -178 205 213 90 -180 -206 -6 -52 189 16 231 -169 99 -148 -185 -176 -128 -20 199 21 -35 68 212 35 -41 -50 -151 -25 66 141 -135 28 -22 111 -39 219 -158 216 148 115 34 59 75 -122 -226 -115 0 93 211 209 92 178 238 -5 -1 -70 -249 73 -68 1 159 185 78 -116 124 58 181 -195 172 -205 -114 -75 230 -19 97 61 215 132 -162 169 197 140 -223 -203 -193 -152 -240 100 113 -60 -37 177 -250 2 -71 -61 131 -232 43 -219 158 -139 182 -108 -129 -166 -80 207 -3 3 -112 165 -243 -189 195 89 70 202 220 55 7 82 -188 174 217 -181 25 -23 233 138 -79 -222 -149 118 17 -144 14 161 -83 60 -8 -54 77 176 -66 -21 175 -92 -10 102 -157 -220 -187 76 94 24 -209 -36 -132 135 129 204 117 -2 -168 50 151 -248 96 134 248 149 144 190 120 -194 228 -99 -82 -177 -100 -141 -91 103 -224 -43 242 -172 -212 200 -96 235 -90 -120 47 -173 -159 80 -67 52 -98 -63 218 -113 -145 37 128 -184 -190 -17 142 112 -46 -143 225 226 38 -197 221 -130 -38 -138 -69 64 22 187 206 -28 -196 49 -202 -40 130 -59 116 -208 193 249 -33 -246 44 -218 196 -214 30 57 -27 -57 -44 -247 -133 -85 -97 -239 201 -171 -32 74 -230 188 -81 -47 -4 11 -45 105 -107 239 210 -229 160 -110 40 143 -164 -56 -241 87 -49 145 36 86 136 -78 -118 19 84 46 -64 125 -86 31 -7 222 -154 -126 -72 -125 -117 179 -199 -121 146 229 -76 -216 -123 244 -88 -101 42 123 -18 -89 173 -26 -62 -146 10 203 -29 227 -213 -163 -242 41 79 67 -87 -170 -215 -124 224 -106 170 15 -201 236 4 51 98 240 154 13 -183 214 -58 -167 -111 -103 -234 -142 39 -12 139 9 -84 83 -127 164 168 48 -155 246 167 243 54 -156 191 122 -94 -174 108 208 137 150 110 -217 -65 234 
TEST 38 ARG:-197 -116 -15 79 -85 133 201 163 -70 166 162 222 108 89 -29 118 -172 5 -35 23 -238 237 -103 8 -137 -125 -45 -226 -115 -78 54 -220 -63 117 -93 27 153 44 70 -183 73 196 171 -213 -24 199 -196 -61 -25 -19 -52 31 144 243 -100 120 -178 161 -7 -99 9 -36 90 -209 -210 198 14 72 102 -53 -89 -97 -161 152 13 -143 -124 -92 -203 106 42 -243 -158 -84 18 12 47 200 140 66 149 -231 -22 -76 -177 164 93 -182 185 -49 -146 232 -17 -164 -38 -79 -66 -12 210 119 159 170 -133 173 248 49 -200 6 -150 61 -222 46 148 -40 -171 -208 -43 241 -58 142 -179 20 230 -122 -11 34 180 59 -98 -33 -224 244 -73 146 -114 92 191 -234 105 -232 177 213 15 -2 -218 172 226 -6 208 -91 -244 -153 -107 -30 -119 -10 154 -96 -71 183 -180 94 -194 -151 -149 -235 249 168 -34 -168 -86 -157 229 -163 95 -48 156 -242 22 -62 -82 -55 -111 -225 -72 242 -175 187 -105 63 -26 -3 -128 82 -8 48 115 88 197 10 228 51 209 39 78 167 -1 -181 -221 -147 158 -120 -166 214 -160 2 91 32 97 -198 182 -51 -241 -57 1 -90 80 -118 -219 69 234 189 -136 -250 84 129 35 -9 -18 -110 -237 17 77 160 -167 216 28 -191 130 99 178 227 26 236 7 -246 123 -248 -47 -152 -245 239 126 -216 -189 145 74 41 11 112 -217 -138 -42 206 131 176 64 109 16 212 143 181 203 116 -31 43 76 -186 151 -134 96 50 238 -64 -159 -233 -69 45 138 231 -240 220 122 217 71 -126 215 -106 -21 -123 245 192 -249 219 205 -190 150 98 -154 62 -187 -28 -131 -13 -41 -148 -129 240 -170 101 60 87 -46 -50 -230 247 202 -201 -87 -188 -169 -104 110 -228 24 135 225 190 -113 233 235 -227 -81 132 -74 81 174 -23 204 -94 -112 -16 57 157 188 -77 121 -20 -195 -165 137 37 -204 -247 -193 -32 -59 -37 -56 -192 107 113 55 184 58 67 124 -205 4 -184 -142 -44 195 19 186 -108 -145 30 -27 86 40 -54 56 -206 -95 -80 134 128 38 155 224 -141 -156 193 -155 207 -132 100 -229 -214 -5 223 65 218 -135 -88 -4 -83 169 -109 -223 -117 0 25 -185 33 114 -212 111 147 -236 221 103 246 -176 3 -68 -173 -174 211 52 36 175 -202 68 -60 -162 -14 -101 127 -140 -139 -207 136 -67 179 -75 -121 104 83 165 75 21 -127 139 141 53 194 -199 29 85 -215 -65 125 -102 -130 -39 -144 -239 -211 
TEST 38 ARG:-197 -116 -15 79 -85 133 201 163 -70 166 162 222 108 89 -29 118 -172 5 -35 23 -238 237 -103 8 -137 -125 -45 -226 -115 -78 54 -220 -63 117 -93 27 153 44 70 -183 73 196 171 -213 -24 199 -196 -61 -25 -19 -52 31 144 243 -100 120 -178 161 -7 -99 9 -36 90 -209 -210 198 14 72 102 -53 -89 -97 -161 152 13 -143 -124 -92 -203 106 42 -243 -158 -84 18 12 47 200 140 66 149 -231 -22 -76 -177 164 93 -182 185 -49 -146 232 -17 -164 -38 -79 -66 -12 210 119 159 170 -133 173 248 49 -200 6 -150 61 -222 46 148 -40 -171 -208 -43 241 -58 142 -179 20 230 -122 -11 34 180 59 -98 -33 -224 244 -73 146 -114 92 191 -234 105 -232 177 213 15 -2 -218 172 226 -6 208 -91 -244 -153 -107 -30 -119 -10 154 -96 -71 183 -180 94 -194 -151 -149 -235 249 168 -34 -168 -86 -157 229 -163 95 -48 156 -242 22 -62 -82 -55 -111 -225 -72 242 -175 187 -105 63 -26 -3 -128 82 -8 48 115 88 197 10 228 51 209 39 78 167 -1 -181 -221 -147 158 -120 -166 214 -160 2 91 32 97 -198 182 -51 -241 -57 1 -90 80 -118 -219 69 234 189 -136 -250 84 129 35 -9 -18 -110 -237 17 77 160 -167 216 28 -191 130 99 178 227 26 236 7 -246 123 -248 -47 -152 -245 239 126 -216 -189 145 74 41 11 112 -217 -138 -42 206 131 176 64 109 16 212 143 181 203 116 -31 43 76 -186 151 -134 96 50 238 -64 -159 -233 -69 45 138 231 -240 220 122 217 71 -126 215 -106 -21 -123 245 192 -249 219 205 -190 150 98 -154 62 -187 -28 -131 -13 -41 -148 -129 240 -170 101 60 87 -46 -50 -230 247 202 -201 -87 -188 -169 -104 110 -228 24 135 225 190 -113 233 235 -227 -81 132 -74 81 174 -23 204 -94 -112 -16 57 157 188 -77 121 -20 -195 -165 137 37 -204 -247 -193 -32 -59 -37 -56 -192 107 113 55 184 58 67 124 -205 4 -184 -142 -44 195 19 186 -108 -145 30 -27 86 40 -54 56 -206 -95 -80 134 128 38 155 224 -141 -156 193 -155 207 -132 100 -229 -214 -5 223 65 218 -135 -88 -4 -83 169 -109 -223 -117 0 25 -185 33 114 -212 111 147 -236 221 103 246 -176 3 -68 -173 -174 211 52 36 175 -202 68 -60 -162 -14 -101 127 -140 -139 -207 136 -67 179 -75 -121 104 83 165 75 21 -127 139 141 53 194 -199 29 85 -215 -65 125 -102 -130 -39 -144 -239 -211 
TEST 39 ARG:-145 2 181 196 140 230 -82 125 -179 144 56 -105 -152 110 -32 25 -157 166 63 155 -229 120 19 249 84 -123 53 -1 102 137 -68 247 -131 -197 -192 119 240 200 96 -18 202 113 199 -117 -124 30 -163 109 114 21 -143 -31 188 -8 -225 210 -112 244 -116 -9 90 -201 -81 51 209 -42 -129 -46 195 126 122 55 151 -39 1 16 165 52 26 -210 10 -89 -91 -182 98 108 -245 -228 235 -55 -113 79 66 -33 161 -120 -166 138 -205 -21 99 201 -224 -238 15 -77 -183 -56 -93 31 -7 -80 -235 41 -158 213 -222 -110 170 -203 154 223 87 -88 -217 -184 106 211 71 -17 163 -6 36 91 224 -146 -150 -22 -51 146 232 190 -237 -178 20 67 -149 -176 157 197 97 194 136 42 -190 177 -24 -170 -16 -221 -45 242 101 -193 142 4 83 175 -66 -118 80 75 -84 28 -115 29 -195 172 64 245 76 143 111 -207 -72 -223 -109 -155 174 -169 85 192 169 112 73 168 -248 82 171 103 -141 43 59 81 107 229 -28 45 -175 -79 115 239 -96 -194 -106 220 -156 -239 -95 78 -159 61 123 158 227 60 -107 233 212 150 -102 -147 208 27 -232 -226 -161 238 118 -134 -38 -128 -200 -196 237 32 -10 -160 62 -151 130 216 -213 -250 88 179 58 187 -154 -220 -100 5 -48 234 -36 -98 -234 11 -19 164 -35 -29 189 207 39 -111 -25 -2 -97 104 33 -83 92 -69 -209 -14 148 100 70 -75 -65 49 -240 -144 68 246 8 -92 243 57 162 -167 -211 226 -162 -59 248 -208 77 -164 3 -135 116 -153 236 -126 -185 95 -249 128 -181 -41 124 -230 127 -215 147 133 -119 -78 -90 -236 -122 35 -140 -121 225 134 -219 -30 -199 198 -191 -241 72 -57 191 180 184 -73 185 23 -186 183 152 -171 -67 -188 215 -85 193 145 206 -74 34 -44 -43 186 -15 -114 -168 131 167 -142 38 -27 -49 217 65 -137 44 47 -34 46 -138 -218 -87 -227 -133 -125 105 204 -52 -130 -231 24 222 -61 -76 22 153 231 -104 -212 160 -173 176 17 -64 -243 86 -99 -50 121 94 74 -94 205 -23 -47 241 -70 129 0 -12 -3 -62 -86 -172 69 221 -71 -202 -242 37 -189 -233 -206 159 173 -58 -26 219 -53 228 135 -5 -20 -63 -174 218 14 -54 7 178 -101 -60 40 -132 -244 -139 50 -37 -4 -214 12 149 18 -187 93 -198 -11 139 -246 182 -180 48 -127 -204 -177 -165 54 -103 141 6 132 117 -108 -136 156 -247 203 13 -13 89 9 214 -216 -148 -40 
TEST 39 ARG:-145 2 181 196 140 230 -82 125 -179 144 56 -105 -152 110 -32 25 -157 166 63 155 -229 120 19 249 84 -123 53 -1 102 137 -68 247 -131 -197 -192 119 240 200 96 -18 202 113 199 -117 -124 30 -163 109 114 21 -143 -31 188 -8 -225 210 -112 244 -116 -9 90 -201 -81 51 209 -42 -129 -46 195 126 122 55 151 -39 1 16 165 52 26 -210 10 -89 -91 -182 98 108 -245 -228 235 -55 -113 79 66 -33 161 -120 -166 138 -205 -21 99 201 -224 -238 15 -77 -183 -56 -93 31 -7 -80 -235 41 -158 213 -222 -110 170 -203 154 223 87 -88 -217 -184 106 211 71 -17 163 -6 36 91 224 -146 -150 -22 -51 146 232 190 -237 -178 20 67 -149 -176 157 197 97 194 136 42 -190 177 -24 -170 -16 -221 -45 242 101 -193 142 4 83 175 -66 -118 80 75 -84 28 -115 29 -195 172 64 245 76 143 111 -207 -72 -223 -109 -155 174 -169 85 192 169 112 73 168 -248 82 171 103 -141 43 59 81 107 229 -28 45 -175 -79 115 239 -96 -194 -106 220 -156 -239 -95 78 -159 61 123 158 227 60 -107 233 212 150 -102 -147 208 27 -232 -226 -161 238 118 -134 -38 -128 -200 -196 237 32 -10 -160 62 -151 130 216 -213 -250 88 179 58 187 -154 -220 -100 5 -48 234 -36 -98 -234 11 -19 164 -35 -29 189 207 39 -111 -25 -2 -97 104 33 -83 92 -69 -209 -14 148 100 70 -75 -65 49 -240 -144 68 246 8 -92 243 57 162 -167 -211 226 -162 -59 248 -208 77 -164 3 -135 116 -153 236 -126 -185 95 -249 128 -181 -41 124 -230 127 -215 147 133 -119 -78 -90 -236 -122 35 -140 -121 225 134 -219 -30 -199 198 -191 -241 72 -57 191 180 184 -73 185 23 -186 183 152 -171 -67 -188 215 -85 193 145 206 -74 34 -44 -43 186 -15 -114 -168 131 167 -142 38 -27 -49 217 65 -137 44 47 -34 46 -138 -218 -87 -227 -133 -125 105 204 -52 -130 -231 24 222 -61 -76 22 153 231 -104 -212 160 -173 176 17 -64 -243 86 -99 -50 121 94 74 -94 205 -23 -47 241 -70 129 0 -12 -3 -62 -86 -172 69 221 -71 -202 -242 37 -189 -233 -206 159 173 -58 -26 219 -53 228 135 -5 -20 -63 -174 218 14 -54 7 178 -101 -60 40 -132 -244 -139 50 -37 -4 -214 12 149 18 -187 93 -198 -11 139 -246 182 -180 48 -127 -204 -177 -165 54 -103 141 6 132 117 -108 -136 156 -247 203 13 -13 89 9 214 -216 -148 -40 
TEST 40 ARG:-128 97 194 63 -203 -201 232 20 -219 174 -4 -14 117 -118 -160 -29 71 -176 -57 165 173 -210 184 151 113 84 214 -162 162 166 15 -59 -184 185 -228 153 -112 69 202 -190 157 -238 -81 -134 65 -16 -154 120 93 115 158 147 -131 86 -180 102 -214 197 -177 -69 16 -174 -104 -233 -22 244 -52 104 14 82 -1 -88 -167 -183 -3 -192 135 -239 0 -27 -153 40 -98 -217 110 208 212 -129 134 80 -105 26 67 -68 227 -244 -61 -79 -232 -236 99 -122 213 -116 150 -149 -175 112 -166 30 -9 198 -74 -169 -126 -50 88 -48 133 -188 -191 95 89 103 -178 -179 -51 -44 -130 47 -83 -222 -41 -25 -246 34 -21 243 60 -152 -17 85 -142 107 73 90 91 -99 231 -10 -157 -125 200 -46 -117 114 -77 -133 46 -242 236 225 238 44 -168 -155 10 186 -102 -208 87 240 -227 43 -12 68 -243 -55 191 48 -145 216 -248 -72 145 -247 -80 29 -218 -49 -140 75 -249 -159 -196 -24 54 -119 246 196 18 -200 -187 -193 -103 209 78 23 -71 193 148 128 187 -45 -171 190 -229 -223 122 -86 101 -225 49 -94 -37 -111 105 -19 -33 -30 96 -89 237 108 109 123 -124 195 201 25 1 -67 -106 230 100 199 177 64 -54 -194 233 -63 169 -15 -230 156 210 152 83 -137 -163 -70 -84 36 76 217 229 106 37 -136 -121 -64 164 42 -90 -146 -28 70 -110 144 -158 242 189 -165 62 -202 206 223 19 226 175 155 -23 220 -207 -100 -173 181 35 -216 -13 -132 183 137 79 -213 -224 178 -87 136 13 55 -235 248 141 -76 -11 50 -8 28 118 -141 224 -250 98 -148 -73 142 -161 119 132 127 121 -135 -66 204 58 33 -109 -221 -107 211 -211 111 228 59 -185 126 -199 -65 222 -143 6 45 8 179 4 5 160 -215 161 -26 -150 -34 -47 21 215 -170 -138 -205 182 -40 -241 154 -58 66 -36 -60 -226 94 51 52 219 149 41 -198 171 -181 188 -56 -144 -62 -97 32 -20 -6 241 -139 -212 27 146 245 163 -120 -35 -209 57 72 -195 205 124 -204 -31 167 143 125 139 61 239 -240 -127 -114 -237 116 235 -113 -32 -220 -186 -115 140 3 11 -39 74 176 192 130 131 -234 -156 -43 234 -108 129 53 -245 -5 138 77 -53 -231 203 9 12 -18 -189 218 -91 7 -123 -82 -164 -147 221 -182 81 180 -172 -151 24 38 22 159 249 92 2 -96 -85 -92 39 -93 -78 17 -7 -42 -38 207 -206 172 170 -197 -101 247 -95 56 -75 -2 31 168 
TEST 40 ARG:-128 97 194 63 -203 -201 232 20 -219 174 -4 -14 117 -118 -160 -29 71 -176 -57 165 173 -210 184 151 113 84 214 -162 162 166 15 -59 -184 185 -228 153 -112 69 202 -190 157 -238 -81 -134 65 -16 -154 120 93 115 158 147 -131 86 -180 102 -214 197 -177 -69 16 -174 -104 -233 -22 244 -52 104 14 82 -1 -88 -167 -183 -3 -192 135 -239 0 -27 -153 40 -98 -217 110 208 212 -129 134 80 -105 26 67 -68 227 -244 -61 -79 -232 -236 99 -122 213 -116 150 -149 -175 112 -166 30 -9 198 -74 -169 -126 -50 88 -48 133 -188 -191 95 89 103 -178 -179 -51 -44 -130 47 -83 -222 -41 -25 -246 34 -21 243 60 -152 -17 85 -142 107 73 90 91 -99 231 -10 -157 -125 200 -46 -117 114 -77 -133 46 -242 236 225 238 44 -168 -155 10 186 -102 -208 87 240 -227 43 -12 68 -243 -55 191 48 -145 216 -248 -72 145 -247 -80 29 -218 -49 -140 75 -249 -159 -196 -24 54 -119 246 196 18 -200 -187 -193 -103 209 78 23 -71 193 148 128 187 -45 -171 190 -229 -223 122 -86 101 -225 49 -94 -37 -111 105 -19 -33 -30 96 -89 237 108 109 123 -124 195 201 25 1 -67 -106 230 100 199 177 64 -54 -194 233 -63 169 -15 -230 156 210 152 83 -137 -163 -70 -84 36 76 217 229 106 37 -136 -121 -64 164 42 -90 -146 -28 70 -110 144 -158 242 189 -165 62 -202 206 223 19 226 175 155 -23 220 -207 -100 -173 181 35 -216 -13 -132 183 137 79 -213 -224 178 -87 136 13 55 -235 248 141 -76 -11 50 -8 28 118 -141 224 -250 98 -148 -73 142 -161 119 132 127 121 -135 -66 204 58 33 -109 -221 -107 211 -211 111 228 59 -185 126 -199 -65 222 -143 6 45 8 179 4 5 160 -215 161 -26 -150 -34 -47 21 215 -170 -138 -205 182 -40 -241 154 -58 66 -36 -60 -226 94 51 52 219 149 41 -198 171 -181 188 -56 -144 -62 -97 32 -20 -6 241 -139 -212 27 146 245 163 -120 -35 -209 57 72 -195 205 124 -204 -31 167 143 125 139 61 239 -240 -127 -114 -237 116 235 -113 -32 -220 -186 -115 140 3 11 -39 74 176 192 130 131 -234 -156 -43 234 -108 129 53 -245 -5 138 77 -53 -231 203 9 12 -18 -189 218 -91 7 -123 -82 -164 -147 221 -182 81 180 -172 -151 24 38 22 159 249 92 2 -96 -85 -92 39 -93 -78 17 -7 -42 -38 207 -206 172 170 -197 -101 247 -95 56 -75 -2 31 168 
TEST 41 ARG:231 -163 232 108 -68 -205 102 165 64 -28 83 -119 -128 -143 -57 65 94 -123 -77 154 -217 129 -107 21 224 -232 134 -99 -250 240 -56 -144 -245 -90 57 217 92 179 -66 -156 10 -76 -147 -39 32 -95 113 188 68 -168 -111 -170 -8 -201 -114 225 143 195 135 180 -32 118 -113 84 7 218 -230 -243 63 167 -137 182 -112 93 -194 29 156 103 -234 -139 112 209 -21 246 -184 159 -206 -36 46 77 -69 -220 -87 74 35 -140 221 -204 72 -162 -240 -181 -91 -174 -92 -51 44 36 242 -105 82 -19 -120 39 -153 184 137 220 89 -237 -175 -47 -198 43 104 127 51 54 -173 202 -221 -53 138 -186 59 88 -71 71 106 109 194 1 -109 -101 -25 -182 230 144 25 -75 -129 183 -55 247 -225 201 -203 -183 168 -62 31 174 -239 241 131 171 -200 186 -78 -72 97 -188 -42 170 -151 -236 161 -31 24 53 -164 -63 243 -159 -185 -172 -171 145 -80 -79 -195 -161 17 -82 203 -94 23 96 -209 78 116 147 66 -73 211 128 38 164 120 192 199 -133 237 -190 234 -30 198 -48 81 12 215 -122 45 -132 49 -155 -83 33 175 -247 140 -177 166 197 176 -223 111 -197 98 107 -15 -64 236 -160 -226 163 196 -244 -18 178 -35 -187 110 212 -135 75 -97 4 190 148 -121 200 204 -192 -210 -110 193 13 -152 14 3 114 -54 169 -165 126 -214 245 16 158 20 76 -89 -167 52 79 -1 125 -125 115 -58 139 -199 187 214 157 -103 -34 207 -141 41 -26 239 6 -27 -65 -176 205 151 208 -29 142 -142 91 -117 -6 -213 -106 141 -84 191 162 -9 -127 -212 -148 -24 222 -108 -157 47 -2 60 -45 -67 -43 80 48 -178 61 -219 -208 -124 119 -96 40 -130 -7 -22 -145 -233 130 -215 62 55 -81 -93 122 -224 9 146 -180 -131 133 248 95 -11 -158 -38 -104 117 42 235 -115 173 -14 -248 233 -85 2 -16 -241 189 155 37 50 249 150 15 -179 238 185 0 30 67 124 210 -12 -229 73 -169 -134 149 -193 -222 70 28 58 -150 -100 19 229 152 -116 5 132 -98 -37 27 -70 -74 160 181 -202 227 -242 -44 -46 -61 34 -149 87 -17 206 -60 -50 -49 86 226 56 244 172 -136 -33 -211 123 -118 121 85 153 -20 99 -196 11 213 -231 -228 219 -102 -138 -41 -86 -52 -246 -166 216 177 -154 -3 69 -238 -13 136 26 -189 -216 -235 101 -10 18 -218 22 -4 -40 -146 105 -5 8 -249 -207 -23 90 -227 -191 -126 228 100 223 -59 -88 
TEST 41 ARG:231 -163 232 108 -68 -205 102 165 64 -28 83 -119 -128 -143 -57 65 94 -123 -77 154 -217 129 -107 21 224 -232 134 -99 -250 240 -56 -144 -245 -90 57 217 92 179 -66 -156 10 -76 -147 -39 32 -95 113 188 68 -168 -111 -170 -8 -201 -114 225 143 195 135 180 -32 118 -113 84 7 218 -230 -243 63 167 -137 182 -112 93 -194 29 156 103 -234 -139 112 209 -21 246 -184 159 -206 -36 46 77 -69 -220 -87 74 35 -140 221 -204 72 -162 -240 -181 -91 -174 -92 -51 44 36 242 -105 82 -19 -120 39 -153 184 137 220 89 -237 -175 -47 -198 43 104 127 51 54 -173 202 -221 -53 138 -186 59 88 -71 71 106 109 194 1 -109 -101 -25 -182 230 144 25 -75 -129 183 -55 247 -225 201 -203 -183 168 -62 31 174 -239 241 131 171 -200 186 -78 -72 97 -188 -42 170 -151 -236 161 -31 24 53 -164 -63 243 -159 -185 -172 -171 145 -80 -79 -195 -161 17 -82 203 -94 23 96 -209 78 116 147 66 -73 211 128 38 164 120 192 199 -133 237 -190 234 -30 198 -48 81 12 215 -122 45 -132 49 -155 -83 33 175 -247 140 -177 166 197 176 -223 111 -197 98 107 -15 -64 236 -160 -226 163 196 -244 -18 178 -35 -187 110 212 -135 75 -97 4 190 148 -121 200 204 -192 -210 -110 193 13 -152 14 3 114 -54 169 -165 126 -214 245 16 158 20 76 -89 -167 52 79 -1 125 -125 115 -58 139 -199 187 214 157 -103 -34 207 -141 41 -26 239 6 -27 -65 -176 205 151 208 -29 142 -142 91 -117 -6 -213 -106 141 -84 191 162 -9 -127 -212 -148 -24 222 -108 -157 47 -2 60 -45 -67 -43 80 48 -178 61 -219 -208 -124 119 -96 40 -130 -7 -22 -145 -233 130 -215 62 55 -81 -93 122 -224 9 146 -180 -131 133 248 95 -11 -158 -38 -104 117 42 235 -115 173 -14 -248 233 -85 2 -16 -241 189 155 37 50 249 150 15 -179 238 185 0 30 67 124 210 -12 -229 73 -169 -134 149 -193 -222 70 28 58 -150 -100 19 229 152 -116 5 132 -98 -37 27 -70 -74 160 181 -202 227 -242 -44 -46 -61 34 -149 87 -17 206 -60 -50 -49 86 226 56 244 172 -136 -33 -211 123 -118 121 85 153 -20 99 -196 11 213 -231 -228 219 -102 -138 -41 -86 -52 -246 -166 216 177 -154 -3 69 -238 -13 136 26 -189 -216 -235 101 -10 18 -218 22 -4 -40 -146 105 -5 8 -249 -207 -23 90 -227 -191 -126 228 100 223 -59 -88 
TEST 42 ARG:-40 -146 -41 -219 -123 -229 -191 199 224 -80 22 -132 202 -142 -140 128 -178 -155 -221 -105 137 -217 136 167 -94 4 247 -241 178 62 155 19 150 152 107 114 181 206 -69 -12 -192 112 -183 -17 79 76 193 38 -86 -19 184 3 18 43 60 -81 194 -56 -38 -247 32 -152 -106 36 -134 92 -216 49 31 113 -124 -26 233 232 -151 54 -185 169 211 -233 -144 -100 78 119 93 -22 -248 47 183 -203 200 220 125 -107 145 144 -31 248 11 -70 140 179 -220 158 63 30 -204 171 82 51 -169 -97 122 89 143 -136 21 -120 -119 99 -197 -21 72 20 -130 -53 94 154 -196 234 -88 -131 177 -92 139 -90 241 223 159 -208 83 -199 108 -243 148 -168 -43 -9 102 176 151 -85 75 245 -112 -24 -104 249 -182 -212 231 -52 164 -55 -173 173 -2 243 -3 -42 -128 53 55 156 -210 242 -114 85 157 116 -250 -207 -8 -133 70 170 64 222 210 131 84 204 -60 -211 12 34 -244 149 -163 236 -62 91 -226 -37 -32 37 -45 -111 147 239 160 215 227 10 -154 52 90 40 -14 -249 -176 -6 135 -202 161 -225 -158 118 -179 212 -145 87 -167 -153 132 -180 -84 -189 -64 -67 -162 -72 13 25 197 189 2 -184 -165 130 244 134 42 69 81 -125 -227 -235 6 129 27 -87 -47 -237 163 -46 97 -117 238 -35 203 209 -57 186 -59 -95 -215 -150 -234 -190 -170 -172 66 -44 -240 39 -161 -118 -23 213 95 221 -224 58 230 -193 -187 8 -205 -74 225 -141 33 77 -73 -39 217 -160 -50 68 218 1 138 -99 -186 126 14 -209 228 -230 -143 127 -34 110 124 -148 -239 -25 196 -66 86 109 -83 -174 188 7 162 219 -82 -127 -49 71 226 165 17 9 15 185 -206 246 166 175 45 146 117 111 121 133 -101 -137 -58 88 192 -54 -236 -96 172 -18 -30 46 73 -171 100 153 -177 0 201 -102 -116 -214 29 168 103 -93 -65 -129 74 -15 123 -7 -48 -98 -157 198 -181 -228 24 -164 -115 229 57 191 -108 35 180 -28 28 -13 106 -20 115 -113 -149 -195 -110 -11 195 -89 23 -122 105 65 16 207 -91 -103 26 -61 142 -75 240 -79 -223 214 182 -218 120 -232 174 -200 235 -5 -139 -166 -1 -33 141 -156 -109 -51 67 -159 61 205 80 216 -245 -238 -27 -36 50 -10 101 -198 -246 -76 -16 -121 48 -222 -29 44 -242 -4 -175 59 98 -63 -194 -201 -126 5 -77 -78 -71 208 -231 -213 237 104 -147 -68 56 96 41 -188 187 -138 -135 190 
TEST 42 ARG:-40 -146 -41 -219 -123 -229 -191 199 224 -80 22 -132 202 -142 -140 128 -178 -155 -221 -105 137 -217 136 167 -94 4 247 -241 178 62 155 19 150 152 107 114 181 206 -69 -12 -192 112 -183 -17 79 76 193 38 -86 -19 184 3 18 43 60 -81 194 -56 -38 -247 32 -152 -106 36 -134 92 -216 49 31 113 -124 -26 233 232 -151 54 -185 169 211 -233 -144 -100 78 119 93 -22 -248 47 183 -203 200 220 125 -107 145 144 -31 248 11 -70 140 179 -220 158 63 30 -204 171 82 51 -169 -97 122 89 143 -136 21 -120 -119 99 -197 -21 72 20 -130 -53 94 154 -196 234 -88 -131 177 -92 139 -90 241 223 159 -208 83 -199 108 -243 148 -168 -43 -9 102 176 151 -85 75 245 -112 -24 -104 249 -182 -212 231 -52 164 -55 -173 173 -2 243 -3 -42 -128 53 55 156 -210 242 -114 85 157 116 -250 -207 -8 -133 70 170 64 222 210 131 84 204 -60 -211 12 34 -244 149 -163 236 -62 91 -226 -37 -32 37 -45 -111 147 239 160 215 227 10 -154 52 90 40 -14 -249 -176 -6 135 -202 161 -225 -158 118 -179 212 -145 87 -167 -153 132 -180 -84 -189 -64 -67 -162 -72 13 25 197 189 2 -184 -165 130 244 134 42 69 81 -125 -227 -235 6 129 27 -87 -47 -237 163 -46 97 -117 238 -35 203 209 -57 186 -59 -95 -215 -150 -234 -190 -170 -172 66 -44 -240 39 -161 -118 -23 213 95 221 -224 58 230 -193 -187 8 -205 -74 225 -141 33 77 -73 -39 217 -160 -50 68 218 1 138 -99 -186 126 14 -209 228 -230 -143 127 -34 110 124 -148 -239 -25 196 -66 86 109 -83 -174 188 7 162 219 -82 -127 -49 71 226 165 17 9 15 185 -206 246 166 175 45 146 117 111 121 133 -101 -137 -58 88 192 -54 -236 -96 172 -18 -30 46 73 -171 100 153 -177 0 201 -102 -116 -214 29 168 103 -93 -65 -129 74 -15 123 -7 -48 -98 -157 198 -181 -228 24 -164 -115 229 57 191 -108 35 180 -28 28 -13 106 -20 115 -113 -149 -195 -110 -11 195 -89 23 -122 105 65 16 207 -91 -103 26 -61 142 -75 240 -79 -223 214 182 -218 120 -232 174 -200 235 -5 -139 -166 -1 -33 141 -156 -109 -51 67 -159 61 205 80 216 -245 -238 -27 -36 50 -10 101 -198 -246 -76 -16 -121 48 -222 -29 44 -242 -4 -175 59 98 -63 -194 -201 -126 5 -77 -78 -71 208 -231 -213 237 104 -147 -68 56 96 41 -188 187 -138 -135 190 
TEST 43 ARG:-52 131 112 -8 34 84 -64 109 60 -174 174 -16 197 -48 6 -112 -121 147 -107 -158 -165 97 -234 -202 -106 -92 9 -99 158 36 -56 107 -220 -171 213 -180 141 39 -239 156 143 -87 88 -15 -134 150 155 169 -133 -98 111 -204 -23 -146 118 -85 -228 138 33 44 -104 -61 -65 -215 214 89 -47 166 134 -78 -96 -148 -175 215 35 -169 -244 30 188 -218 -145 243 53 222 -45 -116 -75 230 -21 216 -181 12 221 -10 -138 110 -132 129 -242 -241 -123 161 -30 228 189 -195 200 -40 171 246 186 31 234 74 57 194 -71 4 -221 231 -199 127 -211 249 25 46 -81 58 -153 205 -94 -90 -127 159 66 -79 176 -108 100 -129 -1 229 135 -189 73 226 41 -240 212 -72 -3 -43 122 204 -44 154 -41 165 8 240 -159 56 -237 -120 245 0 191 59 -25 -139 -33 178 -179 -192 137 -42 -89 69 -170 52 130 -20 -117 -149 146 224 -102 54 -203 -227 -187 -95 -191 225 79 -186 87 108 173 -207 103 136 -22 -57 91 -182 94 62 162 244 152 19 -162 -35 -58 -51 120 -154 -156 -188 27 -31 151 -206 -19 -163 77 132 2 218 -80 20 175 65 -213 -130 98 -88 -26 -235 182 -247 -11 209 -212 217 -173 -217 -125 -233 126 148 115 -100 185 124 210 -248 232 -155 -63 -245 93 7 121 -2 1 -246 -225 -6 237 -37 81 198 -46 49 29 64 -9 -50 -13 18 -128 -115 184 -152 -205 -197 -103 51 208 144 -167 -93 202 -32 -183 92 61 238 168 75 239 -201 -178 -111 -230 99 -231 55 193 -166 43 -223 -70 101 179 -5 -216 5 -168 15 83 -24 -224 86 -4 201 183 -122 211 157 140 104 -196 67 -17 96 -185 -161 -193 -84 85 242 160 117 196 -97 207 203 -249 -38 -164 -198 47 -83 48 13 145 14 72 -143 -208 123 26 220 181 -250 11 -118 219 142 -18 192 -77 -126 187 153 102 -150 -114 -194 -55 180 125 -226 90 223 -184 206 22 -236 95 -66 139 -176 80 -113 -101 76 24 105 -67 -53 236 17 -142 149 -140 -157 106 -82 -27 114 -69 23 -36 -141 -151 170 119 -60 133 71 -135 -238 3 -7 32 233 28 113 -243 -59 78 10 -110 -86 40 -39 241 70 -190 -147 82 -210 -73 -14 21 247 177 -49 -131 45 116 50 -109 -74 -34 -144 172 -91 248 195 37 -219 -200 167 227 -177 -136 190 235 -28 -160 -12 -54 -105 128 -214 42 63 68 -137 164 -209 38 -232 -124 -119 -29 -76 199 -172 -222 163 16 -62 -229 -68 
TEST 43 ARG:-52 131 112 -8 34 84 -64 109 60 -174 174 -16 197 -48 6 -112 -121 147 -107 -158 -165 97 -234 -202 -106 -92 9 -99 158 36 -56 107 -220 -171 213 -180 141 39 -239 156 143 -87 88 -15 -134 150 155 169 -133 -98 111 -204 -23 -146 118 -85 -228 138 33 44 -104 -61 -65 -215 214 89 -47 166 134 -78 -96 -148 -175 215 35 -169 -244 30 188 -218 -145 243 53 222 -45 -116 -75 230 -21 216 -181 12 221 -10 -138 110 -132 129 -242 -241 -123 161 -30 228 189 -195 200 -40 171 246 186 31 234 74 57 194 -71 4 -221 231 -199 127 -211 249 25 46 -81 58 -153 205 -94 -90 -127 159 66 -79 176 -108 100 -129 -1 229 135 -189 73 226 41 -240 212 -72 -3 -43 122 204 -44 154 -41 165 8 240 -159 56 -237 -120 245 0 191 59 -25 -139 -33 178 -179 -192 137 -42 -89 69 -170 52 130 -20 -117 -149 146 224 -102 54 -203 -227 -187 -95 -191 225 79 -186 87 108 173 -207 103 136 -22 -57 91 -182 94 62 162 244 152 19 -162 -35 -58 -51 120 -154 -156 -188 27 -31 151 -206 -19 -163 77 132 2 218 -80 20 175 65 -213 -130 98 -88 -26 -235 182 -247 -11 209 -212 217 -173 -217 -125 -233 126 148 115 -100 185 124 210 -248 232 -155 -63 -245 93 7 121 -2 1 -246 -225 -6 237 -37 81 198 -46 49 29 64 -9 -50 -13 18 -128 -115 184 -152 -205 -197 -103 51 208 144 -167 -93 202 -32 -183 92 61 238 168 75 239 -201 -178 -111 -230 99 -231 55 193 -166 43 -223 -70 101 179 -5 -216 5 -168 15 83 -24 -224 86 -4 201 183 -122 211 157 140 104 -196 67 -17 96 -185 -161 -193 -84 85 242 160 117 196 -97 207 203 -249 -38 -164 -198 47 -83 48 13 145 14 72 -143 -208 123 26 220 181 -250 11 -118 219 142 -18 192 -77 -126 187 153 102 -150 -114 -194 -55 180 125 -226 90 223 -184 206 22 -236 95 -66 139 -176 80 -113 -101 76 24 105 -67 -53 236 17 -142 149 -140 -157 106 -82 -27 114 -69 23 -36 -141 -151 170 119 -60 133 71 -135 -238 3 -7 32 233 28 113 -243 -59 78 10 -110 -86 40 -39 241 70 -190 -147 82 -210 -73 -14 21 247 177 -49 -131 45 116 50 -109 -74 -34 -144 172 -91 248 195 37 -219 -200 167 227 -177 -136 190 235 -28 -160 -12 -54 -105 128 -214 42 63 68 -137 164 -209 38 -232 -124 -119 -29 -76 199 -172 -222 163 16 -62 -229 -68 
TEST 44 ARG:-215 -84 189 -53 101 150 61 -249 198 -240 84 -13 -222 199 -140 -115 -68 11 -234 -51 25 41 -66 -136 -99 -184 -154 -224 -107 181 -124 205 -30 -161 -135 227 201 -96 -37 -74 59 -7 163 2 -126 112 21 -235 -45 -248 66 93 -65 88 55 -216 45 47 73 -36 209 1 -12 157 -206 183 182 128 52 200 249 212 -196 -183 -20 -169 127 71 -110 -173 -47 28 -132 4 81 -39 232 -34 -59 92 -61 -162 222 111 -228 35 130 -50 -229 -79 236 177 -54 -242 -83 -55 191 96 -221 -155 215 -6 -15 -245 51 60 15 -85 120 169 -159 141 90 -1 135 218 -14 56 -146 -116 -133 -97 -32 -101 86 -211 -23 104 -150 -82 -16 -243 -63 187 -138 -165 75 -128 -202 -144 -201 106 36 53 134 -187 -236 143 211 -31 -103 204 242 10 -191 -112 145 -119 -214 165 -203 -134 -121 -178 -177 39 89 -125 159 19 -102 107 197 248 -38 167 -164 48 171 -209 -48 64 -94 118 5 -76 241 20 -246 37 179 -210 -153 34 103 42 -122 -232 146 -237 -167 180 13 126 -142 -69 70 234 190 125 -120 -73 -139 30 -87 -75 29 -182 -231 12 68 221 -81 173 -141 108 83 216 -57 -109 -217 23 114 -238 110 -19 -95 -52 194 -29 -175 69 -239 22 97 235 100 192 142 132 208 -207 196 228 -157 147 149 17 -41 -64 174 76 -22 -152 -163 -197 91 -17 131 175 -204 -2 94 239 -27 40 -213 188 49 -24 -218 -44 102 231 -137 -70 -220 -208 -113 -160 -4 -230 237 -118 -78 -174 210 -8 156 95 -170 170 137 -198 3 -180 -111 -28 -130 -105 -5 -77 122 44 -227 113 -11 230 -56 31 54 -225 -241 -247 -181 -168 57 -195 -147 105 -171 -35 33 240 206 -9 99 -194 -46 217 77 -166 62 238 -250 -108 -33 220 46 -3 -72 -104 207 67 -129 -90 -185 -49 158 193 -93 195 117 226 214 -100 168 -156 -40 245 246 -91 -223 -127 161 -145 0 -60 166 -149 -117 79 223 -92 136 138 -131 151 225 -10 -67 202 172 115 -189 18 50 -25 -244 153 -226 185 -186 -106 -80 -199 98 -123 -212 16 160 109 87 -86 186 233 85 148 -114 -88 -158 140 229 224 9 -190 152 244 82 219 -42 -18 6 8 124 -62 -233 121 154 213 72 247 176 144 119 -26 164 162 243 65 203 -98 -200 80 123 -151 -205 139 7 -89 155 26 -193 -43 78 38 58 178 -71 74 116 -172 184 27 63 133 -188 14 24 -176 129 32 43 -143 -219 -21 -148 -179 -192 -58 
TEST 44 ARG:-215 -84 189 -53 101 150 61 -249 198 -240 84 -13 -222 199 -140 -115 -68 11 -234 -51 25 41 -66 -136 -99 -184 -154 -224 -107 181 -124 205 -30 -161 -135 227 201 -96 -37 -74 59 -7 163 2 -126 112 21 -235 -45 -248 66 93 -65 88 55 -216 45 47 73 -36 209 1 -12 157 -206 183 182 128 52 200 249 212 -196 -183 -20 -169 127 71 -110 -173 -47 28 -132 4 81 -39 232 -34 -59 92 -61 -162 222 111 -228 35 130 -50 -229 -79 236 177 -54 -242 -83 -55 191 96 -221 -155 215 -6 -15 -245 51 60 15 -85 120 169 -159 141 90 -1 135 218 -14 56 -146 -116 -133 -97 -32 -101 86 -211 -23 104 -150 -82 -16 -243 -63 187 -138 -165 75 -128 -202 -144 -201 106 36 53 134 -187 -236 143 211 -31 -103 204 242 10 -191 -112 145 -119 -214 165 -203 -134 -121 -178 -177 39 89 -125 159 19 -102 107 197 248 -38 167 -164 48 171 -209 -48 64 -94 118 5 -76 241 20 -246 37 179 -210 -153 34 103 42 -122 -232 146 -237 -167 180 13 126 -142 -69 70 234 190 125 -120 -73 -139 30 -87 -75 29 -182 -231 12 68 221 -81 173 -141 108 83 216 -57 -109 -217 23 114 -238 110 -19 -95 -52 194 -29 -175 69 -239 22 97 235 100 192 142 132 208 -207 196 228 -157 147 149 17 -41 -64 174 76 -22 -152 -163 -197 91 -17 131 175 -204 -2 94 239 -27 40 -213 188 49 -24 -218 -44 102 231 -137 -70 -220 -208 -113 -160 -4 -230 237 -118 -78 -174 210 -8 156 95 -170 170 137 -198 3 -180 -111 -28 -130 -105 -5 -77 122 44 -227 113 -11 230 -56 31 54 -225 -241 -247 -181 -168 57 -195 -147 105 -171 -35 33 240 206 -9 99 -194 -46 217 77 -166 62 238 -250 -108 -33 220 46 -3 -72 -104 207 67 -129 -90 -185 -49 158 193 -93 195 117 226 214 -100 168 -156 -40 245 246 -91 -223 -127 161 -145 0 -60 166 -149 -117 79 223 -92 136 138 -131 151 225 -10 -67 202 172 115 -189 18 50 -25 -244 153 -226 185 -186 -106 -80 -199 98 -123 -212 16 160 109 87 -86 186 233 85 148 -114 -88 -158 140 229 224 9 -190 152 244 82 219 -42 -18 6 8 124 -62 -233 121 154 213 72 247 176 144 119 -26 164 162 243 65 203 -98 -200 80 123 -151 -205 139 7 -89 155 26 -193 -43 78 38 58 178 -71 74 116 -172 184 27 63 133 -188 14 24 -176 129 32 43 -143 -219 -21 -148 -179 -192 -58 
TEST 45 ARG:-126 -250 224 229 -68 -241 11 -20 244 124 155 -1 235 -221 -154 111 211 8 63 43 42 6 46 -212 -16 -75 -162 203 -143 100 174 -140 -87 -210 213 -188 -208 -64 233 -108 -104 230 -183 -200 228 -92 -2 60 246 182 -86 196 242 -73 -34 -157 143 -204 -171 165 -135 151 -56 -180 -167 217 -235 14 109 59 135 147 -19 192 52 162 -192 -96 -141 -4 107 -95 92 49 -196 219 66 -134 -172 198 216 231 175 156 -55 137 -119 132 201 154 85 202 24 1 -228 -176 -65 -3 -9 -223 159 25 -133 69 -234 232 84 166 -51 -215 -61 -129 90 62 -203 101 -195 -240 -136 -233 -122 -98 -138 31 -229 234 27 -152 51 -77 -78 -99 215 173 -242 -94 -76 5 -184 -107 -38 243 176 -132 -194 167 50 -206 236 -230 -198 -74 96 -218 36 237 -101 199 30 -123 86 -14 186 -237 -21 221 142 208 80 -201 77 227 146 -163 163 200 -236 -226 -175 -72 212 152 -83 187 -5 157 161 -130 88 239 -205 238 116 -225 119 103 -173 4 130 -35 -33 125 -110 -62 180 -231 -207 58 -58 209 -69 -190 -90 -42 -185 -49 -125 -244 153 -191 204 -43 -13 -137 -181 72 -41 127 94 169 -239 149 106 55 194 -142 -178 -220 -66 93 -8 79 95 131 91 -151 7 -153 35 145 -88 -114 -54 -145 141 177 -217 41 -243 247 218 71 121 -219 123 48 144 -40 115 190 61 126 73 -227 34 -71 -46 -57 -248 -160 10 33 191 13 222 38 241 -213 -149 -31 15 2 57 78 -70 -102 -120 -67 -11 68 65 16 26 197 -25 18 210 120 -103 -246 -32 249 76 -139 -249 -169 9 -159 -216 53 105 -27 -89 64 37 -28 -224 -166 -36 -232 56 -60 193 226 -79 74 205 -158 -124 -245 183 -106 214 171 -48 -53 248 -111 133 3 138 -12 83 -6 -97 82 12 -84 32 -113 75 97 -193 185 54 70 179 112 -174 44 -209 188 -202 240 128 118 99 -131 102 81 98 206 -211 -214 -63 -177 220 -47 29 207 -121 -85 -29 223 189 -116 122 -81 40 170 -146 -179 -156 39 -50 -105 -197 -186 -39 -91 114 22 178 168 -247 104 245 113 -52 89 19 47 -23 -222 21 -26 140 45 67 -44 28 -165 -17 -37 -15 0 -147 117 129 -150 -117 225 -144 -128 -187 -148 -10 -112 -189 150 -199 -170 -161 134 195 108 -7 -115 87 -80 136 160 -118 -59 -164 164 20 17 172 -30 -238 -93 -168 158 -155 -24 -182 -18 148 110 -82 184 -22 -109 23 181 139 -100 -45 -127 
TEST 45 ARG:-126 -250 224 229 -68 -241 11 -20 244 124 155 -1 235 -221 -154 111 211 8 63 43 42 6 46 -212 -16 -75 -162 203 -143 100 174 -140 -87 -210 213 -188 -208 -64 233 -108 -104 230 -183 -200 228 -92 -2 60 246 182 -86 196 242 -73 -34 -157 143 -204 -171 165 -135 151 -56 -180 -167 217 -235 14 109 59 135 147 -19 192 52 162 -192 -96 -141 -4 107 -95 92 49 -196 219 66 -134 -172 198 216 231 175 156 -55 137 -119 132 201 154 85 202 24 1 -228 -176 -65 -3 -9 -223 159 25 -133 69 -234 232 84 166 -51 -215 -61 -129 90 62 -203 101 -195 -240 -136 -233 -122 -98 -138 31 -229 234 27 -152 51 -77 -78 -99 215 173 -242 -94 -76 5 -184 -107 -38 243 176 -132 -194 167 50 -206 236 -230 -198 -74 96 -218 36 237 -101 199 30 -123 86 -14 186 -237 -21 221 142 208 80 -201 77 227 146 -163 163 200 -236 -226 -175 -72 212 152 -83 187 -5 157 161 -130 88 239 -205 238 116 -225 119 103 -173 4 130 -35 -33 125 -110 -62 180 -231 -207 58 -58 209 -69 -190 -90 -42 -185 -49 -125 -244 153 -191 204 -43 -13 -137 -181 72 -41 127 94 169 -239 149 106 55 194 -142 -178 -220 -66 93 -8 79 95 131 91 -151 7 -153 35 145 -88 -114 -54 -145 141 177 -217 41 -243 247 218 71 121 -219 123 48 144 -40 115 190 61 126 73 -227 34 -71 -46 -57 -248 -160 10 33 191 13 222 38 241 -213 -149 -31 15 2 57 78 -70 -102 -120 -67 -11 68 65 16 26 197 -25 18 210 120 -103 -246 -32 249 76 -139 -249 -169 9 -159 -216 53 105 -27 -89 64 37 -28 -224 -166 -36 -232 56 -60 193 226 -79 74 205 -158 -124 -245 183 -106 214 171 -48 -53 248 -111 133 3 138 -12 83 -6 -97 82 12 -84 32 -113 75 97 -193 185 54 70 179 112 -174 44 -209 188 -202 240 128 118 99 -131 102 81 98 206 -211 -214 -63 -177 220 -47 29 207 -121 -85 -29 223 189 -116 122 -81 40 170 -146 -179 -156 39 -50 -105 -197 -186 -39 -91 114 22 178 168 -247 104 245 113 -52 89 19 47 -23 -222 21 -26 140 45 67 -44 28 -165 -17 -37 -15 0 -147 117 129 -150 -117 225 -144 -128 -187 -148 -10 -112 -189 150 -199 -170 -161 134 195 108 -7 -115 87 -80 136 160 -118 -59 -164 164 20 17 172 -30 -238 -93 -168 158 -155 -24 -182 -18 148 110 -82 184 -22 -109 23 181 139 -100 -45 -127 
TEST 46 ARG:96 -183 -71 -203 97 219 140 143 106 95 -132 -158 170 -37 -13 48 -77 35 -16 200 -136 134 218 198 -96 118 33 -144 -87 -10 228 -53 83 28 -36 -113 43 -98 221 -51 -159 -214 90 -201 116 199 52 141 -23 -76 -154 190 -68 81 147 -192 189 65 -112 102 -128 -196 174 92 51 -34 231 201 -188 -169 -94 -88 24 2 -83 -100 103 -8 61 82 129 -205 175 -129 -69 -227 -26 -74 -29 206 -233 172 -106 -220 163 -230 202 245 -6 -119 49 -184 240 146 -110 115 183 -124 122 67 77 -143 -60 -130 16 75 -224 -45 -43 153 -131 222 -86 -152 -102 -244 128 124 246 -9 -14 229 -150 99 -206 208 -18 -1 -19 109 56 -209 27 -149 -2 168 -52 84 -101 47 66 167 -204 -210 70 -194 6 145 40 104 -135 9 72 -208 178 -55 154 100 188 121 213 244 -199 -11 235 157 132 20 5 -99 26 -147 38 -66 -73 -20 -241 29 -38 -47 -33 233 -207 37 232 -212 125 126 -65 -117 171 211 161 -228 215 -242 108 -215 54 234 160 -245 110 152 107 50 117 -222 86 -175 55 -160 -103 -125 -108 -193 19 -97 -115 -137 -191 226 12 -118 223 59 41 -64 -226 -250 220 114 23 184 -114 203 -59 -78 -28 -145 -56 7 63 -126 79 -166 -234 -107 -85 80 31 197 -105 150 -229 -168 -90 -190 -80 148 -185 -22 -165 -67 -248 238 -39 -249 -247 -121 -15 -49 14 -239 -42 89 -75 -211 93 -46 111 -89 -240 -138 17 -173 225 -139 -57 166 105 4 185 -235 39 -221 -238 0 -223 -216 -157 182 62 -202 236 227 64 123 207 -176 149 239 -5 179 -195 -198 -104 176 85 -231 -177 135 -109 3 8 -62 -21 217 15 73 -123 87 133 -4 13 -70 -12 58 -84 216 -200 181 -218 -167 -156 34 -179 -162 164 -3 -27 -155 155 -81 -140 74 -82 -95 -217 -40 -31 -50 -35 -17 -219 -232 -178 195 159 -54 191 -92 113 248 68 -63 243 -72 45 -93 78 98 -237 -91 22 91 -243 60 -146 196 -189 212 173 -58 214 205 249 187 -182 151 -236 136 -79 -163 -25 18 101 162 -187 142 138 224 -48 -246 247 -213 -134 25 210 94 169 -133 139 -44 44 -7 -24 144 -111 21 137 46 -153 -32 32 -170 130 193 -116 -180 119 204 88 186 30 -61 127 120 -174 69 237 1 -151 -172 230 -186 -30 -127 -197 11 112 -171 -164 -142 36 242 71 53 180 -161 76 -225 42 -120 10 194 158 57 192 209 -181 241 156 -41 165 -141 -148 131 -122 177 
TEST 46 ARG:96 -183 -71 -203 97 219 140 143 106 95 -132 -158 170 -37 -13 48 -77 35 -16 200 -136 134 218 198 -96 118 33 -144 -87 -10 228 -53 83 28 -36 -113 43 -98 221 -51 -159 -214 90 -201 116 199 52 141 -23 -76 -154 190 -68 81 147 -192 189 65 -112 102 -128 -196 174 92 51 -34 231 201 -188 -169 -94 -88 24 2 -83 -100 103 -8 61 82 129 -205 175 -129 -69 -227 -26 -74 -29 206 -233 172 -106 -220 163 -230 202 245 -6 -119 49 -184 240 146 -110 115 183 -124 122 67 77 -143 -60 -130 16 75 -224 -45 -43 153 -131 222 -86 -152 -102 -244 128 124 246 -9 -14 229 -150 99 -206 208 -18 -1 -19 109 56 -209 27 -149 -2 168 -52 84 -101 47 66 167 -204 -210 70 -194 6 145 40 104 -135 9 72 -208 178 -55 154 100 188 121 213 244 -199 -11 235 157 132 20 5 -99 26 -147 38 -66 -73 -20 -241 29 -38 -47 -33 233 -207 37 232 -212 125 126 -65 -117 171 211 161 -228 215 -242 108 -215 54 234 160 -245 110 152 107 50 117 -222 86 -175 55 -160 -103 -125 -108 -193 19 -97 -115 -137 -191 226 12 -118 223 59 41 -64 -226 -250 220 114 23 184 -114 203 -59 -78 -28 -145 -56 7 63 -126 79 -166 -234 -107 -85 80 31 197 -105 150 -229 -168 -90 -190 -80 148 -185 -22 -165 -67 -248 238 -39 -249 -247 -121 -15 -49 14 -239 -42 89 -75 -211 93 -46 111 -89 -240 -138 17 -173 225 -139 -57 166 105 4 185 -235 39 -221 -238 0 -223 -216 -157 182 62 -202 236 227 64 123 207 -176 149 239 -5 179 -195 -198 -104 176 85 -231 -177 135 -109 3 8 -62 -21 217 15 73 -123 87 133 -4 13 -70 -12 58 -84 216 -200 181 -218 -167 -156 34 -179 -162 164 -3 -27 -155 155 -81 -140 74 -82 -95 -217 -40 -31 -50 -35 -17 -219 -232 -178 195 159 -54 191 -92 113 248 68 -63 243 -72 45 -93 78 98 -237 -91 22 91 -243 60 -146 196 -189 212 173 -58 214 205 249 187 -182 151 -236 136 -79 -163 -25 18 101 162 -187 142 138 224 -48 -246 247 -213 -134 25 210 94 169 -133 139 -44 44 -7 -24 144 -111 21 137 46 -153 -32 32 -170 130 193 -116 -180 119 204 88 186 30 -61 127 120 -174 69 237 1 -151 -172 230 -186 -30 -127 -197 11 112 -171 -164 -142 36 242 71 53 180 -161 76 -225 42 -120 10 194 158 57 192 209 -181 241 156 -41 165 -141 -148 131 -122 177 
TEST 47 ARG:15 -223 -185 -67 85 131 -114 -205 -243 202 103 177 120 -139 74 -57 -122 -116 185 -120 -222 81 244 113 -44 -54 153 -83 203 239 -238 95 165 58 24 -90 123 11 -170 186 182 241 -66 -65 -98 29 69 234 199 -29 178 -182 -102 -60 1 232 197 130 -242 -109 -104 -117 -51 -92 -4 60 99 -56 170 84 94 -247 -225 175 -204 224 -162 108 157 -240 -235 68 -71 51 110 210 247 -140 -146 -27 71 200 46 -194 -19 183 25 -123 -135 -228 -145 89 215 55 188 10 171 -49 90 201 160 221 -99 112 72 180 209 -163 -8 -232 227 -167 242 2 -18 -248 137 -106 -32 -79 -34 45 -35 -156 144 139 -43 119 -178 -171 223 -11 -64 -207 -213 -59 22 18 132 193 155 21 67 -245 -69 -201 -38 -220 -186 238 125 -101 53 101 212 128 167 216 -97 -212 -239 -119 -188 163 141 7 -172 -81 115 -138 -88 142 49 229 -70 -25 -121 -230 158 70 -249 -17 -132 -152 -206 -128 -85 -218 42 -229 -55 -224 -158 116 -13 -149 78 166 -144 -94 -47 -200 66 75 -16 145 143 -148 134 169 159 222 -23 62 152 162 138 73 79 114 235 -28 118 -24 93 -12 9 -75 -6 26 168 38 83 243 228 5 -166 213 -107 -189 226 -231 52 -62 148 -143 47 233 -133 12 -134 -45 -95 -210 -241 189 194 63 20 240 225 -233 184 76 -89 -208 33 -96 -1 -61 -53 23 64 87 -78 -41 124 -217 -169 56 50 -40 126 173 -21 151 -160 219 -198 -153 -219 -105 48 179 -244 -50 39 -37 136 -164 -202 -33 -2 -237 32 37 6 -151 100 -191 61 31 211 -84 34 -42 246 14 -246 -177 -159 102 -181 230 -130 -86 -15 59 190 -141 -22 -110 -10 181 111 -155 17 104 -129 -3 54 107 16 -199 19 -168 -203 -127 -46 -124 86 97 127 -187 154 191 0 -180 231 41 129 -126 236 -150 -216 204 195 -214 -77 -161 -131 -103 80 147 176 192 -195 13 -175 -100 -73 -9 -20 -250 208 -80 109 -215 28 172 174 249 -209 -48 27 -30 57 92 -36 245 -154 4 156 105 -58 -108 -118 -176 161 -197 -184 106 -147 -125 82 65 122 214 -179 3 -7 220 -142 164 -183 -226 40 -157 -68 196 -111 -174 198 -192 121 -26 -74 -72 8 237 91 146 -227 -115 117 -87 218 36 140 77 -91 133 -137 187 43 -236 -31 207 -136 -52 -113 -173 -190 -76 -93 -39 -234 -63 -221 44 -5 -82 206 149 96 35 -211 217 -196 88 -193 30 -165 205 -14 -112 150 135 248 98 
TEST 47 ARG:15 -223 -185 -67 85 131 -114 -205 -243 202 103 177 120 -139 74 -57 -122 -116 185 -120 -222 81 244 113 -44 -54 153 -83 203 239 -238 95 165 58 24 -90 123 11 -170 186 182 241 -66 -65 -98 29 69 234 199 -29 178 -182 -102 -60 1 232 197 130 -242 -109 -104 -117 -51 -92 -4 60 99 -56 170 84 94 -247 -225 175 -204 224 -162 108 157 -240 -235 68 -71 51 110 210 247 -140 -146 -27 71 200 46 -194 -19 183 25 -123 -135 -228 -145 89 215 55 188 10 171 -49 90 201 160 221 -99 112 72 180 209 -163 -8 -232 227 -167 242 2 -18 -248 137 -106 -32 -79 -34 45 -35 -156 144 139 -43 119 -178 -171 223 -11 -64 -207 -213 -59 22 18 132 193 155 21 67 -245 -69 -201 -38 -220 -186 238 125 -101 53 101 212 128 167 216 -97 -212 -239 -119 -188 163 141 7 -172 -81 115 -138 -88 142 49 229 -70 -25 -121 -230 158 70 -249 -17 -132 -152 -206 -128 -85 -218 42 -229 -55 -224 -158 116 -13 -149 78 166 -144 -94 -47 -200 66 75 -16 145 143 -148 134 169 159 222 -23 62 152 162 138 73 79 114 235 -28 118 -24 93 -12 9 -75 -6 26 168 38 83 243 228 5 -166 213 -107 -189 226 -231 52 -62 148 -143 47 233 -133 12 -134 -45 -95 -210 -241 189 194 63 20 240 225 -233 184 76 -89 -208 33 -96 -1 -61 -53 23 64 87 -78 -41 124 -217 -169 56 50 -40 126 173 -21 151 -160 219 -198 -153 -219 -105 48 179 -244 -50 39 -37 136 -164 -202 -33 -2 -237 32 37 6 -151 100 -191 61 31 211 -84 34 -42 246 14 -246 -177 -159 102 -181 230 -130 -86 -15 59 190 -141 -22 -110 -10 181 111 -155 17 104 -129 -3 54 107 16 -199 19 -168 -203 -127 -46 -124 86 97 127 -187 154 191 0 -180 231 41 129 -126 236 -150 -216 204 195 -214 -77 -161 -131 -103 80 147 176 192 -195 13 -175 -100 -73 -9 -20 -250 208 -80 109 -215 28 172 174 249 -209 -48 27 -30 57 92 -36 245 -154 4 156 105 -58 -108 -118 -176 161 -197 -184 106 -147 -125 82 65 122 214 -179 3 -7 220 -142 164 -183 -226 40 -157 -68 196 -111 -174 198 -192 121 -26 -74 -72 8 237 91 146 -227 -115 117 -87 218 36 140 77 -91 133 -137 187 43 -236 -31 207 -136 -52 -113 -173 -190 -76 -93 -39 -234 -63 -221 44 -5 -82 206 149 96 35 -211 217 -196 88 -193 30 -165 205 -14 -112 150 135 248 98 
TEST 48 ARG:-64 -9 229 134 205 145 -171 246 -154 148 91 157 -21 -203 141 22 133 -68 83 217 6 128 108 -14 162 196 99 77 62 -188 -184 -58 197 204 15 -54 170 102 39 -116 230 17 121 114 61 -248 103 42 189 -120 -214 67 212 135 237 239 -35 -99 -165 10 -158 -36 111 -107 0 -194 -235 -27 -95 72 203 -247 14 165 -169 -225 -147 104 -152 -135 69 168 100 188 181 169 175 171 -114 60 210 124 105 -49 144 238 -132 -218 172 -174 36 89 180 206 -100 -134 -245 -183 -31 -190 -215 56 -160 -140 150 74 96 126 30 -143 71 107 -39 151 -106 82 167 -55 -238 -189 -168 207 -89 44 -45 208 153 149 183 -24 -69 -18 243 -29 58 130 29 -232 -26 -240 -33 -109 -88 228 -118 178 8 -71 209 199 179 117 68 115 -151 -70 52 -87 27 -226 81 147 -212 -229 -72 -91 235 26 -139 -136 -67 -77 -13 -117 -84 80 -81 -19 65 7 211 -148 24 185 137 186 -61 -78 156 159 234 75 23 -46 -243 191 -207 4 113 -82 -115 -34 -166 -41 97 116 -146 43 244 233 -130 90 88 -239 -126 -63 -241 -206 -4 173 -60 193 37 214 -198 164 -124 163 1 21 -51 -15 -162 120 240 176 31 -177 -6 -164 70 -127 249 152 225 236 198 98 -98 35 -176 -236 155 -234 -44 231 -59 -73 73 -175 11 190 -192 -200 -195 -102 46 12 -110 132 122 76 59 -56 -57 -108 154 138 160 25 18 -181 -138 248 201 -209 50 -141 -231 177 119 -47 85 -28 -187 -185 -223 -42 -228 -137 247 -221 -224 142 245 -74 -23 140 41 -22 -205 -155 -83 161 92 19 -20 -222 -1 232 95 -65 86 -62 -208 -43 40 5 -145 -204 -220 -3 194 106 -101 127 -213 -163 -196 -48 -37 192 -66 -32 139 -216 -10 53 32 110 -93 -2 -103 -76 33 -131 78 -25 -237 131 -144 3 -119 -211 34 118 -178 123 38 -17 47 -8 226 54 20 -52 -40 51 -246 -230 -113 -219 -149 -197 55 241 -179 -191 200 143 48 66 -150 -153 -159 -129 136 -16 16 -157 218 -75 -244 224 221 112 -53 -199 125 -92 -233 -7 -173 -142 -128 109 28 -167 242 -250 187 -121 -186 146 219 -193 213 -85 195 -38 -111 -156 -86 -133 216 -105 227 202 64 -94 49 -227 -161 84 -182 184 45 -170 94 215 -172 13 -180 220 93 -50 -11 -122 101 -112 -123 166 -30 -202 223 129 2 87 63 -104 -201 57 -217 -5 -79 158 -249 -210 -80 79 -96 174 222 9 182 -12 -125 -90 -242 -97 
TEST 48 ARG:-64 -9 229 134 205 145 -171 246 -154 148 91 157 -21 -203 141 22 133 -68 83 217 6 128 108 -14 162 196 99 77 62 -188 -184 -58 197 204 15 -54 170 102 39 -116 230 17 121 114 61 -248 103 42 189 -120 -214 67 212 135 237 239 -35 -99 -165 10 -158 -36 111 -107 0 -194 -235 -27 -95 72 203 -247 14 165 -169 -225 -147 104 -152 -135 69 168 100 188 181 169 175 171 -114 60 210 124 105 -49 144 238 -132 -218 172 -174 36 89 180 206 -100 -134 -245 -183 -31 -190 -215 56 -160 -140 150 74 96 126 30 -143 71 107 -39 151 -106 82 167 -55 -238 -189 -168 207 -89 44 -45 208 153 149 183 -24 -69 -18 243 -29 58 130 29 -232 -26 -240 -33 -109 -88 228 -118 178 8 -71 209 199 179 117 68 115 -151 -70 52 -87 27 -226 81 147 -212 -229 -72 -91 235 26 -139 -136 -67 -77 -13 -117 -84 80 -81 -19 65 7 211 -148 24 185 137 186 -61 -78 156 159 234 75 23 -46 -243 191 -207 4 113 -82 -115 -34 -166 -41 97 116 -146 43 244 233 -130 90 88 -239 -126 -63 -241 -206 -4 173 -60 193 37 214 -198 164 -124 163 1 21 -51 -15 -162 120 240 176 31 -177 -6 -164 70 -127 249 152 225 236 198 98 -98 35 -176 -236 155 -234 -44 231 -59 -73 73 -175 11 190 -192 -200 -195 -102 46 12 -110 132 122 76 59 -56 -57 -108 154 138 160 25 18 -181 -138 248 201 -209 50 -141 -231 177 119 -47 85 -28 -187 -185 -223 -42 -228 -137 247 -221 -224 142 245 -74 -23 140 41 -22 -205 -155 -83 161 92 19 -20 -222 -1 232 95 -65 86 -62 -208 -43 40 5 -145 -204 -220 -3 194 106 -101 127 -213 -163 -196 -48 -37 192 -66 -32 139 -216 -10 53 32 110 -93 -2 -103 -76 33 -131 78 -25 -237 131 -144 3 -119 -211 34 118 -178 123 38 -17 47 -8 226 54 20 -52 -40 51 -246 -230 -113 -219 -149 -197 55 241 -179 -191 200 143 48 66 -150 -153 -159 -129 136 -16 16 -157 218 -75 -244 224 221 112 -53 -199 125 -92 -233 -7 -173 -142 -128 109 28 -167 242 -250 187 -121 -186 146 219 -193 213 -85 195 -38 -111 -156 -86 -133 216 -105 227 202 64 -94 49 -227 -161 84 -182 184 45 -170 94 215 -172 13 -180 220 93 -50 -11 -122 101 -112 -123 166 -30 -202 223 129 2 87 63 -104 -201 57 -217 -5 -79 158 -249 -210 -80 79 -96 174 222 9 182 -12 -125 -90 -242 -97 
TEST 49 ARG:133 -168 197 -150 19 -101 26 102 -220 -19 34 -1 -91 -111 -141 118 179 -124 -173 114 -18 173 -186 178 -232 25 200 -65 -43 -157 56 -211 -183 -249 -97 157 -131 123 -20 -68 129 -121 74 169 212 -63 21 149 -154 -39 -16 -219 153 33 -13 70 -177 62 -244 -159 113 -102 -4 110 -17 218 -174 242 28 12 -138 -99 122 -46 65 -11 104 -223 244 -153 -139 -37 137 18 236 -69 117 -243 30 9 107 101 -209 158 160 220 120 -170 -228 -92 215 222 -162 -182 -116 184 -29 95 90 163 -216 -188 85 134 -125 -195 -119 66 -161 37 36 4 -142 31 -189 216 -215 141 106 180 -193 -31 145 94 92 -221 233 67 23 -212 91 -114 116 -9 155 -62 -230 -160 -206 146 52 -227 84 57 -117 -78 -21 -140 -118 86 -200 -50 190 -205 192 194 -57 14 -105 -172 83 234 -127 -26 -246 -250 -226 -6 -204 -80 -79 213 53 -45 54 13 -175 156 -224 -89 182 -187 -71 5 -163 -201 -83 -137 221 -134 205 -67 -7 -245 46 -199 229 10 171 40 50 -129 -74 -22 -38 -30 -234 -59 -147 188 -109 -217 -190 -214 124 -156 186 -52 238 167 172 -176 126 140 78 -76 -207 -146 -191 -32 -108 -23 32 232 -167 208 159 -66 -128 17 -41 201 41 235 93 121 -233 -120 240 132 143 -113 -164 75 -149 -196 -55 135 -181 196 -8 -40 69 -51 -75 -48 87 -152 39 -229 166 81 -115 225 80 -47 249 191 164 -86 109 243 76 -180 -34 22 108 -145 217 -95 48 193 206 79 148 -225 175 142 59 -166 -122 147 51 0 -5 3 -198 226 245 103 -77 -222 6 -239 88 -151 98 202 29 136 165 72 210 -210 111 224 -36 -135 128 209 170 77 -143 199 -126 174 11 -56 239 -248 150 203 -165 42 177 -158 68 187 -3 15 -235 -179 -84 45 -106 211 -82 -64 127 -58 -178 -107 -133 151 144 -12 131 -42 219 27 99 -87 -88 -73 -247 223 71 -72 139 55 -2 -100 20 97 82 115 -53 161 -112 -185 44 38 -96 207 185 -14 -197 -136 -28 -25 -144 -184 125 -194 -238 -218 119 248 -44 -85 64 237 58 16 -202 189 -208 8 198 231 -241 168 -61 -231 2 -90 176 -27 89 -130 195 -54 24 -213 230 -132 73 -192 -203 -110 154 -242 -171 -155 -98 -81 -236 130 204 183 1 162 -240 -33 -15 246 43 105 100 -60 -49 -93 -123 47 241 96 -94 112 -148 -35 181 -103 -24 -169 35 247 49 227 -70 -10 7 228 -237 152 61 60 63 -104 214 138 
TEST 49 ARG:133 -168 197 -150 19 -101 26 102 -220 -19 34 -1 -91 -111 -141 118 179 -124 -173 114 -18 173 -186 178 -232 25 200 -65 -43 -157 56 -211 -183 -249 -97 157 -131 123 -20 -68 129 -121 74 169 212 -63 21 149 -154 -39 -16 -219 153 33 -13 70 -177 62 -244 -159 113 -102 -4 110 -17 218 -174 242 28 12 -138 -99 122 -46 65 -11 104 -223 244 -153 -139 -37 137 18 236 -69 117 -243 30 9 107 101 -209 158 160 220 120 -170 -228 -92 215 222 -162 -182 -116 184 -29 95 90 163 -216 -188 85 134 -125 -195 -119 66 -161 37 36 4 -142 31 -189 216 -215 141 106 180 -193 -31 145 94 92 -221 233 67 23 -212 91 -114 116 -9 155 -62 -230 -160 -206 146 52 -227 84 57 -117 -78 -21 -140 -118 86 -200 -50 190 -205 192 194 -57 14 -105 -172 83 234 -127 -26 -246 -250 -226 -6 -204 -80 -79 213 53 -45 54 13 -175 156 -224 -89 182 -187 -71 5 -163 -201 -83 -137 221 -134 205 -67 -7 -245 46 -199 229 10 171 40 50 -129 -74 -22 -38 -30 -234 -59 -147 188 -109 -217 -190 -214 124 -156 186 -52 238 167 172 -176 126 140 78 -76 -207 -146 -191 -32 -108 -23 32 232 -167 208 159 -66 -128 17 -41 201 41 235 93 121 -233 -120 240 132 143 -113 -164 75 -149 -196 -55 135 -181 196 -8 -40 69 -51 -75 -48 87 -152 39 -229 166 81 -115 225 80 -47 249 191 164 -86 109 243 76 -180 -34 22 108 -145 217 -95 48 193 206 79 148 -225 175 142 59 -166 -122 147 51 0 -5 3 -198 226 245 103 -77 -222 6 -239 88 -151 98 202 29 136 165 72 210 -210 111 224 -36 -135 128 209 170 77 -143 199 -126 174 11 -56 239 -248 150 203 -165 42 177 -158 68 187 -3 15 -235 -179 -84 45 -106 211 -82 -64 127 -58 -178 -107 -133 151 144 -12 131 -42 219 27 99 -87 -88 -73 -247 223 71 -72 139 55 -2 -100 20 97 82 115 -53 161 -112 -185 44 38 -96 207 185 -14 -197 -136 -28 -25 -144 -184 125 -194 -238 -218 119 248 -44 -85 64 237 58 16 -202 189 -208 8 198 231 -241 168 -61 -231 2 -90 176 -27 89 -130 195 -54 24 -213 230 -132 73 -192 -203 -110 154 -242 -171 -155 -98 -81 -236 130 204 183 1 162 -240 -33 -15 246 43 105 100 -60 -49 -93 -123 47 241 96 -94 112 -148 -35 181 -103 -24 -169 35 247 49 227 -70 -10 7 228 -237 152 61 60 63 -104 214 138 
TEST 50 ARG:120 -112 -79 -193 103 86 -52 62 176 -172 -246 -147 133 100 125 96 -150 -214 -244 -137 -111 -213 -177 -20 61 -99 152 53 241 -67 240 -114 -199 107 126 -134 148 -10 51 202 159 216 -243 -73 23 -192 -8 27 171 172 166 -102 -140 0 3 -88 43 248 -18 -236 102 -86 17 4 -156 64 179 19 54 60 -85 150 207 -202 -245 -174 -42 -64 201 -92 -24 24 -127 -60 -158 143 78 129 -185 217 47 63 164 -90 -143 204 187 101 12 36 235 186 -247 110 -39 -12 -48 -83 -14 -191 -168 89 242 -119 -163 49 210 -240 -142 -108 106 -173 218 -95 -209 237 -183 -154 188 185 144 233 29 243 -11 213 -43 -242 -189 158 -98 -107 -220 -110 -198 13 -97 -238 5 -50 1 -141 -81 38 18 -57 10 74 203 48 -187 -151 109 -128 44 -100 -94 33 80 -19 72 232 14 70 -2 -237 -234 209 -249 -121 155 -37 -4 91 -204 35 -58 -222 -208 -61 -164 79 -235 -21 16 -182 -201 141 244 -167 75 221 8 85 114 136 -31 119 -62 169 163 157 -132 -46 71 -117 -212 165 112 31 -239 228 211 -136 6 229 50 -89 170 93 -71 -227 -68 130 122 -87 -219 212 46 -131 105 -233 26 -26 -13 140 132 180 238 222 197 68 -122 95 127 57 195 198 45 69 20 -180 -120 -171 225 -105 -36 151 123 189 -216 -229 -188 147 -241 99 -181 104 97 -5 -72 146 -224 -17 -106 160 -56 -157 42 108 205 230 -40 -51 137 -109 -69 -33 236 84 -1 94 -93 -75 -205 167 231 154 -54 -169 -148 81 -63 182 -38 206 -152 174 2 111 -125 9 -160 25 87 113 -149 177 66 192 -59 135 39 -113 -49 -23 -91 59 56 -76 175 199 28 219 -145 30 -230 21 -231 -101 -6 138 178 247 -144 7 -126 116 -178 77 -84 -196 -47 -53 -118 -223 -74 -34 -200 -135 246 -7 -226 -206 90 -124 -28 73 139 -15 -232 76 -44 156 -218 118 -190 142 -77 -123 194 -55 -162 52 -103 -194 -130 -16 153 161 -133 117 -225 183 -96 173 -155 -179 190 -29 -129 181 -210 -41 149 245 -82 -159 -104 58 162 128 11 -203 115 200 -165 65 -138 -211 196 -115 92 121 40 234 168 -27 145 224 184 55 -80 -184 -78 -32 -217 134 88 124 67 -45 22 34 -228 -70 -25 -250 -139 -9 -116 98 214 -195 191 -65 -248 227 41 -197 215 239 -207 -3 220 83 -175 -22 37 223 208 193 -146 -166 -30 -35 226 -186 -176 82 -215 249 -153 -221 131 -66 -161 15 32 -170 
TEST 50 ARG:120 -112 -79 -193 103 86 -52 62 176 -172 -246 -147 133 100 125 96 -150 -214 -244 -137 -111 -213 -177 -20 61 -99 152 53 241 -67 240 -114 -199 107 126 -134 148 -10 51 202 159 216 -243 -73 23 -192 -8 27 171 172 166 -102 -140 0 3 -88 43 248 -18 -236 102 -86 17 4 -156 64 179 19 54 60 -85 150 207 -202 -245 -174 -42 -64 201 -92 -24 24 -127 -60 -158 143 78 129 -185 217 47 63 164 -90 -143 204 187 101 12 36 235 186 -247 110 -39 -12 -48 -83 -14 -191 -168 89 242 -119 -163 49 210 -240 -142 -108 106 -173 218 -95 -209 237 -183 -154 188 185 144 233 29 243 -11 213 -43 -242 -189 158 -98 -107 -220 -110 -198 13 -97 -238 5 -50 1 -141 -81 38 18 -57 10 74 203 48 -187 -151 109 -128 44 -100 -94 33 80 -19 72 232 14 70 -2 -237 -234 209 -249 -121 155 -37 -4 91 -204 35 -58 -222 -208 -61 -164 79 -235 -21 16 -182 -201 141 244 -167 75 221 8 85 114 136 -31 119 -62 169 163 157 -132 -46 71 -117 -212 165 112 31 -239 228 211 -136 6 229 50 -89 170 93 -71 -227 -68 130 122 -87 -219 212 46 -131 105 -233 26 -26 -13 140 132 180 238 222 197 68 -122 95 127 57 195 198 45 69 20 -180 -120 -171 225 -105 -36 151 123 189 -216 -229 -188 147 -241 99 -181 104 97 -5 -72 146 -224 -17 -106 160 -56 -157 42 108 205 230 -40 -51 137 -109 -69 -33 236 84 -1 94 -93 -75 -205 167 231 154 -54 -169 -148 81 -63 182 -38 206 -152 174 2 111 -125 9 -160 25 87 113 -149 177 66 192 -59 135 39 -113 -49 -23 -91 59 56 -76 175 199 28 219 -145 30 -230 21 -231 -101 -6 138 178 247 -144 7 -126 116 -178 77 -84 -196 -47 -53 -118 -223 -74 -34 -200 -135 246 -7 -226 -206 90 -124 -28 73 139 -15 -232 76 -44 156 -218 118 -190 142 -77 -123 194 -55 -162 52 -103 -194 -130 -16 153 161 -133 117 -225 183 -96 173 -155 -179 190 -29 -129 181 -210 -41 149 245 -82 -159 -104 58 162 128 11 -203 115 200 -165 65 -138 -211 196 -115 92 121 40 234 168 -27 145 224 184 55 -80 -184 -78 -32 -217 134 88 124 67 -45 22 34 -228 -70 -25 -250 -139 -9 -116 98 214 -195 191 -65 -248 227 41 -197 215 239 -207 -3 220 83 -175 -22 37 223 208 193 -146 -166 -30 -35 226 -186 -176 82 -215 249 -153 -221 131 -66 -161 15 32 -170 
TEST 51 ARG:80 -205 -245 -186 0 111 -93 -142 29 228 245 -4 216 131 -220 -35 105 -248 -148 79 -210 194 -184 225 -213 -169 15 -196 106 125 -219 200 161 247 60 123 -136 221 103 -247 -166 192 243 11 119 40 117 162 23 -138 -235 -199 138 -172 -228 -39 -198 -128 9 151 -80 -232 -43 248 -207 -102 -129 54 143 -14 -144 -226 -131 -157 -73 158 -13 -112 183 165 234 65 70 -71 212 -188 -41 99 14 -134 -101 -139 -191 -222 -179 110 -159 -125 197 38 235 7 116 93 -17 232 -197 166 211 -223 -137 81 8 -189 -170 83 -19 87 -211 181 -28 227 -161 -64 -108 -168 198 -231 -141 121 -38 203 112 -224 -158 94 -150 22 230 -34 -91 -33 -177 -27 -12 -30 -209 107 202 -155 130 195 -40 10 18 -86 -83 229 -217 -20 -42 136 -81 139 -208 1 57 -243 145 -114 30 191 72 31 -171 85 239 4 164 120 205 187 179 -176 91 -84 122 -78 -111 -92 59 144 98 -46 89 -72 170 126 -106 -37 -10 -115 -8 184 244 -45 -160 36 177 -238 -107 -192 3 214 20 -16 16 -201 154 196 -236 -11 -204 188 84 75 -153 101 -165 51 -237 115 -195 142 69 175 -7 -90 -51 104 208 -25 12 -246 32 147 -47 -79 246 56 -143 92 218 6 76 82 68 -119 -202 67 176 182 -126 -156 -31 178 217 62 17 -183 -116 37 -66 124 90 148 -24 -175 238 -214 133 -241 -233 -200 47 -105 -130 5 -215 -152 108 71 249 48 -121 135 43 134 -2 -61 73 233 153 156 215 -99 185 240 -250 96 44 189 -29 -63 193 171 -48 -58 -6 -82 58 174 -62 -151 -32 13 150 190 -49 220 155 -89 -96 66 -70 128 -149 -57 -88 -52 169 -26 -65 -77 -87 236 163 -104 50 226 46 -98 45 -147 213 -123 -244 206 -85 -109 41 -44 -9 219 102 180 -97 -239 146 64 -242 -249 237 -227 -76 129 -124 141 95 -74 -145 -69 -1 34 127 149 -229 88 39 -190 33 114 -164 -154 -22 160 118 -117 -100 -230 223 167 -135 -234 -163 86 -162 -181 63 -187 -133 207 -54 210 204 -180 -212 209 53 -23 -118 -167 24 -120 -113 -140 19 241 -132 201 -95 -216 97 113 -206 74 -53 199 52 28 -50 -174 77 132 -240 -146 -203 49 159 -15 21 152 -122 -21 78 231 -55 -56 100 222 -36 140 -193 -94 137 242 -67 -75 -225 224 -173 109 -185 27 -194 -218 186 -178 -3 61 35 42 -5 -103 172 55 26 157 -60 -59 168 -182 173 -221 -127 2 25 -110 -68 -18 
TEST 51 ARG:80 -205 -245 -186 0 111 -93 -142 29 228 245 -4 216 131 -220 -35 105 -248 -148 79 -210 194 -184 225 -213 -169 15 -196 106 125 -219 200 161 247 60 123 -136 221 103 -247 -166 192 243 11 119 40 117 162 23 -138 -235 -199 138 -172 -228 -39 -198 -128 9 151 -80 -232 -43 248 -207 -102 -129 54 143 -14 -144 -226 -131 -157 -73 158 -13 -112 183 165 234 65 70 -71 212 -188 -41 99 14 -134 -101 -139 -191 -222 -179 110 -159 -125 197 38 235 7 116 93 -17 232 -197 166 211 -223 -137 81 8 -189 -170 83 -19 87 -211 181 -28 227 -161 -64 -108 -168 198 -231 -141 121 -38 203 112 -224 -158 94 -150 22 230 -34 -91 -33 -177 -27 -12 -30 -209 107 202 -155 130 195 -40 10 18 -86 -83 229 -217 -20 -42 136 -81 139 -208 1 57 -243 145 -114 30 191 72 31 -171 85 239 4 164 120 205 187 179 -176 91 -84 122 -78 -111 -92 59 144 98 -46 89 -72 170 126 -106 -37 -10 -115 -8 184 244 -45 -160 36 177 -238 -107 -192 3 214 20 -16 16 -201 154 196 -236 -11 -204 188 84 75 -153 101 -165 51 -237 115 -195 142 69 175 -7 -90 -51 104 208 -25 12 -246 32 147 -47 -79 246 56 -143 92 218 6 76 82 68 -119 -202 67 176 182 -126 -156 -31 178 217 62 17 -183 -116 37 -66 124 90 148 -24 -175 238 -214 133 -241 -233 -200 47 -105 -130 5 -215 -152 108 71 249 48 -121 135 43 134 -2 -61 73 233 153 156 215 -99 185 240 -250 96 44 189 -29 -63 193 171 -48 -58 -6 -82 58 174 -62 -151 -32 13 150 190 -49 220 155 -89 -96 66 -70 128 -149 -57 -88 -52 169 -26 -65 -77 -87 236 163 -104 50 226 46 -98 45 -147 213 -123 -244 206 -85 -109 41 -44 -9 219 102 180 -97 -239 146 64 -242 -249 237 -227 -76 129 -124 141 95 -74 -145 -69 -1 34 127 149 -229 88 39 -190 33 114 -164 -154 -22 160 118 -117 -100 -230 223 167 -135 -234 -163 86 -162 -181 63 -187 -133 207 -54 210 204 -180 -212 209 53 -23 -118 -167 24 -120 -113 -140 19 241 -132 201 -95 -216 97 113 -206 74 -53 199 52 28 -50 -174 77 132 -240 -146 -203 49 159 -15 21 152 -122 -21 78 231 -55 -56 100 222 -36 140 -193 -94 137 242 -67 -75 -225 224 -173 109 -185 27 -194 -218 186 -178 -3 61 35 42 -5 -103 172 55 26 157 -60 -59 168 -182 173 -221 -127 2 25 -110 -68 -18 
TEST 52 ARG:88 201 -124 -47 -231 -249 137 -139 -19 -48 -18 62 116 -237 -138 -79 -76 143 -141 217 51 124 18 -38 115 86 65 19 211 242 -181 229 84 176 2 -27 -155 -129 139 109 -68 -121 231 106 -21 238 -52 -203 68 34 -146 -33 147 25 3 -140 97 135 64 -193 207 77 -195 -122 -59 -60 -39 127 -192 141 -215 -213 -188 118 14 136 152 15 218 -212 -173 103 -8 -115 133 -94 244 -225 -85 144 189 82 -206 87 99 -127 209 -218 -125 -111 75 41 30 91 111 -151 -207 43 164 -109 10 -25 159 -227 -224 -84 -120 -49 230 -102 66 54 247 46 123 -164 -119 -50 81 40 -199 69 235 195 177 16 4 -156 -210 -145 -82 -87 162 27 -64 -222 204 226 -185 -100 -137 8 -2 -71 -62 90 126 -89 107 -169 -105 7 -232 -32 -248 100 -250 -246 157 236 -187 173 183 -166 -229 -91 237 214 -223 158 206 -43 219 70 -170 -78 -158 13 -172 29 0 -11 232 187 -234 -41 -106 -77 -211 179 -88 23 171 -157 -86 -168 96 212 175 184 -73 -36 198 92 -30 -165 167 156 -81 -228 -34 -204 -144 -135 50 243 -191 216 -134 -1 128 78 234 -70 -201 55 -175 52 -241 -131 79 -3 -15 -113 161 -236 110 -98 -9 -149 -31 89 -176 -22 -37 -167 223 180 80 36 -5 182 -96 28 -74 -83 186 73 -171 192 122 -13 130 42 98 125 48 -189 -245 -126 224 191 21 33 -14 -240 -247 6 -90 -214 -24 -244 -58 185 61 56 -40 -217 -63 -20 200 149 -163 -69 -239 -67 -161 9 47 63 -154 225 197 -108 174 145 -220 -162 -233 57 -107 -133 -42 20 -110 -196 -238 -7 -54 -202 246 38 -198 85 -235 210 101 -17 131 -75 35 134 228 -197 -221 233 190 193 -95 222 239 -6 22 -117 71 -103 168 -28 -190 132 227 -194 -184 -65 220 -147 102 114 -35 -152 -93 -216 -56 178 -128 120 -10 39 -226 -243 181 121 -44 -97 -4 95 155 248 104 140 -148 -46 129 -178 12 188 24 17 241 150 59 119 199 -200 83 221 153 -72 -242 169 -179 245 -104 -53 148 44 172 94 76 11 26 31 -118 -45 74 240 -209 163 60 208 138 -205 166 196 -150 -177 -29 170 -99 203 -123 53 -23 160 -92 117 205 -132 -153 108 93 -51 194 151 -112 146 58 -57 154 -180 -136 215 202 -61 142 72 -101 105 -143 -26 67 -116 32 -130 -159 -142 -219 49 -66 -208 -183 -16 -182 5 -114 -230 -174 -186 -55 113 -80 165 37 -12 249 112 -160 213 1 45 
TEST 52 ARG:88 201 -124 -47 -231 -249 137 -139 -19 -48 -18 62 116 -237 -138 -79 -76 143 -141 217 51 124 18 -38 115 86 65 19 211 242 -181 229 84 176 2 -27 -155 -129 139 109 -68 -121 231 106 -21 238 -52 -203 68 34 -146 -33 147 25 3 -140 97 135 64 -193 207 77 -195 -122 -59 -60 -39 127 -192 141 -215 -213 -188 118 14 136 152 15 218 -212 -173 103 -8 -115 133 -94 244 -225 -85 144 189 82 -206 87 99 -127 209 -218 -125 -111 75 41 30 91 111 -151 -207 43 164 -109 10 -25 159 -227 -224 -84 -120 -49 230 -102 66 54 247 46 123 -164 -119 -50 81 40 -199 69 235 195 177 16 4 -156 -210 -145 -82 -87 162 27 -64 -222 204 226 -185 -100 -137 8 -2 -71 -62 90 126 -89 107 -169 -105 7 -232 -32 -248 100 -250 -246 157 236 -187 173 183 -166 -229 -91 237 214 -223 158 206 -43 219 70 -170 -78 -158 13 -172 29 0 -11 232 187 -234 -41 -106 -77 -211 179 -88 23 171 -157 -86 -168 96 212 175 184 -73 -36 198 92 -30 -165 167 156 -81 -228 -34 -204 -144 -135 50 243 -191 216 -134 -1 128 78 234 -70 -201 55 -175 52 -241 -131 79 -3 -15 -113 161 -236 110 -98 -9 -149 -31 89 -176 -22 -37 -167 223 180 80 36 -5 182 -96 28 -74 -83 186 73 -171 192 122 -13 130 42 98 125 48 -189 -245 -126 224 191 21 33 -14 -240 -247 6 -90 -214 -24 -244 -58 185 61 56 -40 -217 -63 -20 200 149 -163 -69 -239 -67 -161 9 47 63 -154 225 197 -108 174 145 -220 -162 -233 57 -107 -133 -42 20 -110 -196 -238 -7 -54 -202 246 38 -198 85 -235 210 101 -17 131 -75 35 134 228 -197 -221 233 190 193 -95 222 239 -6 22 -117 71 -103 168 -28 -190 132 227 -194 -184 -65 220 -147 102 114 -35 -152 -93 -216 -56 178 -128 120 -10 39 -226 -243 181 121 -44 -97 -4 95 155 248 104 140 -148 -46 129 -178 12 188 24 17 241 150 59 119 199 -200 83 221 153 -72 -242 169 -179 245 -104 -53 148 44 172 94 76 11 26 31 -118 -45 74 240 -209 163 60 208 138 -205 166 196 -150 -177 -29 170 -99 203 -123 53 -23 160 -92 117 205 -132 -153 108 93 -51 194 151 -112 146 58 -57 154 -180 -136 215 202 -61 142 72 -101 105 -143 -26 67 -116 32 -130 -159 -142 -219 49 -66 -208 -183 -16 -182 5 -114 -230 -174 -186 -55 113 -80 165 37 -12 249 112 -160 213 1 45 
TEST 53 ARG:-216 -19 -239 31 219 -209 54 79 -206 -62 78 -86 222 -142 -116 42 101 248 170 -229 -177 -143 102 -172 -167 -87 -97 -75 236 63 217 -95 -28 15 -178 94 -168 198 103 -77 -79 -50 -223 -184 34 189 55 182 -237 106 74 -164 -6 -96 151 -157 211 18 109 53 88 27 -78 188 -226 199 232 184 -46 -191 32 187 -66 -144 -38 159 -187 -162 -71 -36 214 69 -159 -55 173 -180 50 72 29 -9 137 172 -112 -247 67 -147 -192 -131 58 -17 -47 -108 136 -171 -118 -195 -48 10 -51 -230 -129 -115 8 -234 175 -250 25 11 247 215 197 -2 37 181 62 190 -244 48 204 -185 -210 205 -182 -49 -41 87 -61 -90 -151 -122 -170 -165 194 246 -93 -83 -113 -10 22 38 238 111 156 -21 -117 -30 177 -110 200 -94 166 -114 19 -235 -203 -72 -11 45 -133 -13 -249 244 0 165 -205 -189 -207 174 -65 -152 -198 93 100 -231 21 193 14 191 -76 249 113 39 134 -140 -202 -100 98 131 135 70 -37 -23 171 -240 -85 96 43 44 -68 47 -39 -222 -29 243 73 241 192 75 223 -107 -173 -224 119 183 -241 -15 242 -176 -105 -126 228 123 178 68 97 -194 -16 57 143 -80 71 -103 -106 59 227 -174 -58 -160 195 132 -169 52 138 153 5 -44 -181 180 -188 149 -238 -232 -119 -5 -59 162 145 209 133 -73 40 112 -8 -40 -197 -81 129 148 147 -25 167 -139 157 -217 81 -31 1 -27 146 105 2 224 216 -3 -245 64 -70 -88 160 -7 163 7 121 46 -219 117 164 -183 126 30 -132 -196 -211 152 -12 210 -158 114 -52 -153 -141 61 -35 -43 84 -186 -146 -243 186 -102 41 226 -104 -91 -121 142 110 118 115 -248 -156 122 82 77 -120 -22 220 36 107 -138 -161 -179 24 -145 218 -201 128 -214 -98 -242 -1 -212 155 -149 237 104 -127 83 -60 90 -227 -155 35 185 49 20 99 179 -215 17 -135 230 -218 125 -134 85 -225 65 51 86 -246 139 -18 150 -45 208 4 26 -82 -42 95 -4 161 9 -137 92 3 -154 240 56 -14 154 -148 -208 -64 60 116 -200 -53 -221 108 76 16 -123 6 140 202 158 -99 144 -57 168 -69 -34 -163 -193 23 -89 -101 -166 225 12 -84 33 -125 -67 127 124 -124 -56 203 -109 -150 -220 239 233 -136 89 221 196 -228 -130 229 245 -20 -175 231 -111 235 -233 80 -74 -54 212 176 -128 201 169 -26 -199 -33 130 28 141 -204 -63 -24 -92 -32 -190 13 91 120 -213 207 206 66 -236 213 234 
TEST 53 ARG:-216 -19 -239 31 219 -209 54 79 -206 -62 78 -86 222 -142 -116 42 101 248 170 -229 -177 -143 102 -172 -167 -87 -97 -75 236 63 217 -95 -28 15 -178 94 -168 198 103 -77 -79 -50 -223 -184 34 189 55 182 -237 106 74 -164 -6 -96 151 -157 211 18 109 53 88 27 -78 188 -226 199 232 184 -46 -191 32 187 -66 -144 -38 159 -187 -162 -71 -36 214 69 -159 -55 173 -180 50 72 29 -9 137 172 -112 -247 67 -147 -192 -131 58 -17 -47 -108 136 -171 -118 -195 -48 10 -51 -230 -129 -115 8 -234 175 -250 25 11 247 215 197 -2 37 181 62 190 -244 48 204 -185 -210 205 -182 -49 -41 87 -61 -90 -151 -122 -170 -165 194 246 -93 -83 -113 -10 22 38 238 111 156 -21 -117 -30 177 -110 200 -94 166 -114 19 -235 -203 -72 -11 45 -133 -13 -249 244 0 165 -205 -189 -207 174 -65 -152 -198 93 100 -231 21 193 14 191 -76 249 113 39 134 -140 -202 -100 98 131 135 70 -37 -23 171 -240 -85 96 43 44 -68 47 -39 -222 -29 243 73 241 192 75 223 -107 -173 -224 119 183 -241 -15 242 -176 -105 -126 228 123 178 68 97 -194 -16 57 143 -80 71 -103 -106 59 227 -174 -58 -160 195 132 -169 52 138 153 5 -44 -181 180 -188 149 -238 -232 -119 -5 -59 162 145 209 133 -73 40 112 -8 -40 -197 -81 129 148 147 -25 167 -139 157 -217 81 -31 1 -27 146 105 2 224 216 -3 -245 64 -70 -88 160 -7 163 7 121 46 -219 117 164 -183 126 30 -132 -196 -211 152 -12 210 -158 114 -52 -153 -141 61 -35 -43 84 -186 -146 -243 186 -102 41 226 -104 -91 -121 142 110 118 115 -248 -156 122 82 77 -120 -22 220 36 107 -138 -161 -179 24 -145 218 -201 128 -214 -98 -242 -1 -212 155 -149 237 104 -127 83 -60 90 -227 -155 35 185 49 20 99 179 -215 17 -135 230 -218 125 -134 85 -225 65 51 86 -246 139 -18 150 -45 208 4 26 -82 -42 95 -4 161 9 -137 92 3 -154 240 56 -14 154 -148 -208 -64 60 116 -200 -53 -221 108 76 16 -123 6 140 202 158 -99 144 -57 168 -69 -34 -163 -193 23 -89 -101 -166 225 12 -84 33 -125 -67 127 124 -124 -56 203 -109 -150 -220 239 233 -136 89 221 196 -228 -130 229 245 -20 -175 231 -111 235 -233 80 -74 -54 212 176 -128 201 169 -26 -199 -33 130 28 141 -204 -63 -24 -92 -32 -190 13 91 120 -213 207 206 66 -236 213 234 
TEST 54 ARG:42 -103 194 -1 47 -33 -181 80 -192 59 -45 -104 -51 -122 54 119 84 -172 229 32 -175 -191 -185 200 -187 -153 -140 168 -207 -143 -229 -154 178 151 -85 176 -193 -88 -48 104 5 177 -74 -83 164 33 45 -146 -130 7 56 196 206 126 44 -139 106 -42 66 -225 228 39 -249 210 222 55 -58 68 167 -39 -76 246 -150 70 231 223 130 -219 174 102 -250 6 -111 187 50 247 -240 219 -10 163 -214 113 -173 149 148 -102 -113 71 93 147 -190 -86 184 -12 137 -226 -244 -120 81 -234 -101 -61 216 58 234 -167 143 99 -186 -194 161 46 -112 57 123 67 -141 244 17 10 0 159 -155 -35 -20 12 -36 -205 -55 -243 36 -134 -198 11 -183 214 189 -3 -80 16 72 239 140 -6 -108 -94 -200 -89 77 208 75 107 -138 63 -142 -67 103 -177 135 25 -125 -218 133 -147 35 73 40 -117 128 -87 98 -47 134 -151 -7 -129 -174 -248 92 204 -43 238 -202 48 -100 22 108 -46 202 69 242 -54 60 121 160 116 -195 -25 227 220 -118 89 -24 -197 237 -163 74 141 -238 -30 -131 -41 -184 -31 118 171 4 -57 -66 -156 120 172 65 -199 -107 -116 192 -106 -239 -209 -32 31 -77 138 -135 83 21 158 97 209 -73 175 190 -170 -70 -8 -28 -127 -105 249 -171 -221 -216 241 -56 -17 -189 -82 -53 -237 215 -62 198 53 -109 14 26 -21 95 -84 -228 -149 -224 136 144 -90 61 129 34 -160 240 139 -98 -132 186 157 -217 225 -230 100 152 211 101 -23 -166 -162 -235 49 -121 52 -75 88 -211 -9 23 -29 -236 29 112 76 -222 -114 -5 213 122 179 -178 -91 -208 -157 170 205 -182 19 153 230 -215 -19 224 193 180 -69 -68 -247 64 -245 -188 166 -97 105 207 212 3 114 -148 -136 248 -180 -71 13 162 203 -2 142 -95 218 -15 235 -133 243 -64 195 94 -26 181 -232 -137 197 155 -223 -34 -115 -144 117 -40 156 217 232 -93 -65 -49 -59 28 -242 -13 236 79 -164 131 145 -124 -44 51 -22 173 27 -78 -119 -227 38 82 15 -161 132 -123 78 41 -246 37 -4 -11 125 -81 -176 -206 221 -16 90 -110 -18 -128 199 245 96 226 -38 124 -196 -152 -204 -14 -50 2 18 188 20 -210 -126 86 110 -92 30 -158 -168 -241 -37 -179 109 183 -52 -79 8 -63 -27 165 62 233 127 91 -203 201 150 146 191 1 -231 24 115 -159 -96 -212 -169 169 -165 -233 -220 -145 -60 -99 -213 43 9 154 -72 -201 185 111 182 85 87 
TEST 54 ARG:42 -103 194 -1 47 -33 -181 80 -192 59 -45 -104 -51 -122 54 119 84 -172 229 32 -175 -191 -185 200 -187 -153 -140 168 -207 -143 -229 -154 178 151 -85 176 -193 -88 -48 104 5 177 -74 -83 164 33 45 -146 -130 7 56 196 206 126 44 -139 106 -42 66 -225 228 39 -249 210 222 55 -58 68 167 -39 -76 246 -150 70 231 223 130 -219 174 102 -250 6 -111 187 50 247 -240 219 -10 163 -214 113 -173 149 148 -102 -113 71 93 147 -190 -86 184 -12 137 -226 -244 -120 81 -234 -101 -61 216 58 234 -167 143 99 -186 -194 161 46 -112 57 123 67 -141 244 17 10 0 159 -155 -35 -20 12 -36 -205 -55 -243 36 -134 -198 11 -183 214 189 -3 -80 16 72 239 140 -6 -108 -94 -200 -89 77 208 75 107 -138 63 -142 -67 103 -177 135 25 -125 -218 133 -147 35 73 40 -117 128 -87 98 -47 134 -151 -7 -129 -174 -248 92 204 -43 238 -202 48 -100 22 108 -46 202 69 242 -54 60 121 160 116 -195 -25 227 220 -118 89 -24 -197 237 -163 74 141 -238 -30 -131 -41 -184 -31 118 171 4 -57 -66 -156 120 172 65 -199 -107 -116 192 -106 -239 -209 -32 31 -77 138 -135 83 21 158 97 209 -73 175 190 -170 -70 -8 -28 -127 -105 249 -171 -221 -216 241 -56 -17 -189 -82 -53 -237 215 -62 198 53 -109 14 26 -21 95 -84 -228 -149 -224 136 144 -90 61 129 34 -160 240 139 -98 -132 186 157 -217 225 -230 100 152 211 101 -23 -166 -162 -235 49 -121 52 -75 88 -211 -9 23 -29 -236 29 112 76 -222 -114 -5 213 122 179 -178 -91 -208 -157 170 205 -182 19 153 230 -215 -19 224 193 180 -69 -68 -247 64 -245 -188 166 -97 105 207 212 3 114 -148 -136 248 -180 -71 13 162 203 -2 142 -95 218 -15 235 -133 243 -64 195 94 -26 181 -232 -137 197 155 -223 -34 -115 -144 117 -40 156 217 232 -93 -65 -49 -59 28 -242 -13 236 79 -164 131 145 -124 -44 51 -22 173 27 -78 -119 -227 38 82 15 -161 132 -123 78 41 -246 37 -4 -11 125 -81 -176 -206 221 -16 90 -110 -18 -128 199 245 96 226 -38 124 -196 -152 -204 -14 -50 2 18 188 20 -210 -126 86 110 -92 30 -158 -168 -241 -37 -179 109 183 -52 -79 8 -63 -27 165 62 233 127 91 -203 201 150 146 191 1 -231 24 115 -159 -96 -212 -169 169 -165 -233 -220 -145 -60 -99 -213 43 9 154 -72 -201 185 111 182 85 87 
TEST 55 ARG:-17 -52 77 -159 -31 -223 238 -73 62 -114 247 -144 99 -216 -7 -34 140 -80 -226 -11 -4 -168 -54 -26 -116 196 -147 197 75 -110 -75 -43 -113 198 -227 -50 219 58 237 39 -60 201 76 -90 177 -82 12 32 -109 -70 106 -3 158 35 -14 193 84 -229 -169 91 -69 -157 146 -35 0 81 -55 176 202 221 240 123 7 3 -99 234 -143 -1 -151 206 185 121 -86 -127 -193 190 -133 -247 -246 48 -180 92 102 28 -238 -242 -104 168 45 152 -72 90 -39 -56 -91 156 248 -118 -209 214 -41 208 191 -38 -184 -150 -5 -63 -95 -117 -148 -213 -79 -48 110 57 153 181 217 56 -161 34 165 -224 95 -126 51 -153 173 204 -131 20 157 -198 245 -108 -89 -30 -202 -49 93 174 226 -138 47 5 246 -154 63 -13 -137 108 232 125 -237 -149 24 67 -219 36 -59 180 -61 195 -12 -134 -232 6 114 167 -228 -178 162 73 154 -175 -240 70 -203 171 60 -106 -66 103 -28 184 -53 203 143 -221 -239 -182 -46 -191 -10 144 66 -81 179 -234 215 -77 -222 233 -96 -18 119 138 -199 199 230 135 -181 178 54 -83 205 -160 -173 241 -2 130 -68 83 -243 236 -23 -214 218 -51 -204 -76 -103 101 -32 -22 -197 -194 105 211 -155 249 -179 80 -129 -205 65 89 -78 -119 -212 41 1 96 -19 200 -190 94 -165 -9 133 -140 -6 145 207 -107 118 40 -235 149 -29 -105 126 -177 115 87 72 111 -189 -112 -192 -36 -128 -152 52 -124 223 61 -15 4 -248 134 -20 -25 109 -92 27 100 222 -170 88 71 -37 -88 224 189 25 128 42 -207 -58 -171 -139 -101 159 147 -185 29 -93 -187 188 243 160 -62 33 227 151 -233 -33 120 229 209 13 -145 97 -211 228 122 59 -249 -57 -21 22 18 53 216 49 183 -47 244 55 132 -183 163 131 -125 64 85 -67 -201 129 -196 161 -135 2 -146 -121 -250 242 16 -218 44 23 -230 -164 -44 -74 -122 31 -174 -64 78 -102 -167 68 170 -156 239 213 166 169 -163 -231 164 -97 -24 148 187 -215 -84 69 -162 -65 107 -172 46 186 10 116 210 -244 43 -8 -200 50 141 19 -98 -115 9 -241 155 -210 225 14 -42 -16 -217 104 15 194 182 -71 -195 79 -158 -142 -40 139 212 231 -136 37 17 -141 -208 86 -206 112 -176 -132 -94 11 117 -220 -100 82 220 -186 21 -120 -130 26 192 -85 127 -111 98 -45 74 137 235 -166 -87 30 113 175 -225 142 -188 150 8 124 172 -123 136 -27 -245 38 -236 
TEST 55 ARG:-17 -52 77 -159 -31 -223 238 -73 62 -114 247 -144 99 -216 -7 -34 140 -80 -226 -11 -4 -168 -54 -26 -116 196 -147 197 75 -110 -75 -43 -113 198 -227 -50 219 58 237 39 -60 201 76 -90 177 -82 12 32 -109 -70 106 -3 158 35 -14 193 84 -229 -169 91 -69 -157 146 -35 0 81 -55 176 202 221 240 123 7 3 -99 234 -143 -1 -151 206 185 121 -86 -127 -193 190 -133 -247 -246 48 -180 92 102 28 -238 -242 -104 168 45 152 -72 90 -39 -56 -91 156 248 -118 -209 214 -41 208 191 -38 -184 -150 -5 -63 -95 -117 -148 -213 -79 -48 110 57 153 181 217 56 -161 34 165 -224 95 -126 51 -153 173 204 -131 20 157 -198 245 -108 -89 -30 -202 -49 93 174 226 -138 47 5 246 -154 63 -13 -137 108 232 125 -237 -149 24 67 -219 36 -59 180 -61 195 -12 -134 -232 6 114 167 -228 -178 162 73 154 -175 -240 70 -203 171 60 -106 -66 103 -28 184 -53 203 143 -221 -239 -182 -46 -191 -10 144 66 -81 179 -234 215 -77 -222 233 -96 -18 119 138 -199 199 230 135 -181 178 54 -83 205 -160 -173 241 -2 130 -68 83 -243 236 -23 -214 218 -51 -204 -76 -103 101 -32 -22 -197 -194 105 211 -155 249 -179 80 -129 -205 65 89 -78 -119 -212 41 1 96 -19 200 -190 94 -165 -9 133 -140 -6 145 207 -107 118 40 -235 149 -29 -105 126 -177 115 87 72 111 -189 -112 -192 -36 -128 -152 52 -124 223 61 -15 4 -248 134 -20 -25 109 -92 27 100 222 -170 88 71 -37 -88 224 189 25 128 42 -207 -58 -171 -139 -101 159 147 -185 29 -93 -187 188 243 160 -62 33 227 151 -233 -33 120 229 209 13 -145 97 -211 228 122 59 -249 -57 -21 22 18 53 216 49 183 -47 244 55 132 -183 163 131 -125 64 85 -67 -201 129 -196 161 -135 2 -146 -121 -250 242 16 -218 44 23 -230 -164 -44 -74 -122 31 -174 -64 78 -102 -167 68 170 -156 239 213 166 169 -163 -231 164 -97 -24 148 187 -215 -84 69 -162 -65 107 -172 46 186 10 116 210 -244 43 -8 -200 50 141 19 -98 -115 9 -241 155 -210 225 14 -42 -16 -217 104 15 194 182 -71 -195 79 -158 -142 -40 139 212 231 -136 37 17 -141 -208 86 -206 112 -176 -132 -94 11 117 -220 -100 82 220 -186 21 -120 -130 26 192 -85 127 -111 98 -45 74 137 235 -166 -87 30 113 175 -225 142 -188 150 8 124 172 -123 136 -27 -245 38 -236 
TEST 56 ARG:162 -194 186 -71 -57 -144 125 144 196 -128 145 -230 -164 -106 -84 24 62 -244 164 175 -99 -42 158 -136 108 166 139 -117 6 117 50 -112 71 -46 188 -189 201 -245 181 -210 120 63 -68 -36 -139 -33 -232 -123 -186 -22 -31 -175 155 -212 -41 105 -221 -199 206 -151 -6 -193 102 2 -160 118 -173 243 170 229 -66 -78 -51 236 -242 9 154 121 184 26 17 -24 151 -20 -75 208 163 -148 142 -10 183 -167 -1 212 30 128 90 -180 39 180 -239 -8 -35 3 -231 59 -188 -132 -158 -172 133 -169 -178 -38 -108 199 126 214 76 22 191 -58 172 -65 -74 86 -237 150 104 -18 -70 25 160 238 -218 85 -223 -206 -198 231 -17 94 -153 -12 84 -182 93 193 248 -248 227 209 47 -80 171 42 -176 -187 -5 19 -195 107 -138 -215 246 232 -127 -92 -155 -115 -141 247 152 226 -137 -203 215 -69 74 87 -219 -94 82 49 33 54 233 -143 18 -216 137 -101 -30 -227 -93 205 77 -86 -177 203 -131 -56 -90 -225 -60 176 80 110 -11 -133 -229 -3 -7 81 -79 230 -170 159 149 69 41 -26 195 -98 -82 -129 75 -234 177 83 -162 97 91 173 140 -48 58 123 204 -165 10 -77 -222 -135 197 67 -119 -201 -238 12 -183 194 -236 -202 218 -59 -113 -44 78 109 -125 14 -250 -157 -126 -54 161 -134 147 189 51 -163 28 132 -96 -246 -204 53 -14 -91 -152 -121 37 -235 190 -124 131 -171 129 -107 -72 202 -62 207 -243 70 225 40 -211 241 -73 -166 -191 -23 56 148 111 -249 -81 -146 185 48 60 -156 198 168 -83 -102 -105 235 -27 -190 -161 -118 -154 -207 -28 210 -25 46 57 -122 -241 -226 79 -228 122 224 -89 -88 -16 -37 68 -61 55 -87 -116 43 127 -120 -217 -9 216 99 -220 16 146 -145 213 -240 -109 61 -197 178 130 -76 249 92 169 -184 -2 135 72 245 15 -85 217 73 234 -53 116 -67 -142 1 138 -15 -49 223 143 119 167 -95 -45 29 187 136 -168 124 100 31 -149 239 45 211 -55 192 174 244 240 115 219 -247 -140 -19 -209 141 -174 -43 156 112 0 8 237 -63 64 20 -47 4 -39 11 -21 200 220 134 -104 -205 -179 228 34 221 106 -192 -196 -13 179 65 7 98 -110 -147 103 5 66 -130 -97 -213 -159 -233 -29 52 35 23 38 13 222 157 114 -185 -200 -34 -214 96 -208 -181 -224 -32 -103 -100 101 -50 242 36 27 182 21 -114 -64 165 -52 95 44 -40 32 113 89 -4 -150 -111 88 153 
TEST 56 ARG:162 -194 186 -71 -57 -144 125 144 196 -128 145 -230 -164 -106 -84 24 62 -244 164 175 -99 -42 158 -136 108 166 139 -117 6 117 50 -112 71 -46 188 -189 201 -245 181 -210 120 63 -68 -36 -139 -33 -232 -123 -186 -22 -31 -175 155 -212 -41 105 -221 -199 206 -151 -6 -193 102 2 -160 118 -173 243 170 229 -66 -78 -51 236 -242 9 154 121 184 26 17 -24 151 -20 -75 208 163 -148 142 -10 183 -167 -1 212 30 128 90 -180 39 180 -239 -8 -35 3 -231 59 -188 -132 -158 -172 133 -169 -178 -38 -108 199 126 214 76 22 191 -58 172 -65 -74 86 -237 150 104 -18 -70 25 160 238 -218 85 -223 -206 -198 231 -17 94 -153 -12 84 -182 93 193 248 -248 227 209 47 -80 171 42 -176 -187 -5 19 -195 107 -138 -215 246 232 -127 -92 -155 -115 -141 247 152 226 -137 -203 215 -69 74 87 -219 -94 82 49 33 54 233 -143 18 -216 137 -101 -30 -227 -93 205 77 -86 -177 203 -131 -56 -90 -225 -60 176 80 110 -11 -133 -229 -3 -7 81 -79 230 -170 159 149 69 41 -26 195 -98 -82 -129 75 -234 177 83 -162 97 91 173 140 -48 58 123 204 -165 10 -77 -222 -135 197 67 -119 -201 -238 12 -183 194 -236 -202 218 -59 -113 -44 78 109 -125 14 -250 -157 -126 -54 161 -134 147 189 51 -163 28 132 -96 -246 -204 53 -14 -91 -152 -121 37 -235 190 -124 131 -171 129 -107 -72 202 -62 207 -243 70 225 40 -211 241 -73 -166 -191 -23 56 148 111 -249 -81 -146 185 48 60 -156 198 168 -83 -102 -105 235 -27 -190 -161 -118 -154 -207 -28 210 -25 46 57 -122 -241 -226 79 -228 122 224 -89 -88 -16 -37 68 -61 55 -87 -116 43 127 -120 -217 -9 216 99 -220 16 146 -145 213 -240 -109 61 -197 178 130 -76 249 92 169 -184 -2 135 72 245 15 -85 217 73 234 -53 116 -67 -142 1 138 -15 -49 223 143 119 167 -95 -45 29 187 136 -168 124 100 31 -149 239 45 211 -55 192 174 244 240 115 219 -247 -140 -19 -209 141 -174 -43 156 112 0 8 237 -63 64 20 -47 4 -39 11 -21 200 220 134 -104 -205 -179 228 34 221 106 -192 -196 -13 179 65 7 98 -110 -147 103 5 66 -130 -97 -213 -159 -233 -29 52 35 23 38 13 222 157 114 -185 -200 -34 -214 96 -208 -181 -224 -32 -103 -100 101 -50 242 36 27 182 21 -114 -64 165 -52 95 44 -40 32 113 89 -4 -150 -111 88 153 
TEST 57 ARG:-103 -177 -58 -193 -154 217 203 170 11 218 -59 -194 62 -120 4 208 -150 248 -185 -198 228 -88 -93 106 -224 -195 -91 168 -43 206 141 -42 -169 -249 -102 -7 60 190 192 -74 -213 -172 -61 151 -199 -33 221 0 -188 142 209 121 -99 -147 -23 245 197 -65 122 19 -214 219 -66 -22 -30 116 103 47 -110 -60 75 -160 205 -222 191 -2 222 181 231 -31 240 -32 127 35 -57 67 97 -243 -189 -95 -68 -38 74 -41 -219 -21 -182 99 -125 174 163 -55 -36 136 59 198 130 -235 -230 -190 66 72 -49 -37 -62 61 79 -197 83 -81 140 17 -247 -18 115 182 131 132 234 69 -135 -54 -92 -70 82 13 226 -10 188 -84 -78 227 -207 102 -167 -223 -63 -227 36 -202 -86 41 -155 89 86 180 176 -226 137 70 -126 126 -27 -131 -159 -106 53 172 202 -245 -237 138 -75 -165 21 -5 -231 -209 95 213 -111 224 129 -203 -77 235 -141 229 128 2 -101 -229 237 73 -40 -76 -242 -236 179 164 109 -87 -45 175 39 -52 -100 110 3 92 144 6 48 243 54 -3 120 185 -216 -205 155 -136 165 -143 -67 146 -220 232 40 87 133 -176 -200 -113 -166 210 -187 166 42 153 242 -174 223 230 56 -119 220 104 -218 -240 55 -183 -134 27 -124 246 51 -127 -83 169 94 1 -19 -146 -28 -163 44 -239 184 -97 -118 -232 -206 -201 225 -85 -80 -149 -168 28 90 233 -196 -244 -221 -35 -16 -152 -178 154 195 -138 152 207 68 108 98 84 -44 -161 77 -133 -181 -114 156 8 118 -6 -73 100 -139 -192 -109 18 91 -248 -241 -29 -228 -225 -115 29 212 150 -116 32 -112 43 96 105 -175 -217 119 -144 189 160 -250 80 -156 46 -140 -104 33 -1 76 -26 -162 -157 -12 57 200 -105 194 -186 15 49 -164 -158 186 -204 25 -14 -148 -129 -215 -128 -145 -34 -96 -17 23 124 9 50 -98 85 193 -191 81 145 157 22 -79 5 -238 -50 -24 214 -11 31 34 -20 113 -208 114 -25 125 204 -64 159 12 -142 78 -173 117 24 135 199 -69 238 14 -8 93 167 143 173 -72 -130 101 162 112 -122 -89 196 236 -71 -94 -82 45 249 216 -47 201 123 30 -107 -211 -108 148 161 37 -212 -48 -184 171 -4 64 107 16 -13 -117 183 139 -179 211 247 7 -153 111 244 239 -9 -15 -210 -39 158 88 -53 -121 63 -170 -90 58 -56 -51 26 177 -123 -233 -151 -46 134 -180 -132 71 187 -234 215 10 65 38 -171 20 149 147 -137 241 52 178 -246 
TEST 57 ARG:-103 -177 -58 -193 -154 217 203 170 11 218 -59 -194 62 -120 4 208 -150 248 -185 -198 228 -88 -93 106 -224 -195 -91 168 -43 206 141 -42 -169 -249 -102 -7 60 190 192 -74 -213 -172 -61 151 -199 -33 221 0 -188 142 209 121 -99 -147 -23 245 197 -65 122 19 -214 219 -66 -22 -30 116 103 47 -110 -60 75 -160 205 -222 191 -2 222 181 231 -31 240 -32 127 35 -57 67 97 -243 -189 -95 -68 -38 74 -41 -219 -21 -182 99 -125 174 163 -55 -36 136 59 198 130 -235 -230 -190 66 72 -49 -37 -62 61 79 -197 83 -81 140 17 -247 -18 115 182 131 132 234 69 -135 -54 -92 -70 82 13 226 -10 188 -84 -78 227 -207 102 -167 -223 -63 -227 36 -202 -86 41 -155 89 86 180 176 -226 137 70 -126 126 -27 -131 -159 -106 53 172 202 -245 -237 138 -75 -165 21 -5 -231 -209 95 213 -111 224 129 -203 -77 235 -141 229 128 2 -101 -229 237 73 -40 -76 -242 -236 179 164 109 -87 -45 175 39 -52 -100 110 3 92 144 6 48 243 54 -3 120 185 -216 -205 155 -136 165 -143 -67 146 -220 232 40 87 133 -176 -200 -113 -166 210 -187 166 42 153 242 -174 223 230 56 -119 220 104 -218 -240 55 -183 -134 27 -124 246 51 -127 -83 169 94 1 -19 -146 -28 -163 44 -239 184 -97 -118 -232 -206 -201 225 -85 -80 -149 -168 28 90 233 -196 -244 -221 -35 -16 -152 -178 154 195 -138 152 207 68 108 98 84 -44 -161 77 -133 -181 -114 156 8 118 -6 -73 100 -139 -192 -109 18 91 -248 -241 -29 -228 -225 -115 29 212 150 -116 32 -112 43 96 105 -175 -217 119 -144 189 160 -250 80 -156 46 -140 -104 33 -1 76 -26 -162 -157 -12 57 200 -105 194 -186 15 49 -164 -158 186 -204 25 -14 -148 -129 -215 -128 -145 -34 -96 -17 23 124 9 50 -98 85 193 -191 81 145 157 22 -79 5 -238 -50 -24 214 -11 31 34 -20 113 -208 114 -25 125 204 -64 159 12 -142 78 -173 117 24 135 199 -69 238 14 -8 93 167 143 173 -72 -130 101 162 112 -122 -89 196 236 -71 -94 -82 45 249 216 -47 201 123 30 -107 -211 -108 148 161 37 -212 -48 -184 171 -4 64 107 16 -13 -117 183 139 -179 211 247 7 -153 111 244 239 -9 -15 -210 -39 158 88 -53 -121 63 -170 -90 58 -56 -51 26 177 -123 -233 -151 -46 134 -180 -132 71 187 -234 215 10 65 38 -171 20 149 147 -137 241 52 178 -246 
TEST 58 ARG:-153 188 89 -240 -146 172 204 11 -170 -66 193 55 -43 -141 -139 95 -11 -184 6 249 15 48 63 -199 76 -50 -143 -61 190 208 -222 -244 33 120 -111 54 -165 37 219 -217 94 -59 -52 -27 169 17 237 -212 -209 242 187 171 -35 -237 84 -62 19 -140 175 107 -83 -133 151 -181 131 -25 65 177 -158 -213 -71 -196 -134 -191 93 -198 244 -24 210 211 87 -67 226 -20 123 -112 50 45 -38 30 -5 153 10 22 -219 -125 83 -120 -167 -21 91 -118 -122 -224 -15 -215 227 42 140 -206 191 -185 161 -2 -69 -41 14 -117 -214 81 90 23 203 -8 143 -56 113 -221 137 -103 97 52 88 78 66 213 -17 246 -232 -211 44 -84 115 -99 18 -54 -1 -30 -157 101 29 170 56 -80 -154 121 7 -106 24 165 138 21 147 -79 -208 39 156 73 212 159 -127 129 221 176 -104 -87 -10 -90 -94 -149 195 -42 -86 106 -163 -218 -246 163 154 5 -28 109 189 202 -60 150 -81 -44 -89 40 -216 -189 152 199 -16 241 -6 -161 8 216 111 102 130 68 -207 -109 -46 183 -152 223 -231 -113 -100 247 -13 -155 -188 240 230 -29 -174 -45 -192 160 -121 126 -92 74 34 13 -12 -98 47 -202 1 3 -40 124 -179 -110 233 108 62 64 -147 -150 110 -210 -123 43 86 -68 -172 238 -190 -9 217 -239 -135 -148 -53 103 229 96 -88 224 125 -55 -201 -182 -130 -14 -93 197 0 185 77 118 148 135 85 179 -175 -230 -226 4 51 -183 -70 92 -132 46 -193 -227 231 173 155 69 -187 132 53 194 149 -23 35 232 -58 2 70 12 166 -228 71 28 142 -39 105 49 128 -96 -180 -64 -225 -91 38 -195 158 -78 -142 181 41 -73 -22 -26 -145 -247 -107 239 -105 -34 139 -236 -128 -200 145 -57 236 -166 -242 -48 167 67 82 -32 99 -203 192 -197 -33 -243 -4 114 26 -82 -119 -248 58 98 207 -169 -72 16 -204 220 -7 146 60 215 182 80 122 36 32 -164 214 196 -51 -168 -3 -108 235 9 206 248 -194 141 -229 198 133 -178 -136 -171 -31 209 -36 116 79 -249 -37 222 157 -177 75 72 136 -176 174 127 25 -235 -85 -74 184 -102 57 -138 -124 164 200 -250 -144 -160 -234 -241 31 -65 -19 104 -116 243 205 -245 234 -129 -223 -151 -220 119 -63 59 -47 180 218 -115 -126 112 245 144 -156 134 61 -18 168 -77 -95 -49 -162 117 -131 -137 -233 162 -173 186 -238 178 -186 -205 -159 -75 -101 225 20 27 -114 -97 201 100 -76 228 
TEST 58 ARG:-153 188 89 -240 -146 172 204 11 -170 -66 193 55 -43 -141 -139 95 -11 -184 6 249 15 48 63 -199 76 -50 -143 -61 190 208 -222 -244 33 120 -111 54 -165 37 219 -217 94 -59 -52 -27 169 17 237 -212 -209 242 187 171 -35 -237 84 -62 19 -140 175 107 -83 -133 151 -181 131 -25 65 177 -158 -213 -71 -196 -134 -191 93 -198 244 -24 210 211 87 -67 226 -20 123 -112 50 45 -38 30 -5 153 10 22 -219 -125 83 -120 -167 -21 91 -118 -122 -224 -15 -215 227 42 140 -206 191 -185 161 -2 -69 -41 14 -117 -214 81 90 23 203 -8 143 -56 113 -221 137 -103 97 52 88 78 66 213 -17 246 -232 -211 44 -84 115 -99 18 -54 -1 -30 -157 101 29 170 56 -80 -154 121 7 -106 24 165 138 21 147 -79 -208 39 156 73 212 159 -127 129 221 176 -104 -87 -10 -90 -94 -149 195 -42 -86 106 -163 -218 -246 163 154 5 -28 109 189 202 -60 150 -81 -44 -89 40 -216 -189 152 199 -16 241 -6 -161 8 216 111 102 130 68 -207 -109 -46 183 -152 223 -231 -113 -100 247 -13 -155 -188 240 230 -29 -174 -45 -192 160 -121 126 -92 74 34 13 -12 -98 47 -202 1 3 -40 124 -179 -110 233 108 62 64 -147 -150 110 -210 -123 43 86 -68 -172 238 -190 -9 217 -239 -135 -148 -53 103 229 96 -88 224 125 -55 -201 -182 -130 -14 -93 197 0 185 77 118 148 135 85 179 -175 -230 -226 4 51 -183 -70 92 -132 46 -193 -227 231 173 155 69 -187 132 53 194 149 -23 35 232 -58 2 70 12 166 -228 71 28 142 -39 105 49 128 -96 -180 -64 -225 -91 38 -195 158 -78 -142 181 41 -73 -22 -26 -145 -247 -107 239 -105 -34 139 -236 -128 -200 145 -57 236 -166 -242 -48 167 67 82 -32 99 -203 192 -197 -33 -243 -4 114 26 -82 -119 -248 58 98 207 -169 -72 16 -204 220 -7 146 60 215 182 80 122 36 32 -164 214 196 -51 -168 -3 -108 235 9 206 248 -194 141 -229 198 133 -178 -136 -171 -31 209 -36 116 79 -249 -37 222 157 -177 75 72 136 -176 174 127 25 -235 -85 -74 184 -102 57 -138 -124 164 200 -250 -144 -160 -234 -241 31 -65 -19 104 -116 243 205 -245 234 -129 -223 -151 -220 119 -63 59 -47 180 218 -115 -126 112 245 144 -156 134 61 -18 168 -77 -95 -49 -162 117 -131 -137 -233 162 -173 186 -238 178 -186 -205 -159 -75 -101 225 20 27 -114 -97 201 100 -76 228 
TEST 59 ARG:136 -66 -168 147 37 186 -214 -172 11 117 144 62 -184 45 -95 -9 242 192 -35 204 74 27 -96 -12 218 -223 -191 46 -216 -147 108 194 -84 -112 156 -89 -199 95 53 -186 -149 -198 61 150 123 -25 92 -218 177 -175 -128 199 -83 30 -146 174 -236 -20 7 175 -211 239 215 -60 -43 82 -234 -151 99 -190 -233 119 -58 48 -114 59 -138 97 148 -210 -129 -204 96 -248 -21 -125 -28 -158 116 236 -237 246 121 -61 153 87 9 163 38 -29 -165 109 115 -76 -131 -140 222 -8 114 -55 -123 94 80 71 105 79 19 187 -156 -187 1 -73 226 -56 16 -219 -115 -238 -57 -116 10 135 -40 198 -150 137 -7 -62 190 197 -38 -126 58 57 51 100 -222 -47 -91 -162 44 149 196 24 219 64 0 -111 -103 -92 -133 72 -196 185 143 157 113 -232 -30 -39 81 -180 179 133 -67 -51 -249 210 171 238 -10 -63 -231 118 31 -206 -202 -163 -171 12 -139 -121 -105 160 131 -68 111 -86 20 -246 183 214 101 93 -241 -88 225 60 91 -137 102 203 -54 180 68 56 -44 235 -41 -122 -99 178 -193 112 191 47 -217 -49 -182 -159 -247 181 -242 14 167 3 169 -221 -102 -93 -119 35 -18 138 -113 172 -109 213 -69 -82 140 103 5 22 -194 241 -90 -174 233 130 227 212 170 66 128 146 -185 232 151 86 228 -235 -205 162 -245 -145 -98 84 154 182 -160 -94 -153 -85 18 50 49 4 234 223 -225 85 -212 -31 6 247 -136 -188 166 249 -53 -17 -164 189 -244 -27 -106 -207 -104 122 34 208 90 -230 -72 -243 25 -229 28 139 -52 69 -154 165 -32 83 -124 -50 -71 -179 -127 106 -213 207 184 125 98 216 -34 161 -132 -227 23 206 158 88 -141 55 -250 13 201 230 32 152 75 -4 -75 159 -228 -110 127 -195 211 -166 -200 17 36 -170 26 -144 -181 141 -19 -142 188 -169 142 -176 134 -157 126 110 -2 237 -209 -14 -117 -134 65 42 -220 70 -15 21 -79 -201 193 -100 221 15 8 -80 173 -6 -152 52 104 243 -16 -81 -135 -208 -70 -24 39 -224 -42 63 -65 145 -59 -192 124 -178 -97 -48 -143 -239 245 -215 -22 231 -13 -37 77 43 -189 67 -177 195 89 176 -155 -77 78 -87 107 33 2 -78 129 -161 217 209 -226 205 54 168 -118 -46 -148 155 -11 200 -107 -5 202 -173 -167 248 73 240 224 41 -240 -64 -45 -101 -36 120 244 229 220 132 -197 76 -74 -23 -183 164 -108 40 -26 -120 -203 -130 -3 29 -33 -1 
TEST 59 ARG:136 -66 -168 147 37 186 -214 -172 11 117 144 62 -184 45 -95 -9 242 192 -35 204 74 27 -96 -12 218 -223 -191 46 -216 -147 108 194 -84 -112 156 -89 -199 95 53 -186 -149 -198 61 150 123 -25 92 -218 177 -175 -128 199 -83 30 -146 174 -236 -20 7 175 -211 239 215 -60 -43 82 -234 -151 99 -190 -233 119 -58 48 -114 59 -138 97 148 -210 -129 -204 96 -248 -21 -125 -28 -158 116 236 -237 246 121 -61 153 87 9 163 38 -29 -165 109 115 -76 -131 -140 222 -8 114 -55 -123 94 80 71 105 79 19 187 -156 -187 1 -73 226 -56 16 -219 -115 -238 -57 -116 10 135 -40 198 -150 137 -7 -62 190 197 -38 -126 58 57 51 100 -222 -47 -91 -162 44 149 196 24 219 64 0 -111 -103 -92 -133 72 -196 185 143 157 113 -232 -30 -39 81 -180 179 133 -67 -51 -249 210 171 238 -10 -63 -231 118 31 -206 -202 -163 -171 12 -139 -121 -105 160 131 -68 111 -86 20 -246 183 214 101 93 -241 -88 225 60 91 -137 102 203 -54 180 68 56 -44 235 -41 -122 -99 178 -193 112 191 47 -217 -49 -182 -159 -247 181 -242 14 167 3 169 -221 -102 -93 -119 35 -18 138 -113 172 -109 213 -69 -82 140 103 5 22 -194 241 -90 -174 233 130 227 212 170 66 128 146 -185 232 151 86 228 -235 -205 162 -245 -145 -98 84 154 182 -160 -94 -153 -85 18 50 49 4 234 223 -225 85 -212 -31 6 247 -136 -188 166 249 -53 -17 -164 189 -244 -27 -106 -207 -104 122 34 208 90 -230 -72 -243 25 -229 28 139 -52 69 -154 165 -32 83 -124 -50 -71 -179 -127 106 -213 207 184 125 98 216 -34 161 -132 -227 23 206 158 88 -141 55 -250 13 201 230 32 152 75 -4 -75 159 -228 -110 127 -195 211 -166 -200 17 36 -170 26 -144 -181 141 -19 -142 188 -169 142 -176 134 -157 126 110 -2 237 -209 -14 -117 -134 65 42 -220 70 -15 21 -79 -201 193 -100 221 15 8 -80 173 -6 -152 52 104 243 -16 -81 -135 -208 -70 -24 39 -224 -42 63 -65 145 -59 -192 124 -178 -97 -48 -143 -239 245 -215 -22 231 -13 -37 77 43 -189 67 -177 195 89 176 -155 -77 78 -87 107 33 2 -78 129 -161 217 209 -226 205 54 168 -118 -46 -148 155 -11 200 -107 -5 202 -173 -167 248 73 240 224 41 -240 -64 -45 -101 -36 120 244 229 220 132 -197 76 -74 -23 -183 164 -108 40 -26 -120 -203 -130 -3 29 -33 -1 
TEST 60 ARG:-5 -191 -135 -187 248 -158 -160 175 28 -181 220 8 -249 40 -2 18 203 36 30 -43 -35 67 131 166 -11 15 6 -79 -231 -167 24 -138 -1 107 -150 158 -220 176 115 151 -148 -145 -173 117 -235 217 -174 212 19 -103 93 -165 80 -31 -140 184 -13 -222 -199 148 191 22 -84 144 -193 -68 -54 207 59 129 39 -172 35 -56 -133 222 -87 164 26 73 -215 189 -195 11 -141 -19 53 -85 206 -62 -228 223 -163 -107 20 -153 139 -168 -23 143 65 -82 162 -71 135 160 90 201 -121 38 -18 99 -236 -60 -208 -94 154 16 152 -169 -152 -149 -4 146 21 181 104 -250 -57 55 -214 14 91 -116 46 72 -180 172 -242 205 155 230 -207 -98 -137 -15 -125 240 -70 0 -206 194 -182 190 106 -28 -204 34 -42 236 -192 47 95 -157 43 -155 224 -88 150 -146 124 -179 -245 51 169 192 219 111 61 -8 -10 161 -80 -184 193 -147 -114 52 -55 -247 149 -213 -104 -49 -50 -29 86 -211 63 -16 196 10 27 -144 182 125 75 62 -34 -106 -81 -151 37 -129 165 56 -7 -51 142 31 -105 -99 -183 114 163 -78 247 202 -117 -91 -32 -248 188 49 -239 -26 -123 -229 -234 167 -185 -212 229 25 231 -64 3 -93 -96 -63 -77 112 197 -202 109 45 211 -74 -17 215 79 -233 241 -200 127 71 -223 102 153 -95 140 94 54 -66 58 126 98 85 -203 -75 -111 -100 218 5 -156 244 232 -39 214 83 -6 145 -22 -164 -89 138 185 -124 226 128 238 198 -243 -102 -36 -176 -186 116 50 159 -24 -53 -12 132 92 -143 -126 -226 141 249 -225 23 130 13 -73 -122 105 122 -72 136 -48 -44 179 -230 -178 -166 -142 171 123 77 174 66 -188 -101 -238 -131 7 -139 57 -159 170 242 -83 -58 173 204 -171 -224 243 97 87 74 -115 -37 121 -112 -47 2 -154 -198 108 -221 -127 41 178 -227 113 -25 29 -136 81 227 210 68 156 -9 -205 70 -21 157 -109 -97 -92 -76 195 -119 200 216 186 -240 100 32 -65 -162 168 246 -27 119 -113 -197 134 183 -216 88 -14 12 199 228 187 225 -175 103 -217 -20 89 -209 -38 237 -201 -61 -134 -128 -241 118 -219 110 78 -232 -30 133 234 9 120 44 137 -52 1 -237 84 33 221 101 -40 69 82 60 147 -108 239 -196 64 -218 -161 213 180 -244 -170 -130 -210 48 -189 -110 -246 -3 -132 -33 76 177 233 245 -190 208 -120 235 -41 -69 96 -86 17 42 4 -90 209 -118 -177 -45 -67 -59 -194 -46 
TEST 60 ARG:-5 -191 -135 -187 248 -158 -160 175 28 -181 220 8 -249 40 -2 18 203 36 30 -43 -35 67 131 166 -11 15 6 -79 -231 -167 24 -138 -1 107 -150 158 -220 176 115 151 -148 -145 -173 117 -235 217 -174 212 19 -103 93 -165 80 -31 -140 184 -13 -222 -199 148 191 22 -84 144 -193 -68 -54 207 59 129 39 -172 35 -56 -133 222 -87 164 26 73 -215 189 -195 11 -141 -19 53 -85 206 -62 -228 223 -163 -107 20 -153 139 -168 -23 143 65 -82 162 -71 135 160 90 201 -121 38 -18 99 -236 -60 -208 -94 154 16 152 -169 -152 -149 -4 146 21 181 104 -250 -57 55 -214 14 91 -116 46 72 -180 172 -242 205 155 230 -207 -98 -137 -15 -125 240 -70 0 -206 194 -182 190 106 -28 -204 34 -42 236 -192 47 95 -157 43 -155 224 -88 150 -146 124 -179 -245 51 169 192 219 111 61 -8 -10 161 -80 -184 193 -147 -114 52 -55 -247 149 -213 -104 -49 -50 -29 86 -211 63 -16 196 10 27 -144 182 125 75 62 -34 -106 -81 -151 37 -129 165 56 -7 -51 142 31 -105 -99 -183 114 163 -78 247 202 -117 -91 -32 -248 188 49 -239 -26 -123 -229 -234 167 -185 -212 229 25 231 -64 3 -93 -96 -63 -77 112 197 -202 109 45 211 -74 -17 215 79 -233 241 -200 127 71 -223 102 153 -95 140 94 54 -66 58 126 98 85 -203 -75 -111 -100 218 5 -156 244 232 -39 214 83 -6 145 -22 -164 -89 138 185 -124 226 128 238 198 -243 -102 -36 -176 -186 116 50 159 -24 -53 -12 132 92 -143 -126 -226 141 249 -225 23 130 13 -73 -122 105 122 -72 136 -48 -44 179 -230 -178 -166 -142 171 123 77 174 66 -188 -101 -238 -131 7 -139 57 -159 170 242 -83 -58 173 204 -171 -224 243 97 87 74 -115 -37 121 -112 -47 2 -154 -198 108 -221 -127 41 178 -227 113 -25 29 -136 81 227 210 68 156 -9 -205 70 -21 157 -109 -97 -92 -76 195 -119 200 216 186 -240 100 32 -65 -162 168 246 -27 119 -113 -197 134 183 -216 88 -14 12 199 228 187 225 -175 103 -217 -20 89 -209 -38 237 -201 -61 -134 -128 -241 118 -219 110 78 -232 -30 133 234 9 120 44 137 -52 1 -237 84 33 221 101 -40 69 82 60 147 -108 239 -196 64 -218 -161 213 180 -244 -170 -130 -210 48 -189 -110 -246 -3 -132 -33 76 177 233 245 -190 208 -120 235 -41 -69 96 -86 17 42 4 -90 209 -118 -177 -45 -67 -59 -194 -46 
TEST 61 ARG:16 128 87 135 -216 43 217 116 219 -69 173 -16 146 175 6 -197 -92 -223 55 199 112 -164 78 221 169 32 -180 69 -232 -193 -128 -151 145 5 110 119 -152 184 -158 -196 -23 201 147 -88 75 86 61 118 102 -83 63 212 -175 224 -76 170 -87 28 138 -137 -54 -78 -123 -240 94 210 -141 161 -40 70 19 66 202 -202 186 129 228 -214 -242 -248 -30 30 -171 -172 -33 53 190 1 67 197 214 -230 -119 195 -65 227 98 -86 36 204 31 -178 -4 -245 142 54 -221 218 89 -68 95 -17 -148 121 123 131 -218 -139 -52 -212 -136 83 -233 132 152 -226 80 -89 57 -29 13 -220 -185 -91 45 -188 -31 249 -47 59 -189 -103 -73 -228 206 -241 -206 -209 72 -15 106 -176 -100 -45 239 -105 -122 105 -159 -41 -229 76 -80 -145 104 -224 -97 -249 10 12 4 111 18 -143 -154 -160 233 163 -124 38 9 -79 3 15 216 -140 48 246 130 236 -134 156 247 -63 -235 -243 -201 144 41 -138 -156 248 213 158 -250 188 211 -102 -106 126 58 -18 149 -11 -114 240 -239 -85 -144 -26 208 -167 -129 -142 65 139 24 46 207 245 177 -187 -107 101 -2 -204 -244 -62 114 -51 -1 -161 -108 -20 -99 -115 71 39 194 151 -44 -126 -191 49 113 52 148 178 -219 91 225 85 134 26 155 -217 137 64 17 -203 -170 -90 -110 -117 -55 -207 140 -84 -133 -210 193 -157 -186 -94 -150 107 -211 -74 -200 -213 -70 -82 14 168 35 232 -27 -168 -231 109 8 25 44 -93 -60 209 -58 153 -39 84 -208 165 -9 -130 60 237 50 171 187 74 122 159 124 -125 -8 185 -192 -6 -177 234 -22 -247 -222 22 229 20 93 198 167 11 68 -174 -57 -215 230 51 2 40 -24 -28 -14 -19 -147 -118 -77 -42 243 -109 215 21 -146 -64 162 -25 231 34 200 -112 -166 136 99 62 -181 -179 -246 -162 -111 -43 154 92 117 -96 -227 23 -127 -36 222 -59 127 205 -182 -169 96 100 164 82 157 -81 -190 -46 103 180 -238 -35 235 29 223 0 -5 -56 -13 88 242 -149 81 -67 238 226 -50 -165 -3 -120 -225 -34 -61 -72 182 192 115 -37 33 -48 79 176 37 -199 -184 -132 -198 -194 -234 174 73 -183 -7 172 -66 97 120 -163 220 -113 189 7 -21 -12 -155 196 -131 -95 166 42 -104 -116 160 -53 241 -32 125 -121 -10 181 -38 -71 203 150 -98 -195 -153 141 -173 108 133 179 244 -135 -237 -236 -75 56 27 -205 90 143 -101 -49 77 191 47 183 
TEST 61 ARG:16 128 87 135 -216 43 217 116 219 -69 173 -16 146 175 6 -197 -92 -223 55 199 112 -164 78 221 169 32 -180 69 -232 -193 -128 -151 145 5 110 119 -152 184 -158 -196 -23 201 147 -88 75 86 61 118 102 -83 63 212 -175 224 -76 170 -87 28 138 -137 -54 -78 -123 -240 94 210 -141 161 -40 70 19 66 202 -202 186 129 228 -214 -242 -248 -30 30 -171 -172 -33 53 190 1 67 197 214 -230 -119 195 -65 227 98 -86 36 204 31 -178 -4 -245 142 54 -221 218 89 -68 95 -17 -148 121 123 131 -218 -139 -52 -212 -136 83 -233 132 152 -226 80 -89 57 -29 13 -220 -185 -91 45 -188 -31 249 -47 59 -189 -103 -73 -228 206 -241 -206 -209 72 -15 106 -176 -100 -45 239 -105 -122 105 -159 -41 -229 76 -80 -145 104 -224 -97 -249 10 12 4 111 18 -143 -154 -160 233 163 -124 38 9 -79 3 15 216 -140 48 246 130 236 -134 156 247 -63 -235 -243 -201 144 41 -138 -156 248 213 158 -250 188 211 -102 -106 126 58 -18 149 -11 -114 240 -239 -85 -144 -26 208 -167 -129 -142 65 139 24 46 207 245 177 -187 -107 101 -2 -204 -244 -62 114 -51 -1 -161 -108 -20 -99 -115 71 39 194 151 -44 -126 -191 49 113 52 148 178 -219 91 225 85 134 26 155 -217 137 64 17 -203 -170 -90 -110 -117 -55 -207 140 -84 -133 -210 193 -157 -186 -94 -150 107 -211 -74 -200 -213 -70 -82 14 168 35 232 -27 -168 -231 109 8 25 44 -93 -60 209 -58 153 -39 84 -208 165 -9 -130 60 237 50 171 187 74 122 159 124 -125 -8 185 -192 -6 -177 234 -22 -247 -222 22 229 20 93 198 167 11 68 -174 -57 -215 230 51 2 40 -24 -28 -14 -19 -147 -118 -77 -42 243 -109 215 21 -146 -64 162 -25 231 34 200 -112 -166 136 99 62 -181 -179 -246 -162 -111 -43 154 92 117 -96 -227 23 -127 -36 222 -59 127 205 -182 -169 96 100 164 82 157 -81 -190 -46 103 180 -238 -35 235 29 223 0 -5 -56 -13 88 242 -149 81 -67 238 226 -50 -165 -3 -120 -225 -34 -61 -72 182 192 115 -37 33 -48 79 176 37 -199 -184 -132 -198 -194 -234 174 73 -183 -7 172 -66 97 120 -163 220 -113 189 7 -21 -12 -155 196 -131 -95 166 42 -104 -116 160 -53 241 -32 125 -121 -10 181 -38 -71 203 150 -98 -195 -153 141 -173 108 133 179 244 -135 -237 -236 -75 56 27 -205 90 143 -101 -49 77 191 47 183 
TEST 62 ARG:227 183 138 85 -214 -40 27 102 64 -201 -173 -48 84 -155 -70 -204 222 -115 36 -250 52 118 245 -2 142 127 -11 216 -175 -32 23 -196 187 167 236 153 -207 -206 -182 61 -56 73 141 165 -132 19 39 28 60 50 114 210 -36 -97 -248 150 31 41 155 22 -185 0 13 169 206 171 -80 54 86 -77 -123 -203 97 35 151 -202 188 128 177 -43 -51 103 40 26 -105 104 189 7 -67 -29 -228 -176 -225 -151 15 6 45 100 -63 -42 -45 225 219 -199 -121 93 -198 -61 -235 48 -95 -86 136 -179 -71 163 -194 -178 -168 -241 134 -107 -208 143 -100 62 10 -14 185 -82 -79 -62 120 55 226 215 -131 -50 -133 -34 -154 -216 -114 82 -181 -180 -247 224 179 -140 -230 -210 173 137 166 -54 201 -143 -213 66 -109 -217 18 59 -188 83 -46 172 125 238 46 -108 -47 -165 161 -120 232 -39 11 -102 -69 -30 -163 124 71 170 -183 218 -172 240 109 202 -99 -130 196 -129 -23 233 -66 -20 -44 95 235 -160 -72 38 72 -18 203 193 -52 -220 -118 47 184 -6 -186 17 65 -111 248 -60 190 -110 56 -162 74 108 20 -238 -197 162 146 -17 -242 78 -205 -231 212 211 -195 -22 157 94 145 98 -92 197 70 99 -106 119 -89 -153 110 -88 207 -125 -146 87 -167 -53 181 217 101 2 -157 -192 -149 -73 -119 8 -74 79 -245 69 90 -141 -87 192 152 121 -81 135 -93 -58 175 -136 178 -145 67 111 14 -200 -134 195 -243 -75 221 234 -12 -31 -232 214 -33 -94 -189 139 168 63 107 147 -4 -161 -174 -85 209 -90 228 49 144 133 -15 96 75 -212 -224 -1 -229 88 53 -38 208 -5 -24 -166 -249 247 -37 -236 -26 239 -126 191 182 57 -35 -68 -148 -234 106 -137 68 130 -164 -7 -128 -150 -10 200 129 80 186 126 174 -139 131 -41 194 4 244 -227 16 9 223 -226 -116 122 -9 -215 -223 32 -55 -138 -59 -158 -27 42 249 -127 -98 -117 164 -209 154 -193 -13 -142 -169 -8 25 231 -135 -246 148 149 -177 159 -57 -3 117 243 -96 -112 51 -237 -156 24 112 -218 -25 123 -21 246 -144 -65 132 -240 -239 158 -101 -191 -83 198 156 180 241 140 77 -49 229 -219 -171 -233 -103 91 -187 205 -211 113 105 237 116 89 3 199 -84 -113 -91 29 -78 -76 230 43 204 115 242 -147 -64 12 -159 -19 -244 -170 5 -184 213 92 34 76 -124 -222 -221 -152 -16 21 1 33 160 -104 -190 -28 37 81 58 220 -122 176 30 44 
TEST 62 ARG:227 183 138 85 -214 -40 27 102 64 -201 -173 -48 84 -155 -70 -204 222 -115 36 -250 52 118 245 -2 142 127 -11 216 -175 -32 23 -196 187 167 236 153 -207 -206 -182 61 -56 73 141 165 -132 19 39 28 60 50 114 210 -36 -97 -248 150 31 41 155 22 -185 0 13 169 206 171 -80 54 86 -77 -123 -203 97 35 151 -202 188 128 177 -43 -51 103 40 26 -105 104 189 7 -67 -29 -228 -176 -225 -151 15 6 45 100 -63 -42 -45 225 219 -199 -121 93 -198 -61 -235 48 -95 -86 136 -179 -71 163 -194 -178 -168 -241 134 -107 -208 143 -100 62 10 -14 185 -82 -79 -62 120 55 226 215 -131 -50 -133 -34 -154 -216 -114 82 -181 -180 -247 224 179 -140 -230 -210 173 137 166 -54 201 -143 -213 66 -109 -217 18 59 -188 83 -46 172 125 238 46 -108 -47 -165 161 -120 232 -39 11 -102 -69 -30 -163 124 71 170 -183 218 -172 240 109 202 -99 -130 196 -129 -23 233 -66 -20 -44 95 235 -160 -72 38 72 -18 203 193 -52 -220 -118 47 184 -6 -186 17 65 -111 248 -60 190 -110 56 -162 74 108 20 -238 -197 162 146 -17 -242 78 -205 -231 212 211 -195 -22 157 94 145 98 -92 197 70 99 -106 119 -89 -153 110 -88 207 -125 -146 87 -167 -53 181 217 101 2 -157 -192 -149 -73 -119 8 -74 79 -245 69 90 -141 -87 192 152 121 -81 135 -93 -58 175 -136 178 -145 67 111 14 -200 -134 195 -243 -75 221 234 -12 -31 -232 214 -33 -94 -189 139 168 63 107 147 -4 -161 -174 -85 209 -90 228 49 144 133 -15 96 75 -212 -224 -1 -229 88 53 -38 208 -5 -24 -166 -249 247 -37 -236 -26 239 -126 191 182 57 -35 -68 -148 -234 106 -137 68 130 -164 -7 -128 -150 -10 200 129 80 186 126 174 -139 131 -41 194 4 244 -227 16 9 223 -226 -116 122 -9 -215 -223 32 -55 -138 -59 -158 -27 42 249 -127 -98 -117 164 -209 154 -193 -13 -142 -169 -8 25 231 -135 -246 148 149 -177 159 -57 -3 117 243 -96 -112 51 -237 -156 24 112 -218 -25 123 -21 246 -144 -65 132 -240 -239 158 -101 -191 -83 198 156 180 241 140 77 -49 229 -219 -171 -233 -103 91 -187 205 -211 113 105 237 116 89 3 199 -84 -113 -91 29 -78 -76 230 43 204 115 242 -147 -64 12 -159 -19 -244 -170 5 -184 213 92 34 76 -124 -222 -221 -152 -16 21 1 33 160 -104 -190 -28 37 81 58 220 -122 176 30 44 
TEST 63 ARG:-209 118 -171 -221 -4 -190 130 -5 16 59 -120 232 -183 105 -89 235 -165 234 -243 -37 -236 -176 -35 -141 -128 23 5 -23 -207 -7 -156 -25 -229 -189 218 -82 40 -210 211 36 27 -92 -34 70 -152 139 -13 125 144 156 176 154 -175 -109 -234 151 160 100 7 63 -217 -167 -97 -27 109 -61 -180 190 103 173 3 -121 -172 -9 57 214 93 -135 83 -125 184 -232 -86 136 -204 -84 -87 -226 -22 6 26 -218 19 11 -42 33 -195 152 66 -74 181 -119 110 -57 44 -192 178 51 -88 121 -91 28 -21 202 48 -75 41 -8 55 -112 -98 113 -6 237 194 247 98 114 -161 74 246 -160 205 187 34 -115 -235 12 185 -211 56 167 -31 42 129 210 29 -215 189 97 191 148 89 -26 -60 240 206 203 -129 -222 -51 -45 101 196 231 -80 45 153 141 133 62 197 -224 80 -225 -105 -123 -168 241 138 164 122 -38 -164 193 68 227 147 -100 0 -239 -28 -95 -149 -94 165 -130 -118 75 -58 -18 -143 -203 -54 13 96 -191 95 135 -184 -124 2 -166 192 54 -237 226 -170 221 243 -158 -249 -67 225 94 216 177 166 18 60 -219 8 -62 162 -96 213 224 -138 236 229 -146 9 -188 87 -214 228 22 199 -157 127 -197 132 -198 -55 -114 -19 65 -90 -173 -29 43 -144 179 -20 -15 35 123 -93 188 248 149 -113 -242 -162 -185 -145 85 32 128 77 -213 -14 212 -201 171 -107 58 -233 -85 15 -140 49 198 -139 30 -169 -44 233 -3 -81 -48 -43 88 -56 -36 106 -73 -247 82 -186 67 159 -72 -227 -77 131 -231 -133 172 -241 47 38 92 -122 -208 61 174 -245 223 208 -69 -110 158 10 -246 24 217 -104 -83 134 -182 207 -76 84 -248 170 37 69 220 146 -199 4 111 -230 -46 204 -126 168 -244 91 242 20 145 137 -106 -24 175 86 -202 -179 155 -131 -59 90 119 -187 116 -178 180 -220 112 -99 -50 -193 -196 -174 -159 -134 -142 201 73 71 -147 161 -30 157 25 -103 115 -64 -40 169 50 -111 -1 -16 -137 -181 1 -39 -132 -194 78 -200 142 -68 -155 -250 102 76 215 222 -117 120 -206 -240 -11 72 183 99 -79 -127 -78 39 124 108 104 -151 53 17 200 140 -205 -150 -10 -52 -153 81 52 64 -154 150 -223 -212 -33 -32 -63 -136 21 -71 -177 -116 79 117 -216 -238 -66 -2 -101 209 46 -108 -47 -102 126 219 244 230 249 195 -17 -228 -53 245 107 238 182 239 -163 31 14 -12 186 -41 -70 143 163 -65 -49 -148 
TEST 63 ARG:-209 118 -171 -221 -4 -190 130 -5 16 59 -120 232 -183 105 -89 235 -165 234 -243 -37 -236 -176 -35 -141 -128 23 5 -23 -207 -7 -156 -25 -229 -189 218 -82 40 -210 211 36 27 -92 -34 70 -152 139 -13 125 144 156 176 154 -175 -109 -234 151 160 100 7 63 -217 -167 -97 -27 109 -61 -180 190 103 173 3 -121 -172 -9 57 214 93 -135 83 -125 184 -232 -86 136 -204 -84 -87 -226 -22 6 26 -218 19 11 -42 33 -195 152 66 -74 181 -119 110 -57 44 -192 178 51 -88 121 -91 28 -21 202 48 -75 41 -8 55 -112 -98 113 -6 237 194 247 98 114 -161 74 246 -160 205 187 34 -115 -235 12 185 -211 56 167 -31 42 129 210 29 -215 189 97 191 148 89 -26 -60 240 206 203 -129 -222 -51 -45 101 196 231 -80 45 153 141 133 62 197 -224 80 -225 -105 -123 -168 241 138 164 122 -38 -164 193 68 227 147 -100 0 -239 -28 -95 -149 -94 165 -130 -118 75 -58 -18 -143 -203 -54 13 96 -191 95 135 -184 -124 2 -166 192 54 -237 226 -170 221 243 -158 -249 -67 225 94 216 177 166 18 60 -219 8 -62 162 -96 213 224 -138 236 229 -146 9 -188 87 -214 228 22 199 -157 127 -197 132 -198 -55 -114 -19 65 -90 -173 -29 43 -144 179 -20 -15 35 123 -93 188 248 149 -113 -242 -162 -185 -145 85 32 128 77 -213 -14 212 -201 171 -107 58 -233 -85 15 -140 49 198 -139 30 -169 -44 233 -3 -81 -48 -43 88 -56 -36 106 -73 -247 82 -186 67 159 -72 -227 -77 131 -231 -133 172 -241 47 38 92 -122 -208 61 174 -245 223 208 -69 -110 158 10 -246 24 217 -104 -83 134 -182 207 -76 84 -248 170 37 69 220 146 -199 4 111 -230 -46 204 -126 168 -244 91 242 20 145 137 -106 -24 175 86 -202 -179 155 -131 -59 90 119 -187 116 -178 180 -220 112 -99 -50 -193 -196 -174 -159 -134 -142 201 73 71 -147 161 -30 157 25 -103 115 -64 -40 169 50 -111 -1 -16 -137 -181 1 -39 -132 -194 78 -200 142 -68 -155 -250 102 76 215 222 -117 120 -206 -240 -11 72 183 99 -79 -127 -78 39 124 108 104 -151 53 17 200 140 -205 -150 -10 -52 -153 81 52 64 -154 150 -223 -212 -33 -32 -63 -136 21 -71 -177 -116 79 117 -216 -238 -66 -2 -101 209 46 -108 -47 -102 126 219 244 230 249 195 -17 -228 -53 245 107 238 182 239 -163 31 14 -12 186 -41 -70 143 163 -65 -49 -148 
TEST 64 ARG:132 -209 -117 98 36 -205 83 203 -65 27 210 44 -212 208 117 66 -34 41 -167 142 -249 76 215 -81 42 40 -208 -125 -25 -179 -245 -123 -201 -80 161 -57 16 -174 111 -107 139 -63 37 -213 244 3 179 -140 178 -126 -136 133 -206 141 70 -210 -226 214 -3 232 -52 -180 45 58 -225 -231 8 -148 -5 -15 204 -191 248 128 1 86 -247 -135 92 89 -56 2 220 174 93 -36 -7 176 -142 -222 -158 -85 -236 -105 -20 -233 242 -133 164 173 51 -75 24 246 80 -185 -113 -134 -95 -155 -40 -137 185 201 -192 -182 -160 177 -97 91 -227 -53 -59 197 -122 -146 107 202 7 -121 -108 223 -237 108 90 216 120 157 25 113 122 -172 39 -37 72 101 116 137 -162 -109 99 131 -83 79 -96 148 149 -64 -216 109 188 -111 -14 222 -211 169 -79 -149 -129 94 228 -103 48 212 -39 125 -214 191 -10 110 -248 52 -91 243 46 -72 -228 195 226 32 64 213 -66 100 -100 -49 207 -183 -82 -127 -17 -184 181 -138 209 123 -230 43 60 211 -156 182 -13 55 35 186 -153 134 102 -9 165 229 71 153 126 -8 -130 236 -223 -16 -86 -240 12 -220 198 241 154 127 -98 -90 -38 124 87 15 237 -141 -21 -77 151 -238 -168 -154 224 -78 129 38 206 168 -70 67 -94 239 183 5 -178 156 97 150 -188 -193 -23 29 61 -41 218 205 -244 146 -18 28 -76 69 192 -45 54 143 163 -221 -235 130 194 14 -60 -50 -30 4 -110 170 -62 -170 -152 -73 77 -187 49 30 190 -157 -48 47 -116 -106 135 -6 -131 -35 -47 184 -207 -44 84 13 -54 -163 -246 -119 166 -190 230 -145 85 9 -171 6 -197 -165 19 180 221 -189 -68 53 18 -31 -199 160 217 196 20 31 103 -175 50 -159 -42 -144 -87 231 -88 106 -1 -118 136 -176 225 104 78 -218 68 -89 118 74 -92 234 145 140 240 112 -215 -71 -61 -198 -19 -234 -27 -11 -150 -114 -200 189 199 193 34 -139 73 -203 227 121 -164 -4 -217 -33 -93 23 -194 -202 95 -250 -151 -204 158 88 82 -120 -196 -24 26 119 -181 -161 147 144 -55 63 -112 138 81 22 -99 167 -43 -132 -224 114 10 -32 -241 238 247 11 -29 -26 -115 -243 -2 105 172 162 115 -104 -22 -124 -219 -169 187 -242 21 219 -84 152 -173 -102 -74 245 -229 233 -177 75 -232 33 -186 175 -147 96 62 -143 -67 59 -12 -128 249 -239 -28 -51 -195 -58 159 -69 -101 65 200 155 171 235 -166 17 -46 57 56 0 
TEST 64 ARG:132 -209 -117 98 36 -205 83 203 -65 27 210 44 -212 208 117 66 -34 41 -167 142 -249 76 215 -81 42 40 -208 -125 -25 -179 -245 -123 -201 -80 161 -57 16 -174 111 -107 139 -63 37 -213 244 3 179 -140 178 -126 -136 133 -206 141 70 -210 -226 214 -3 232 -52 -180 45 58 -225 -231 8 -148 -5 -15 204 -191 248 128 1 86 -247 -135 92 89 -56 2 220 174 93 -36 -7 176 -142 -222 -158 -85 -236 -105 -20 -233 242 -133 164 173 51 -75 24 246 80 -185 -113 -134 -95 -155 -40 -137 185 201 -192 -182 -160 177 -97 91 -227 -53 -59 197 -122 -146 107 202 7 -121 -108 223 -237 108 90 216 120 157 25 113 122 -172 39 -37 72 101 116 137 -162 -109 99 131 -83 79 -96 148 149 -64 -216 109 188 -111 -14 222 -211 169 -79 -149 -129 94 228 -103 48 212 -39 125 -214 191 -10 110 -248 52 -91 243 46 -72 -228 195 226 32 64 213 -66 100 -100 -49 207 -183 -82 -127 -17 -184 181 -138 209 123 -230 43 60 211 -156 182 -13 55 35 186 -153 134 102 -9 165 229 71 153 126 -8 -130 236 -223 -16 -86 -240 12 -220 198 241 154 127 -98 -90 -38 124 87 15 237 -141 -21 -77 151 -238 -168 -154 224 -78 129 38 206 168 -70 67 -94 239 183 5 -178 156 97 150 -188 -193 -23 29 61 -41 218 205 -244 146 -18 28 -76 69 192 -45 54 143 163 -221 -235 130 194 14 -60 -50 -30 4 -110 170 -62 -170 -152 -73 77 -187 49 30 190 -157 -48 47 -116 -106 135 -6 -131 -35 -47 184 -207 -44 84 13 -54 -163 -246 -119 166 -190 230 -145 85 9 -171 6 -197 -165 19 180 221 -189 -68 53 18 -31 -199 160 217 196 20 31 103 -175 50 -159 -42 -144 -87 231 -88 106 -1 -118 136 -176 225 104 78 -218 68 -89 118 74 -92 234 145 140 240 112 -215 -71 -61 -198 -19 -234 -27 -11 -150 -114 -200 189 199 193 34 -139 73 -203 227 121 -164 -4 -217 -33 -93 23 -194 -202 95 -250 -151 -204 158 88 82 -120 -196 -24 26 119 -181 -161 147 144 -55 63 -112 138 81 22 -99 167 -43 -132 -224 114 10 -32 -241 238 247 11 -29 -26 -115 -243 -2 105 172 162 115 -104 -22 -124 -219 -169 187 -242 21 219 -84 152 -173 -102 -74 245 -229 233 -177 75 -232 33 -186 175 -147 96 62 -143 -67 59 -12 -128 249 -239 -28 -51 -195 -58 159 -69 -101 65 200 155 171 235 -166 17 -46 57 56 0 
TEST 65 ARG:-191 -26 -14 66 -125 -166 201 -135 151 95 -171 23 241 -233 1 -226 242 240 37 -70 19 6 -167 92 -111 4 -152 -146 0 -4 -165 222 173 -202 -90 127 205 -177 123 -170 -237 34 -80 -89 157 199 82 128 -175 14 224 122 177 3 -107 -142 -52 -224 17 -50 106 -229 -64 117 -192 -97 111 175 219 -208 -153 -159 144 208 189 220 -186 31 -113 186 110 165 65 -185 46 -9 11 -93 -209 40 132 -36 81 -240 -27 -65 94 -134 -189 -118 105 -23 230 84 195 -238 77 -200 -245 44 121 214 73 42 -136 -109 236 247 -72 -94 -17 39 54 -105 227 216 -69 -163 -201 10 -7 86 -145 155 38 -82 -154 167 -58 243 -182 75 -157 -216 -84 -108 59 -221 -197 197 200 193 55 -248 -59 213 -110 78 -60 -179 246 -48 27 -129 -120 -210 -231 -77 -147 -115 196 120 152 153 150 -76 188 138 187 207 112 -215 133 147 104 12 -88 36 -149 172 180 137 126 -133 62 -160 -230 225 -42 88 234 -67 -43 16 114 -66 -180 100 7 71 102 140 35 -62 91 -126 148 -184 -168 -124 -181 -96 29 47 33 87 -155 -222 -130 -8 212 -164 134 223 -144 -18 -190 -114 57 -92 162 211 -41 238 -199 97 -15 107 -128 171 -53 178 51 -183 -132 -112 -45 -100 -75 -34 -98 108 149 -205 -22 -236 -127 24 160 -141 -21 -51 -188 67 -83 -38 -28 -219 85 101 115 170 -117 -220 -131 -91 210 -204 161 103 -47 -206 -151 -104 53 -213 -244 244 146 203 -250 -31 15 -138 -121 166 217 181 -30 32 -223 90 235 -139 -246 56 25 -44 -5 -61 218 -174 -161 136 80 52 -196 -225 -95 22 139 49 -211 21 -78 83 -242 229 198 -193 233 43 182 -63 232 184 93 215 168 89 -54 191 -106 -195 98 164 13 -68 -81 -235 99 -194 76 -198 145 -123 -169 -40 -20 -25 -57 18 169 119 -148 -49 30 -87 74 209 192 130 -32 68 -172 -1 163 70 249 174 206 -10 -56 -39 -217 -86 -158 -33 -101 -227 143 -156 -35 -37 -24 -173 -243 72 -13 50 -16 2 183 -19 231 129 -140 -178 -228 45 79 221 228 -103 113 63 -241 41 -162 20 116 -71 202 -207 -102 131 118 158 -176 -11 124 -6 -79 185 61 5 -85 -187 60 194 154 -12 204 -137 8 48 58 245 237 -55 -3 141 239 -247 226 -218 -214 69 176 -249 -203 -116 159 -73 -150 -232 156 64 -99 248 -143 -29 179 -212 190 -122 125 -234 142 109 -46 -2 -239 135 28 -74 9 -119 96 26 
TEST 65 ARG:-191 -26 -14 66 -125 -166 201 -135 151 95 -171 23 241 -233 1 -226 242 240 37 -70 19 6 -167 92 -111 4 -152 -146 0 -4 -165 222 173 -202 -90 127 205 -177 123 -170 -237 34 -80 -89 157 199 82 128 -175 14 224 122 177 3 -107 -142 -52 -224 17 -50 106 -229 -64 117 -192 -97 111 175 219 -208 -153 -159 144 208 189 220 -186 31 -113 186 110 165 65 -185 46 -9 11 -93 -209 40 132 -36 81 -240 -27 -65 94 -134 -189 -118 105 -23 230 84 195 -238 77 -200 -245 44 121 214 73 42 -136 -109 236 247 -72 -94 -17 39 54 -105 227 216 -69 -163 -201 10 -7 86 -145 155 38 -82 -154 167 -58 243 -182 75 -157 -216 -84 -108 59 -221 -197 197 200 193 55 -248 -59 213 -110 78 -60 -179 246 -48 27 -129 -120 -210 -231 -77 -147 -115 196 120 152 153 150 -76 188 138 187 207 112 -215 133 147 104 12 -88 36 -149 172 180 137 126 -133 62 -160 -230 225 -42 88 234 -67 -43 16 114 -66 -180 100 7 71 102 140 35 -62 91 -126 148 -184 -168 -124 -181 -96 29 47 33 87 -155 -222 -130 -8 212 -164 134 223 -144 -18 -190 -114 57 -92 162 211 -41 238 -199 97 -15 107 -128 171 -53 178 51 -183 -132 -112 -45 -100 -75 -34 -98 108 149 -205 -22 -236 -127 24 160 -141 -21 -51 -188 67 -83 -38 -28 -219 85 101 115 170 -117 -220 -131 -91 210 -204 161 103 -47 -206 -151 -104 53 -213 -244 244 146 203 -250 -31 15 -138 -121 166 217 181 -30 32 -223 90 235 -139 -246 56 25 -44 -5 -61 218 -174 -161 136 80 52 -196 -225 -95 22 139 49 -211 21 -78 83 -242 229 198 -193 233 43 182 -63 232 184 93 215 168 89 -54 191 -106 -195 98 164 13 -68 -81 -235 99 -194 76 -198 145 -123 -169 -40 -20 -25 -57 18 169 119 -148 -49 30 -87 74 209 192 130 -32 68 -172 -1 163 70 249 174 206 -10 -56 -39 -217 -86 -158 -33 -101 -227 143 -156 -35 -37 -24 -173 -243 72 -13 50 -16 2 183 -19 231 129 -140 -178 -228 45 79 221 228 -103 113 63 -241 41 -162 20 116 -71 202 -207 -102 131 118 158 -176 -11 124 -6 -79 185 61 5 -85 -187 60 194 154 -12 204 -137 8 48 58 245 237 -55 -3 141 239 -247 226 -218 -214 69 176 -249 -203 -116 159 -73 -150 -232 156 64 -99 248 -143 -29 179 -212 190 -122 125 -234 142 109 -46 -2 -239 135 28 -74 9 -119 96 26 
